family,pair,src,donor,layer,acc_src,acc_donor,other
nonce,repetition->prepend_first,repetition,prepend_first,0,0.0,0.0,1.0
nonce,repetition->prepend_first,repetition,prepend_first,1,0.0,0.0,1.0
nonce,repetition->prepend_first,repetition,prepend_first,2,0.0,0.0,1.0
nonce,repetition->prepend_first,repetition,prepend_first,3,0.0,0.0,1.0
nonce,repetition->prepend_first,repetition,prepend_first,4,0.0,0.0,1.0
nonce,repetition->prepend_first,repetition,prepend_first,5,0.0,0.0,1.0
nonce,repetition->prepend_first,repetition,prepend_first,6,0.0,0.0,1.0
nonce,repetition->prepend_first,repetition,prepend_first,7,0.0,0.0,1.0
nonce,repetition->prepend_first,repetition,prepend_first,8,0.0,0.0,1.0
nonce,repetition->prepend_first,repetition,prepend_first,9,0.0,0.0,1.0
nonce,repetition->prepend_first,repetition,prepend_first,10,0.0,0.0,1.0
nonce,repetition->prepend_first,repetition,prepend_first,11,0.0,0.0,1.0
nonce,repetition->prepend_first,repetition,prepend_first,12,0.0,0.0,1.0
nonce,repetition->prepend_first,repetition,prepend_first,13,0.0,0.0,1.0
nonce,repetition->prepend_first,repetition,prepend_first,14,0.0,0.0,1.0
nonce,repetition->prepend_first,repetition,prepend_first,15,0.0,0.0,1.0
nonce,repetition->prepend_first,repetition,prepend_first,16,0.0,0.0,1.0
nonce,repetition->prepend_first,repetition,prepend_first,17,0.0,0.0,1.0
nonce,repetition->prepend_first,repetition,prepend_first,18,0.0,0.0,1.0
nonce,repetition->prepend_first,repetition,prepend_first,19,0.0,0.0,1.0
nonce,repetition->prepend_first,repetition,prepend_first,20,0.0,0.0,1.0
nonce,repetition->prepend_first,repetition,prepend_first,21,0.0,0.0,1.0
nonce,repetition->prepend_first,repetition,prepend_first,22,0.0,0.0,1.0
nonce,repetition->prepend_first,repetition,prepend_first,23,0.0,0.0,1.0
nonce,repetition->prepend_first,repetition,prepend_first,24,0.0,0.0,1.0
nonce,repetition->prepend_first,repetition,prepend_first,25,0.0,0.0,1.0
nonce,repetition->prepend_first,repetition,prepend_first,26,0.0,0.0,1.0
nonce,repetition->prepend_first,repetition,prepend_first,27,0.0,0.0,1.0
nonce,repetition->append_last,repetition,append_last,0,0.0,0.0,1.0
nonce,repetition->append_last,repetition,append_last,1,0.0,0.0,1.0
nonce,repetition->append_last,repetition,append_last,2,0.0,0.0,1.0
nonce,repetition->append_last,repetition,append_last,3,0.0,0.0,1.0
nonce,repetition->append_last,repetition,append_last,4,0.0,0.0,1.0
nonce,repetition->append_last,repetition,append_last,5,0.0,0.0,1.0
nonce,repetition->append_last,repetition,append_last,6,0.0,0.0,1.0
nonce,repetition->append_last,repetition,append_last,7,0.0,0.0,1.0
nonce,repetition->append_last,repetition,append_last,8,0.0,0.0,1.0
nonce,repetition->append_last,repetition,append_last,9,0.0,0.0,1.0
nonce,repetition->append_last,repetition,append_last,10,0.0,0.0,1.0
nonce,repetition->append_last,repetition,append_last,11,0.0,0.0,1.0
nonce,repetition->append_last,repetition,append_last,12,0.0,0.0,1.0
nonce,repetition->append_last,repetition,append_last,13,0.0,0.0,1.0
nonce,repetition->append_last,repetition,append_last,14,0.0,0.0,1.0
nonce,repetition->append_last,repetition,append_last,15,0.0,0.0,1.0
nonce,repetition->append_last,repetition,append_last,16,0.0,0.0,1.0
nonce,repetition->append_last,repetition,append_last,17,0.0,0.0,1.0
nonce,repetition->append_last,repetition,append_last,18,0.0,0.0,1.0
nonce,repetition->append_last,repetition,append_last,19,0.0,0.0,1.0
nonce,repetition->append_last,repetition,append_last,20,0.0,0.0,1.0
nonce,repetition->append_last,repetition,append_last,21,0.0,0.0,1.0
nonce,repetition->append_last,repetition,append_last,22,0.0,0.0,1.0
nonce,repetition->append_last,repetition,append_last,23,0.0,0.0,1.0
nonce,repetition->append_last,repetition,append_last,24,0.0,0.0,1.0
nonce,repetition->append_last,repetition,append_last,25,0.0,0.0,1.0
nonce,repetition->append_last,repetition,append_last,26,0.0,0.0,1.0
nonce,repetition->append_last,repetition,append_last,27,0.0,0.0,1.0
nonce,repetition->drop_first,repetition,drop_first,0,0.0,0.0,1.0
nonce,repetition->drop_first,repetition,drop_first,1,0.0,0.0,1.0
nonce,repetition->drop_first,repetition,drop_first,2,0.0,0.0,1.0
nonce,repetition->drop_first,repetition,drop_first,3,0.0,0.0,1.0
nonce,repetition->drop_first,repetition,drop_first,4,0.0,0.0,1.0
nonce,repetition->drop_first,repetition,drop_first,5,0.0,0.0,1.0
nonce,repetition->drop_first,repetition,drop_first,6,0.0,0.0,1.0
nonce,repetition->drop_first,repetition,drop_first,7,0.0,0.0,1.0
nonce,repetition->drop_first,repetition,drop_first,8,0.0,0.0,1.0
nonce,repetition->drop_first,repetition,drop_first,9,0.0,0.0,1.0
nonce,repetition->drop_first,repetition,drop_first,10,0.0,0.0,1.0
nonce,repetition->drop_first,repetition,drop_first,11,0.0,0.0,1.0
nonce,repetition->drop_first,repetition,drop_first,12,0.0,0.0,1.0
nonce,repetition->drop_first,repetition,drop_first,13,0.0,0.0,1.0
nonce,repetition->drop_first,repetition,drop_first,14,0.0,0.0,1.0
nonce,repetition->drop_first,repetition,drop_first,15,0.0,0.0,1.0
nonce,repetition->drop_first,repetition,drop_first,16,0.0,0.0,1.0
nonce,repetition->drop_first,repetition,drop_first,17,0.0,0.0,1.0
nonce,repetition->drop_first,repetition,drop_first,18,0.0,0.0,1.0
nonce,repetition->drop_first,repetition,drop_first,19,0.0,0.0,1.0
nonce,repetition->drop_first,repetition,drop_first,20,0.0,0.0,1.0
nonce,repetition->drop_first,repetition,drop_first,21,0.0,0.0,1.0
nonce,repetition->drop_first,repetition,drop_first,22,0.0,0.0,1.0
nonce,repetition->drop_first,repetition,drop_first,23,0.0,0.0,1.0
nonce,repetition->drop_first,repetition,drop_first,24,0.0,0.0,1.0
nonce,repetition->drop_first,repetition,drop_first,25,0.0,0.0,1.0
nonce,repetition->drop_first,repetition,drop_first,26,0.0,0.0,1.0
nonce,repetition->drop_first,repetition,drop_first,27,0.0,0.0,1.0
nonce,repetition->drop_last,repetition,drop_last,0,0.0,0.0,1.0
nonce,repetition->drop_last,repetition,drop_last,1,0.0,0.0,1.0
nonce,repetition->drop_last,repetition,drop_last,2,0.0,0.0,1.0
nonce,repetition->drop_last,repetition,drop_last,3,0.0,0.0,1.0
nonce,repetition->drop_last,repetition,drop_last,4,0.0,0.0,1.0
nonce,repetition->drop_last,repetition,drop_last,5,0.0,0.0,1.0
nonce,repetition->drop_last,repetition,drop_last,6,0.0,0.0,1.0
nonce,repetition->drop_last,repetition,drop_last,7,0.0,0.0,1.0
nonce,repetition->drop_last,repetition,drop_last,8,0.0,0.0,1.0
nonce,repetition->drop_last,repetition,drop_last,9,0.0,0.0,1.0
nonce,repetition->drop_last,repetition,drop_last,10,0.0,0.0,1.0
nonce,repetition->drop_last,repetition,drop_last,11,0.0,0.0,1.0
nonce,repetition->drop_last,repetition,drop_last,12,0.0,0.0,1.0
nonce,repetition->drop_last,repetition,drop_last,13,0.0,0.0,1.0
nonce,repetition->drop_last,repetition,drop_last,14,0.0,0.0,1.0
nonce,repetition->drop_last,repetition,drop_last,15,0.0,0.0,1.0
nonce,repetition->drop_last,repetition,drop_last,16,0.0,0.0,1.0
nonce,repetition->drop_last,repetition,drop_last,17,0.0,0.0,1.0
nonce,repetition->drop_last,repetition,drop_last,18,0.0,0.0,1.0
nonce,repetition->drop_last,repetition,drop_last,19,0.0,0.0,1.0
nonce,repetition->drop_last,repetition,drop_last,20,0.0,0.0,1.0
nonce,repetition->drop_last,repetition,drop_last,21,0.0,0.0,1.0
nonce,repetition->drop_last,repetition,drop_last,22,0.0,0.0,1.0
nonce,repetition->drop_last,repetition,drop_last,23,0.0,0.0,1.0
nonce,repetition->drop_last,repetition,drop_last,24,0.0,0.0,1.0
nonce,repetition->drop_last,repetition,drop_last,25,0.0,0.0,1.0
nonce,repetition->drop_last,repetition,drop_last,26,0.0,0.0,1.0
nonce,repetition->drop_last,repetition,drop_last,27,0.0,0.0,1.0
nonce,repetition->reverse,repetition,reverse,0,0.0,0.0,1.0
nonce,repetition->reverse,repetition,reverse,1,0.0,0.0,1.0
nonce,repetition->reverse,repetition,reverse,2,0.0,0.0,1.0
nonce,repetition->reverse,repetition,reverse,3,0.0,0.0,1.0
nonce,repetition->reverse,repetition,reverse,4,0.0,0.0,1.0
nonce,repetition->reverse,repetition,reverse,5,0.0,0.0,1.0
nonce,repetition->reverse,repetition,reverse,6,0.0,0.0,1.0
nonce,repetition->reverse,repetition,reverse,7,0.0,0.0,1.0
nonce,repetition->reverse,repetition,reverse,8,0.0,0.0,1.0
nonce,repetition->reverse,repetition,reverse,9,0.0,0.0,1.0
nonce,repetition->reverse,repetition,reverse,10,0.0,0.0,1.0
nonce,repetition->reverse,repetition,reverse,11,0.0,0.0,1.0
nonce,repetition->reverse,repetition,reverse,12,0.0,0.0,1.0
nonce,repetition->reverse,repetition,reverse,13,0.0,0.0,1.0
nonce,repetition->reverse,repetition,reverse,14,0.0,0.0,1.0
nonce,repetition->reverse,repetition,reverse,15,0.0,0.0,1.0
nonce,repetition->reverse,repetition,reverse,16,0.0,0.0,1.0
nonce,repetition->reverse,repetition,reverse,17,0.0,0.0,1.0
nonce,repetition->reverse,repetition,reverse,18,0.0,0.0,1.0
nonce,repetition->reverse,repetition,reverse,19,0.0,0.0,1.0
nonce,repetition->reverse,repetition,reverse,20,0.0,0.0,1.0
nonce,repetition->reverse,repetition,reverse,21,0.0,0.0,1.0
nonce,repetition->reverse,repetition,reverse,22,0.0,0.0,1.0
nonce,repetition->reverse,repetition,reverse,23,0.0,0.0,1.0
nonce,repetition->reverse,repetition,reverse,24,0.0,0.0,1.0
nonce,repetition->reverse,repetition,reverse,25,0.0,0.0,1.0
nonce,repetition->reverse,repetition,reverse,26,0.0,0.0,1.0
nonce,repetition->reverse,repetition,reverse,27,0.0,0.0,1.0
nonce,repetition->swap_ends,repetition,swap_ends,0,0.0,0.0,1.0
nonce,repetition->swap_ends,repetition,swap_ends,1,0.0,0.0,1.0
nonce,repetition->swap_ends,repetition,swap_ends,2,0.0,0.0,1.0
nonce,repetition->swap_ends,repetition,swap_ends,3,0.0,0.0,1.0
nonce,repetition->swap_ends,repetition,swap_ends,4,0.0,0.0,1.0
nonce,repetition->swap_ends,repetition,swap_ends,5,0.0,0.0,1.0
nonce,repetition->swap_ends,repetition,swap_ends,6,0.0,0.0,1.0
nonce,repetition->swap_ends,repetition,swap_ends,7,0.0,0.0,1.0
nonce,repetition->swap_ends,repetition,swap_ends,8,0.0,0.0,1.0
nonce,repetition->swap_ends,repetition,swap_ends,9,0.0,0.0,1.0
nonce,repetition->swap_ends,repetition,swap_ends,10,0.0,0.0,1.0
nonce,repetition->swap_ends,repetition,swap_ends,11,0.0,0.0,1.0
nonce,repetition->swap_ends,repetition,swap_ends,12,0.0,0.0,1.0
nonce,repetition->swap_ends,repetition,swap_ends,13,0.0,0.0,1.0
nonce,repetition->swap_ends,repetition,swap_ends,14,0.0,0.0,1.0
nonce,repetition->swap_ends,repetition,swap_ends,15,0.0,0.0,1.0
nonce,repetition->swap_ends,repetition,swap_ends,16,0.0,0.0,1.0
nonce,repetition->swap_ends,repetition,swap_ends,17,0.0,0.0,1.0
nonce,repetition->swap_ends,repetition,swap_ends,18,0.0,0.0,1.0
nonce,repetition->swap_ends,repetition,swap_ends,19,0.0,0.0,1.0
nonce,repetition->swap_ends,repetition,swap_ends,20,0.0,0.0,1.0
nonce,repetition->swap_ends,repetition,swap_ends,21,0.0,0.0,1.0
nonce,repetition->swap_ends,repetition,swap_ends,22,0.0,0.0,1.0
nonce,repetition->swap_ends,repetition,swap_ends,23,0.0,0.0,1.0
nonce,repetition->swap_ends,repetition,swap_ends,24,0.0,0.0,1.0
nonce,repetition->swap_ends,repetition,swap_ends,25,0.0,0.0,1.0
nonce,repetition->swap_ends,repetition,swap_ends,26,0.0,0.0,1.0
nonce,repetition->swap_ends,repetition,swap_ends,27,0.0,0.0,1.0
nonce,repetition->rotate_left,repetition,rotate_left,0,0.0,0.0,1.0
nonce,repetition->rotate_left,repetition,rotate_left,1,0.0,0.0,1.0
nonce,repetition->rotate_left,repetition,rotate_left,2,0.0,0.0,1.0
nonce,repetition->rotate_left,repetition,rotate_left,3,0.0,0.0,1.0
nonce,repetition->rotate_left,repetition,rotate_left,4,0.0,0.0,1.0
nonce,repetition->rotate_left,repetition,rotate_left,5,0.0,0.0,1.0
nonce,repetition->rotate_left,repetition,rotate_left,6,0.0,0.0,1.0
nonce,repetition->rotate_left,repetition,rotate_left,7,0.0,0.0,1.0
nonce,repetition->rotate_left,repetition,rotate_left,8,0.0,0.0,1.0
nonce,repetition->rotate_left,repetition,rotate_left,9,0.0,0.0,1.0
nonce,repetition->rotate_left,repetition,rotate_left,10,0.0,0.0,1.0
nonce,repetition->rotate_left,repetition,rotate_left,11,0.0,0.0,1.0
nonce,repetition->rotate_left,repetition,rotate_left,12,0.0,0.0,1.0
nonce,repetition->rotate_left,repetition,rotate_left,13,0.0,0.0,1.0
nonce,repetition->rotate_left,repetition,rotate_left,14,0.0,0.0,1.0
nonce,repetition->rotate_left,repetition,rotate_left,15,0.0,0.0,1.0
nonce,repetition->rotate_left,repetition,rotate_left,16,0.0,0.0,1.0
nonce,repetition->rotate_left,repetition,rotate_left,17,0.0,0.0,1.0
nonce,repetition->rotate_left,repetition,rotate_left,18,0.0,0.0,1.0
nonce,repetition->rotate_left,repetition,rotate_left,19,0.0,0.0,1.0
nonce,repetition->rotate_left,repetition,rotate_left,20,0.0,0.0,1.0
nonce,repetition->rotate_left,repetition,rotate_left,21,0.0,0.0,1.0
nonce,repetition->rotate_left,repetition,rotate_left,22,0.0,0.0,1.0
nonce,repetition->rotate_left,repetition,rotate_left,23,0.0,0.0,1.0
nonce,repetition->rotate_left,repetition,rotate_left,24,0.0,0.0,1.0
nonce,repetition->rotate_left,repetition,rotate_left,25,0.0,0.0,1.0
nonce,repetition->rotate_left,repetition,rotate_left,26,0.0,0.0,1.0
nonce,repetition->rotate_left,repetition,rotate_left,27,0.0,0.0,1.0
nonce,repetition->suffix_ed,repetition,suffix_ed,0,0.0,0.0,1.0
nonce,repetition->suffix_ed,repetition,suffix_ed,1,0.0,0.0,1.0
nonce,repetition->suffix_ed,repetition,suffix_ed,2,0.0,0.0,1.0
nonce,repetition->suffix_ed,repetition,suffix_ed,3,0.0,0.0,1.0
nonce,repetition->suffix_ed,repetition,suffix_ed,4,0.0,0.0,1.0
nonce,repetition->suffix_ed,repetition,suffix_ed,5,0.0,0.0,1.0
nonce,repetition->suffix_ed,repetition,suffix_ed,6,0.0,0.0,1.0
nonce,repetition->suffix_ed,repetition,suffix_ed,7,0.0,0.0,1.0
nonce,repetition->suffix_ed,repetition,suffix_ed,8,0.0,0.0,1.0
nonce,repetition->suffix_ed,repetition,suffix_ed,9,0.0,0.0,1.0
nonce,repetition->suffix_ed,repetition,suffix_ed,10,0.0,0.0,1.0
nonce,repetition->suffix_ed,repetition,suffix_ed,11,0.0,0.0,1.0
nonce,repetition->suffix_ed,repetition,suffix_ed,12,0.0,0.0,1.0
nonce,repetition->suffix_ed,repetition,suffix_ed,13,0.0,0.0,1.0
nonce,repetition->suffix_ed,repetition,suffix_ed,14,0.0,0.0,1.0
nonce,repetition->suffix_ed,repetition,suffix_ed,15,0.0,0.0,1.0
nonce,repetition->suffix_ed,repetition,suffix_ed,16,0.0,0.0,1.0
nonce,repetition->suffix_ed,repetition,suffix_ed,17,0.0,0.0,1.0
nonce,repetition->suffix_ed,repetition,suffix_ed,18,0.0,0.0,1.0
nonce,repetition->suffix_ed,repetition,suffix_ed,19,0.0,0.0,1.0
nonce,repetition->suffix_ed,repetition,suffix_ed,20,0.0,0.0,1.0
nonce,repetition->suffix_ed,repetition,suffix_ed,21,0.0,0.0,1.0
nonce,repetition->suffix_ed,repetition,suffix_ed,22,0.0,0.0,1.0
nonce,repetition->suffix_ed,repetition,suffix_ed,23,0.0,0.0,1.0
nonce,repetition->suffix_ed,repetition,suffix_ed,24,0.0,0.0,1.0
nonce,repetition->suffix_ed,repetition,suffix_ed,25,0.0,0.0,1.0
nonce,repetition->suffix_ed,repetition,suffix_ed,26,0.0,0.0,1.0
nonce,repetition->suffix_ed,repetition,suffix_ed,27,0.0,0.0,1.0
nonce,repetition->double_vowels,repetition,double_vowels,0,0.0,0.0,1.0
nonce,repetition->double_vowels,repetition,double_vowels,1,0.0,0.0,1.0
nonce,repetition->double_vowels,repetition,double_vowels,2,0.0,0.0,1.0
nonce,repetition->double_vowels,repetition,double_vowels,3,0.0,0.0,1.0
nonce,repetition->double_vowels,repetition,double_vowels,4,0.0,0.0,1.0
nonce,repetition->double_vowels,repetition,double_vowels,5,0.0,0.0,1.0
nonce,repetition->double_vowels,repetition,double_vowels,6,0.0,0.0,1.0
nonce,repetition->double_vowels,repetition,double_vowels,7,0.0,0.0,1.0
nonce,repetition->double_vowels,repetition,double_vowels,8,0.0,0.0,1.0
nonce,repetition->double_vowels,repetition,double_vowels,9,0.0,0.0,1.0
nonce,repetition->double_vowels,repetition,double_vowels,10,0.0,0.0,1.0
nonce,repetition->double_vowels,repetition,double_vowels,11,0.0,0.0,1.0
nonce,repetition->double_vowels,repetition,double_vowels,12,0.0,0.0,1.0
nonce,repetition->double_vowels,repetition,double_vowels,13,0.0,0.0,1.0
nonce,repetition->double_vowels,repetition,double_vowels,14,0.0,0.0,1.0
nonce,repetition->double_vowels,repetition,double_vowels,15,0.0,0.0,1.0
nonce,repetition->double_vowels,repetition,double_vowels,16,0.0,0.0,1.0
nonce,repetition->double_vowels,repetition,double_vowels,17,0.0,0.0,1.0
nonce,repetition->double_vowels,repetition,double_vowels,18,0.0,0.0,1.0
nonce,repetition->double_vowels,repetition,double_vowels,19,0.0,0.0,1.0
nonce,repetition->double_vowels,repetition,double_vowels,20,0.0,0.0,1.0
nonce,repetition->double_vowels,repetition,double_vowels,21,0.0,0.0,1.0
nonce,repetition->double_vowels,repetition,double_vowels,22,0.0,0.0,1.0
nonce,repetition->double_vowels,repetition,double_vowels,23,0.0,0.0,1.0
nonce,repetition->double_vowels,repetition,double_vowels,24,0.0,0.0,1.0
nonce,repetition->double_vowels,repetition,double_vowels,25,0.0,0.0,1.0
nonce,repetition->double_vowels,repetition,double_vowels,26,0.0,0.0,1.0
nonce,repetition->double_vowels,repetition,double_vowels,27,0.0,0.0,1.0
nonce,prepend_first->repetition,prepend_first,repetition,0,0.0,0.0,1.0
nonce,prepend_first->repetition,prepend_first,repetition,1,0.0,0.0,1.0
nonce,prepend_first->repetition,prepend_first,repetition,2,0.0,0.0,1.0
nonce,prepend_first->repetition,prepend_first,repetition,3,0.0,0.0,1.0
nonce,prepend_first->repetition,prepend_first,repetition,4,0.0,0.0,1.0
nonce,prepend_first->repetition,prepend_first,repetition,5,0.0,0.0,1.0
nonce,prepend_first->repetition,prepend_first,repetition,6,0.0,0.0,1.0
nonce,prepend_first->repetition,prepend_first,repetition,7,0.0,0.0,1.0
nonce,prepend_first->repetition,prepend_first,repetition,8,0.0,0.0,1.0
nonce,prepend_first->repetition,prepend_first,repetition,9,0.0,0.0,1.0
nonce,prepend_first->repetition,prepend_first,repetition,10,0.0,0.0,1.0
nonce,prepend_first->repetition,prepend_first,repetition,11,0.0,0.0,1.0
nonce,prepend_first->repetition,prepend_first,repetition,12,0.0,0.0,1.0
nonce,prepend_first->repetition,prepend_first,repetition,13,0.0,0.0,1.0
nonce,prepend_first->repetition,prepend_first,repetition,14,0.0,0.0,1.0
nonce,prepend_first->repetition,prepend_first,repetition,15,0.0,0.0,1.0
nonce,prepend_first->repetition,prepend_first,repetition,16,0.0,0.0,1.0
nonce,prepend_first->repetition,prepend_first,repetition,17,0.0,0.0,1.0
nonce,prepend_first->repetition,prepend_first,repetition,18,0.0,0.0,1.0
nonce,prepend_first->repetition,prepend_first,repetition,19,0.0,0.0,1.0
nonce,prepend_first->repetition,prepend_first,repetition,20,0.0,0.0,1.0
nonce,prepend_first->repetition,prepend_first,repetition,21,0.0,0.0,1.0
nonce,prepend_first->repetition,prepend_first,repetition,22,0.0,0.0,1.0
nonce,prepend_first->repetition,prepend_first,repetition,23,0.0,0.0,1.0
nonce,prepend_first->repetition,prepend_first,repetition,24,0.0,0.0,1.0
nonce,prepend_first->repetition,prepend_first,repetition,25,0.0,0.0,1.0
nonce,prepend_first->repetition,prepend_first,repetition,26,0.0,0.0,1.0
nonce,prepend_first->repetition,prepend_first,repetition,27,0.0,0.0,1.0
nonce,prepend_first->append_last,prepend_first,append_last,0,0.0,0.0,1.0
nonce,prepend_first->append_last,prepend_first,append_last,1,0.0,0.0,1.0
nonce,prepend_first->append_last,prepend_first,append_last,2,0.0,0.0,1.0
nonce,prepend_first->append_last,prepend_first,append_last,3,0.0,0.0,1.0
nonce,prepend_first->append_last,prepend_first,append_last,4,0.0,0.0,1.0
nonce,prepend_first->append_last,prepend_first,append_last,5,0.0,0.0,1.0
nonce,prepend_first->append_last,prepend_first,append_last,6,0.0,0.0,1.0
nonce,prepend_first->append_last,prepend_first,append_last,7,0.0,0.0,1.0
nonce,prepend_first->append_last,prepend_first,append_last,8,0.0,0.0,1.0
nonce,prepend_first->append_last,prepend_first,append_last,9,0.0,0.0,1.0
nonce,prepend_first->append_last,prepend_first,append_last,10,0.0,0.0,1.0
nonce,prepend_first->append_last,prepend_first,append_last,11,0.0,0.0,1.0
nonce,prepend_first->append_last,prepend_first,append_last,12,0.0,0.0,1.0
nonce,prepend_first->append_last,prepend_first,append_last,13,0.0,0.0,1.0
nonce,prepend_first->append_last,prepend_first,append_last,14,0.0,0.0,1.0
nonce,prepend_first->append_last,prepend_first,append_last,15,0.0,0.0,1.0
nonce,prepend_first->append_last,prepend_first,append_last,16,0.0,0.0,1.0
nonce,prepend_first->append_last,prepend_first,append_last,17,0.0,0.0,1.0
nonce,prepend_first->append_last,prepend_first,append_last,18,0.0,0.0,1.0
nonce,prepend_first->append_last,prepend_first,append_last,19,0.0,0.0,1.0
nonce,prepend_first->append_last,prepend_first,append_last,20,0.0,0.0,1.0
nonce,prepend_first->append_last,prepend_first,append_last,21,0.0,0.0,1.0
nonce,prepend_first->append_last,prepend_first,append_last,22,0.0,0.0,1.0
nonce,prepend_first->append_last,prepend_first,append_last,23,0.0,0.0,1.0
nonce,prepend_first->append_last,prepend_first,append_last,24,0.0,0.0,1.0
nonce,prepend_first->append_last,prepend_first,append_last,25,0.0,0.0,1.0
nonce,prepend_first->append_last,prepend_first,append_last,26,0.0,0.0,1.0
nonce,prepend_first->append_last,prepend_first,append_last,27,0.0,0.0,1.0
nonce,prepend_first->drop_first,prepend_first,drop_first,0,0.0,0.0,1.0
nonce,prepend_first->drop_first,prepend_first,drop_first,1,0.0,0.0,1.0
nonce,prepend_first->drop_first,prepend_first,drop_first,2,0.0,0.0,1.0
nonce,prepend_first->drop_first,prepend_first,drop_first,3,0.0,0.0,1.0
nonce,prepend_first->drop_first,prepend_first,drop_first,4,0.0,0.0,1.0
nonce,prepend_first->drop_first,prepend_first,drop_first,5,0.0,0.0,1.0
nonce,prepend_first->drop_first,prepend_first,drop_first,6,0.0,0.0,1.0
nonce,prepend_first->drop_first,prepend_first,drop_first,7,0.0,0.0,1.0
nonce,prepend_first->drop_first,prepend_first,drop_first,8,0.0,0.0,1.0
nonce,prepend_first->drop_first,prepend_first,drop_first,9,0.0,0.0,1.0
nonce,prepend_first->drop_first,prepend_first,drop_first,10,0.0,0.0,1.0
nonce,prepend_first->drop_first,prepend_first,drop_first,11,0.0,0.0,1.0
nonce,prepend_first->drop_first,prepend_first,drop_first,12,0.0,0.0,1.0
nonce,prepend_first->drop_first,prepend_first,drop_first,13,0.0,0.0,1.0
nonce,prepend_first->drop_first,prepend_first,drop_first,14,0.0,0.0,1.0
nonce,prepend_first->drop_first,prepend_first,drop_first,15,0.0,0.0,1.0
nonce,prepend_first->drop_first,prepend_first,drop_first,16,0.0,0.0,1.0
nonce,prepend_first->drop_first,prepend_first,drop_first,17,0.0,0.0,1.0
nonce,prepend_first->drop_first,prepend_first,drop_first,18,0.0,0.0,1.0
nonce,prepend_first->drop_first,prepend_first,drop_first,19,0.0,0.0,1.0
nonce,prepend_first->drop_first,prepend_first,drop_first,20,0.0,0.0,1.0
nonce,prepend_first->drop_first,prepend_first,drop_first,21,0.0,0.0,1.0
nonce,prepend_first->drop_first,prepend_first,drop_first,22,0.0,0.0,1.0
nonce,prepend_first->drop_first,prepend_first,drop_first,23,0.0,0.0,1.0
nonce,prepend_first->drop_first,prepend_first,drop_first,24,0.0,0.0,1.0
nonce,prepend_first->drop_first,prepend_first,drop_first,25,0.0,0.0,1.0
nonce,prepend_first->drop_first,prepend_first,drop_first,26,0.0,0.0,1.0
nonce,prepend_first->drop_first,prepend_first,drop_first,27,0.0,0.0,1.0
nonce,prepend_first->drop_last,prepend_first,drop_last,0,0.0,0.0,1.0
nonce,prepend_first->drop_last,prepend_first,drop_last,1,0.0,0.0,1.0
nonce,prepend_first->drop_last,prepend_first,drop_last,2,0.0,0.0,1.0
nonce,prepend_first->drop_last,prepend_first,drop_last,3,0.0,0.0,1.0
nonce,prepend_first->drop_last,prepend_first,drop_last,4,0.0,0.0,1.0
nonce,prepend_first->drop_last,prepend_first,drop_last,5,0.0,0.0,1.0
nonce,prepend_first->drop_last,prepend_first,drop_last,6,0.0,0.0,1.0
nonce,prepend_first->drop_last,prepend_first,drop_last,7,0.0,0.0,1.0
nonce,prepend_first->drop_last,prepend_first,drop_last,8,0.0,0.0,1.0
nonce,prepend_first->drop_last,prepend_first,drop_last,9,0.0,0.0,1.0
nonce,prepend_first->drop_last,prepend_first,drop_last,10,0.0,0.0,1.0
nonce,prepend_first->drop_last,prepend_first,drop_last,11,0.0,0.0,1.0
nonce,prepend_first->drop_last,prepend_first,drop_last,12,0.0,0.0,1.0
nonce,prepend_first->drop_last,prepend_first,drop_last,13,0.0,0.0,1.0
nonce,prepend_first->drop_last,prepend_first,drop_last,14,0.0,0.0,1.0
nonce,prepend_first->drop_last,prepend_first,drop_last,15,0.0,0.0,1.0
nonce,prepend_first->drop_last,prepend_first,drop_last,16,0.0,0.0,1.0
nonce,prepend_first->drop_last,prepend_first,drop_last,17,0.0,0.0,1.0
nonce,prepend_first->drop_last,prepend_first,drop_last,18,0.0,0.0,1.0
nonce,prepend_first->drop_last,prepend_first,drop_last,19,0.0,0.0,1.0
nonce,prepend_first->drop_last,prepend_first,drop_last,20,0.0,0.0,1.0
nonce,prepend_first->drop_last,prepend_first,drop_last,21,0.0,0.0,1.0
nonce,prepend_first->drop_last,prepend_first,drop_last,22,0.0,0.0,1.0
nonce,prepend_first->drop_last,prepend_first,drop_last,23,0.0,0.0,1.0
nonce,prepend_first->drop_last,prepend_first,drop_last,24,0.0,0.0,1.0
nonce,prepend_first->drop_last,prepend_first,drop_last,25,0.0,0.0,1.0
nonce,prepend_first->drop_last,prepend_first,drop_last,26,0.0,0.0,1.0
nonce,prepend_first->drop_last,prepend_first,drop_last,27,0.0,0.0,1.0
nonce,prepend_first->reverse,prepend_first,reverse,0,0.0,0.0,1.0
nonce,prepend_first->reverse,prepend_first,reverse,1,0.0,0.0,1.0
nonce,prepend_first->reverse,prepend_first,reverse,2,0.0,0.0,1.0
nonce,prepend_first->reverse,prepend_first,reverse,3,0.0,0.0,1.0
nonce,prepend_first->reverse,prepend_first,reverse,4,0.0,0.0,1.0
nonce,prepend_first->reverse,prepend_first,reverse,5,0.0,0.0,1.0
nonce,prepend_first->reverse,prepend_first,reverse,6,0.0,0.0,1.0
nonce,prepend_first->reverse,prepend_first,reverse,7,0.0,0.0,1.0
nonce,prepend_first->reverse,prepend_first,reverse,8,0.0,0.0,1.0
nonce,prepend_first->reverse,prepend_first,reverse,9,0.0,0.0,1.0
nonce,prepend_first->reverse,prepend_first,reverse,10,0.0,0.0,1.0
nonce,prepend_first->reverse,prepend_first,reverse,11,0.0,0.0,1.0
nonce,prepend_first->reverse,prepend_first,reverse,12,0.0,0.0,1.0
nonce,prepend_first->reverse,prepend_first,reverse,13,0.0,0.0,1.0
nonce,prepend_first->reverse,prepend_first,reverse,14,0.0,0.0,1.0
nonce,prepend_first->reverse,prepend_first,reverse,15,0.0,0.0,1.0
nonce,prepend_first->reverse,prepend_first,reverse,16,0.0,0.0,1.0
nonce,prepend_first->reverse,prepend_first,reverse,17,0.0,0.0,1.0
nonce,prepend_first->reverse,prepend_first,reverse,18,0.0,0.0,1.0
nonce,prepend_first->reverse,prepend_first,reverse,19,0.0,0.0,1.0
nonce,prepend_first->reverse,prepend_first,reverse,20,0.0,0.0,1.0
nonce,prepend_first->reverse,prepend_first,reverse,21,0.0,0.0,1.0
nonce,prepend_first->reverse,prepend_first,reverse,22,0.0,0.0,1.0
nonce,prepend_first->reverse,prepend_first,reverse,23,0.0,0.0,1.0
nonce,prepend_first->reverse,prepend_first,reverse,24,0.0,0.0,1.0
nonce,prepend_first->reverse,prepend_first,reverse,25,0.0,0.0,1.0
nonce,prepend_first->reverse,prepend_first,reverse,26,0.0,0.0,1.0
nonce,prepend_first->reverse,prepend_first,reverse,27,0.0,0.0,1.0
nonce,prepend_first->swap_ends,prepend_first,swap_ends,0,0.0,0.0,1.0
nonce,prepend_first->swap_ends,prepend_first,swap_ends,1,0.0,0.0,1.0
nonce,prepend_first->swap_ends,prepend_first,swap_ends,2,0.0,0.0,1.0
nonce,prepend_first->swap_ends,prepend_first,swap_ends,3,0.0,0.0,1.0
nonce,prepend_first->swap_ends,prepend_first,swap_ends,4,0.0,0.0,1.0
nonce,prepend_first->swap_ends,prepend_first,swap_ends,5,0.0,0.0,1.0
nonce,prepend_first->swap_ends,prepend_first,swap_ends,6,0.0,0.0,1.0
nonce,prepend_first->swap_ends,prepend_first,swap_ends,7,0.0,0.0,1.0
nonce,prepend_first->swap_ends,prepend_first,swap_ends,8,0.0,0.0,1.0
nonce,prepend_first->swap_ends,prepend_first,swap_ends,9,0.0,0.0,1.0
nonce,prepend_first->swap_ends,prepend_first,swap_ends,10,0.0,0.0,1.0
nonce,prepend_first->swap_ends,prepend_first,swap_ends,11,0.0,0.0,1.0
nonce,prepend_first->swap_ends,prepend_first,swap_ends,12,0.0,0.0,1.0
nonce,prepend_first->swap_ends,prepend_first,swap_ends,13,0.0,0.0,1.0
nonce,prepend_first->swap_ends,prepend_first,swap_ends,14,0.0,0.0,1.0
nonce,prepend_first->swap_ends,prepend_first,swap_ends,15,0.0,0.0,1.0
nonce,prepend_first->swap_ends,prepend_first,swap_ends,16,0.0,0.0,1.0
nonce,prepend_first->swap_ends,prepend_first,swap_ends,17,0.0,0.0,1.0
nonce,prepend_first->swap_ends,prepend_first,swap_ends,18,0.0,0.0,1.0
nonce,prepend_first->swap_ends,prepend_first,swap_ends,19,0.0,0.0,1.0
nonce,prepend_first->swap_ends,prepend_first,swap_ends,20,0.0,0.0,1.0
nonce,prepend_first->swap_ends,prepend_first,swap_ends,21,0.0,0.0,1.0
nonce,prepend_first->swap_ends,prepend_first,swap_ends,22,0.0,0.0,1.0
nonce,prepend_first->swap_ends,prepend_first,swap_ends,23,0.0,0.0,1.0
nonce,prepend_first->swap_ends,prepend_first,swap_ends,24,0.0,0.0,1.0
nonce,prepend_first->swap_ends,prepend_first,swap_ends,25,0.0,0.0,1.0
nonce,prepend_first->swap_ends,prepend_first,swap_ends,26,0.0,0.0,1.0
nonce,prepend_first->swap_ends,prepend_first,swap_ends,27,0.0,0.0,1.0
nonce,prepend_first->rotate_left,prepend_first,rotate_left,0,0.0,0.0,1.0
nonce,prepend_first->rotate_left,prepend_first,rotate_left,1,0.0,0.0,1.0
nonce,prepend_first->rotate_left,prepend_first,rotate_left,2,0.0,0.0,1.0
nonce,prepend_first->rotate_left,prepend_first,rotate_left,3,0.0,0.0,1.0
nonce,prepend_first->rotate_left,prepend_first,rotate_left,4,0.0,0.0,1.0
nonce,prepend_first->rotate_left,prepend_first,rotate_left,5,0.0,0.0,1.0
nonce,prepend_first->rotate_left,prepend_first,rotate_left,6,0.0,0.0,1.0
nonce,prepend_first->rotate_left,prepend_first,rotate_left,7,0.0,0.0,1.0
nonce,prepend_first->rotate_left,prepend_first,rotate_left,8,0.0,0.0,1.0
nonce,prepend_first->rotate_left,prepend_first,rotate_left,9,0.0,0.0,1.0
nonce,prepend_first->rotate_left,prepend_first,rotate_left,10,0.0,0.0,1.0
nonce,prepend_first->rotate_left,prepend_first,rotate_left,11,0.0,0.0,1.0
nonce,prepend_first->rotate_left,prepend_first,rotate_left,12,0.0,0.0,1.0
nonce,prepend_first->rotate_left,prepend_first,rotate_left,13,0.0,0.0,1.0
nonce,prepend_first->rotate_left,prepend_first,rotate_left,14,0.0,0.0,1.0
nonce,prepend_first->rotate_left,prepend_first,rotate_left,15,0.0,0.0,1.0
nonce,prepend_first->rotate_left,prepend_first,rotate_left,16,0.0,0.0,1.0
nonce,prepend_first->rotate_left,prepend_first,rotate_left,17,0.0,0.0,1.0
nonce,prepend_first->rotate_left,prepend_first,rotate_left,18,0.0,0.0,1.0
nonce,prepend_first->rotate_left,prepend_first,rotate_left,19,0.0,0.0,1.0
nonce,prepend_first->rotate_left,prepend_first,rotate_left,20,0.0,0.0,1.0
nonce,prepend_first->rotate_left,prepend_first,rotate_left,21,0.0,0.0,1.0
nonce,prepend_first->rotate_left,prepend_first,rotate_left,22,0.0,0.0,1.0
nonce,prepend_first->rotate_left,prepend_first,rotate_left,23,0.0,0.0,1.0
nonce,prepend_first->rotate_left,prepend_first,rotate_left,24,0.0,0.0,1.0
nonce,prepend_first->rotate_left,prepend_first,rotate_left,25,0.0,0.0,1.0
nonce,prepend_first->rotate_left,prepend_first,rotate_left,26,0.0,0.0,1.0
nonce,prepend_first->rotate_left,prepend_first,rotate_left,27,0.0,0.0,1.0
nonce,prepend_first->suffix_ed,prepend_first,suffix_ed,0,0.0,0.0,1.0
nonce,prepend_first->suffix_ed,prepend_first,suffix_ed,1,0.0,0.0,1.0
nonce,prepend_first->suffix_ed,prepend_first,suffix_ed,2,0.0,0.0,1.0
nonce,prepend_first->suffix_ed,prepend_first,suffix_ed,3,0.0,0.0,1.0
nonce,prepend_first->suffix_ed,prepend_first,suffix_ed,4,0.0,0.0,1.0
nonce,prepend_first->suffix_ed,prepend_first,suffix_ed,5,0.0,0.0,1.0
nonce,prepend_first->suffix_ed,prepend_first,suffix_ed,6,0.0,0.0,1.0
nonce,prepend_first->suffix_ed,prepend_first,suffix_ed,7,0.0,0.0,1.0
nonce,prepend_first->suffix_ed,prepend_first,suffix_ed,8,0.0,0.0,1.0
nonce,prepend_first->suffix_ed,prepend_first,suffix_ed,9,0.0,0.0,1.0
nonce,prepend_first->suffix_ed,prepend_first,suffix_ed,10,0.0,0.0,1.0
nonce,prepend_first->suffix_ed,prepend_first,suffix_ed,11,0.0,0.0,1.0
nonce,prepend_first->suffix_ed,prepend_first,suffix_ed,12,0.0,0.0,1.0
nonce,prepend_first->suffix_ed,prepend_first,suffix_ed,13,0.0,0.0,1.0
nonce,prepend_first->suffix_ed,prepend_first,suffix_ed,14,0.0,0.0,1.0
nonce,prepend_first->suffix_ed,prepend_first,suffix_ed,15,0.0,0.0,1.0
nonce,prepend_first->suffix_ed,prepend_first,suffix_ed,16,0.0,0.0,1.0
nonce,prepend_first->suffix_ed,prepend_first,suffix_ed,17,0.0,0.0,1.0
nonce,prepend_first->suffix_ed,prepend_first,suffix_ed,18,0.0,0.0,1.0
nonce,prepend_first->suffix_ed,prepend_first,suffix_ed,19,0.0,0.0,1.0
nonce,prepend_first->suffix_ed,prepend_first,suffix_ed,20,0.0,0.0,1.0
nonce,prepend_first->suffix_ed,prepend_first,suffix_ed,21,0.0,0.0,1.0
nonce,prepend_first->suffix_ed,prepend_first,suffix_ed,22,0.0,0.0,1.0
nonce,prepend_first->suffix_ed,prepend_first,suffix_ed,23,0.0,0.0,1.0
nonce,prepend_first->suffix_ed,prepend_first,suffix_ed,24,0.0,0.0,1.0
nonce,prepend_first->suffix_ed,prepend_first,suffix_ed,25,0.0,0.0,1.0
nonce,prepend_first->suffix_ed,prepend_first,suffix_ed,26,0.0,0.0,1.0
nonce,prepend_first->suffix_ed,prepend_first,suffix_ed,27,0.0,0.0,1.0
nonce,prepend_first->double_vowels,prepend_first,double_vowels,0,0.0,0.0,1.0
nonce,prepend_first->double_vowels,prepend_first,double_vowels,1,0.0,0.0,1.0
nonce,prepend_first->double_vowels,prepend_first,double_vowels,2,0.0,0.0,1.0
nonce,prepend_first->double_vowels,prepend_first,double_vowels,3,0.0,0.0,1.0
nonce,prepend_first->double_vowels,prepend_first,double_vowels,4,0.0,0.0,1.0
nonce,prepend_first->double_vowels,prepend_first,double_vowels,5,0.0,0.0,1.0
nonce,prepend_first->double_vowels,prepend_first,double_vowels,6,0.0,0.0,1.0
nonce,prepend_first->double_vowels,prepend_first,double_vowels,7,0.0,0.0,1.0
nonce,prepend_first->double_vowels,prepend_first,double_vowels,8,0.0,0.0,1.0
nonce,prepend_first->double_vowels,prepend_first,double_vowels,9,0.0,0.0,1.0
nonce,prepend_first->double_vowels,prepend_first,double_vowels,10,0.0,0.0,1.0
nonce,prepend_first->double_vowels,prepend_first,double_vowels,11,0.0,0.0,1.0
nonce,prepend_first->double_vowels,prepend_first,double_vowels,12,0.0,0.0,1.0
nonce,prepend_first->double_vowels,prepend_first,double_vowels,13,0.0,0.0,1.0
nonce,prepend_first->double_vowels,prepend_first,double_vowels,14,0.0,0.0,1.0
nonce,prepend_first->double_vowels,prepend_first,double_vowels,15,0.0,0.0,1.0
nonce,prepend_first->double_vowels,prepend_first,double_vowels,16,0.0,0.0,1.0
nonce,prepend_first->double_vowels,prepend_first,double_vowels,17,0.0,0.0,1.0
nonce,prepend_first->double_vowels,prepend_first,double_vowels,18,0.0,0.0,1.0
nonce,prepend_first->double_vowels,prepend_first,double_vowels,19,0.0,0.0,1.0
nonce,prepend_first->double_vowels,prepend_first,double_vowels,20,0.0,0.0,1.0
nonce,prepend_first->double_vowels,prepend_first,double_vowels,21,0.0,0.0,1.0
nonce,prepend_first->double_vowels,prepend_first,double_vowels,22,0.0,0.0,1.0
nonce,prepend_first->double_vowels,prepend_first,double_vowels,23,0.0,0.0,1.0
nonce,prepend_first->double_vowels,prepend_first,double_vowels,24,0.0,0.0,1.0
nonce,prepend_first->double_vowels,prepend_first,double_vowels,25,0.0,0.0,1.0
nonce,prepend_first->double_vowels,prepend_first,double_vowels,26,0.0,0.0,1.0
nonce,prepend_first->double_vowels,prepend_first,double_vowels,27,0.0,0.0,1.0
nonce,append_last->repetition,append_last,repetition,0,0.0,0.0,1.0
nonce,append_last->repetition,append_last,repetition,1,0.0,0.0,1.0
nonce,append_last->repetition,append_last,repetition,2,0.0,0.0,1.0
nonce,append_last->repetition,append_last,repetition,3,0.0,0.0,1.0
nonce,append_last->repetition,append_last,repetition,4,0.0,0.0,1.0
nonce,append_last->repetition,append_last,repetition,5,0.0,0.0,1.0
nonce,append_last->repetition,append_last,repetition,6,0.0,0.0,1.0
nonce,append_last->repetition,append_last,repetition,7,0.0,0.0,1.0
nonce,append_last->repetition,append_last,repetition,8,0.0,0.0,1.0
nonce,append_last->repetition,append_last,repetition,9,0.0,0.0,1.0
nonce,append_last->repetition,append_last,repetition,10,0.0,0.0,1.0
nonce,append_last->repetition,append_last,repetition,11,0.0,0.0,1.0
nonce,append_last->repetition,append_last,repetition,12,0.0,0.0,1.0
nonce,append_last->repetition,append_last,repetition,13,0.0,0.0,1.0
nonce,append_last->repetition,append_last,repetition,14,0.0,0.0,1.0
nonce,append_last->repetition,append_last,repetition,15,0.0,0.0,1.0
nonce,append_last->repetition,append_last,repetition,16,0.0,0.0,1.0
nonce,append_last->repetition,append_last,repetition,17,0.0,0.0,1.0
nonce,append_last->repetition,append_last,repetition,18,0.0,0.0,1.0
nonce,append_last->repetition,append_last,repetition,19,0.0,0.0,1.0
nonce,append_last->repetition,append_last,repetition,20,0.0,0.0,1.0
nonce,append_last->repetition,append_last,repetition,21,0.0,0.0,1.0
nonce,append_last->repetition,append_last,repetition,22,0.0,0.0,1.0
nonce,append_last->repetition,append_last,repetition,23,0.0,0.0,1.0
nonce,append_last->repetition,append_last,repetition,24,0.0,0.0,1.0
nonce,append_last->repetition,append_last,repetition,25,0.0,0.0,1.0
nonce,append_last->repetition,append_last,repetition,26,0.0,0.0,1.0
nonce,append_last->repetition,append_last,repetition,27,0.0,0.0,1.0
nonce,append_last->prepend_first,append_last,prepend_first,0,0.0,0.0,1.0
nonce,append_last->prepend_first,append_last,prepend_first,1,0.0,0.0,1.0
nonce,append_last->prepend_first,append_last,prepend_first,2,0.0,0.0,1.0
nonce,append_last->prepend_first,append_last,prepend_first,3,0.0,0.0,1.0
nonce,append_last->prepend_first,append_last,prepend_first,4,0.0,0.0,1.0
nonce,append_last->prepend_first,append_last,prepend_first,5,0.0,0.0,1.0
nonce,append_last->prepend_first,append_last,prepend_first,6,0.0,0.0,1.0
nonce,append_last->prepend_first,append_last,prepend_first,7,0.0,0.0,1.0
nonce,append_last->prepend_first,append_last,prepend_first,8,0.0,0.0,1.0
nonce,append_last->prepend_first,append_last,prepend_first,9,0.0,0.0,1.0
nonce,append_last->prepend_first,append_last,prepend_first,10,0.0,0.0,1.0
nonce,append_last->prepend_first,append_last,prepend_first,11,0.0,0.0,1.0
nonce,append_last->prepend_first,append_last,prepend_first,12,0.0,0.0,1.0
nonce,append_last->prepend_first,append_last,prepend_first,13,0.0,0.0,1.0
nonce,append_last->prepend_first,append_last,prepend_first,14,0.0,0.0,1.0
nonce,append_last->prepend_first,append_last,prepend_first,15,0.0,0.0,1.0
nonce,append_last->prepend_first,append_last,prepend_first,16,0.0,0.0,1.0
nonce,append_last->prepend_first,append_last,prepend_first,17,0.0,0.0,1.0
nonce,append_last->prepend_first,append_last,prepend_first,18,0.0,0.0,1.0
nonce,append_last->prepend_first,append_last,prepend_first,19,0.0,0.0,1.0
nonce,append_last->prepend_first,append_last,prepend_first,20,0.0,0.0,1.0
nonce,append_last->prepend_first,append_last,prepend_first,21,0.0,0.0,1.0
nonce,append_last->prepend_first,append_last,prepend_first,22,0.0,0.0,1.0
nonce,append_last->prepend_first,append_last,prepend_first,23,0.0,0.0,1.0
nonce,append_last->prepend_first,append_last,prepend_first,24,0.0,0.0,1.0
nonce,append_last->prepend_first,append_last,prepend_first,25,0.0,0.0,1.0
nonce,append_last->prepend_first,append_last,prepend_first,26,0.0,0.0,1.0
nonce,append_last->prepend_first,append_last,prepend_first,27,0.0,0.0,1.0
nonce,append_last->drop_first,append_last,drop_first,0,0.0,0.0,1.0
nonce,append_last->drop_first,append_last,drop_first,1,0.0,0.0,1.0
nonce,append_last->drop_first,append_last,drop_first,2,0.0,0.0,1.0
nonce,append_last->drop_first,append_last,drop_first,3,0.0,0.0,1.0
nonce,append_last->drop_first,append_last,drop_first,4,0.0,0.0,1.0
nonce,append_last->drop_first,append_last,drop_first,5,0.0,0.0,1.0
nonce,append_last->drop_first,append_last,drop_first,6,0.0,0.0,1.0
nonce,append_last->drop_first,append_last,drop_first,7,0.0,0.0,1.0
nonce,append_last->drop_first,append_last,drop_first,8,0.0,0.0,1.0
nonce,append_last->drop_first,append_last,drop_first,9,0.0,0.0,1.0
nonce,append_last->drop_first,append_last,drop_first,10,0.0,0.0,1.0
nonce,append_last->drop_first,append_last,drop_first,11,0.0,0.0,1.0
nonce,append_last->drop_first,append_last,drop_first,12,0.0,0.0,1.0
nonce,append_last->drop_first,append_last,drop_first,13,0.0,0.0,1.0
nonce,append_last->drop_first,append_last,drop_first,14,0.0,0.0,1.0
nonce,append_last->drop_first,append_last,drop_first,15,0.0,0.0,1.0
nonce,append_last->drop_first,append_last,drop_first,16,0.0,0.0,1.0
nonce,append_last->drop_first,append_last,drop_first,17,0.0,0.0,1.0
nonce,append_last->drop_first,append_last,drop_first,18,0.0,0.0,1.0
nonce,append_last->drop_first,append_last,drop_first,19,0.0,0.0,1.0
nonce,append_last->drop_first,append_last,drop_first,20,0.0,0.0,1.0
nonce,append_last->drop_first,append_last,drop_first,21,0.0,0.0,1.0
nonce,append_last->drop_first,append_last,drop_first,22,0.0,0.0,1.0
nonce,append_last->drop_first,append_last,drop_first,23,0.0,0.0,1.0
nonce,append_last->drop_first,append_last,drop_first,24,0.0,0.0,1.0
nonce,append_last->drop_first,append_last,drop_first,25,0.0,0.0,1.0
nonce,append_last->drop_first,append_last,drop_first,26,0.0,0.0,1.0
nonce,append_last->drop_first,append_last,drop_first,27,0.0,0.0,1.0
nonce,append_last->drop_last,append_last,drop_last,0,0.0,0.0,1.0
nonce,append_last->drop_last,append_last,drop_last,1,0.0,0.0,1.0
nonce,append_last->drop_last,append_last,drop_last,2,0.0,0.0,1.0
nonce,append_last->drop_last,append_last,drop_last,3,0.0,0.0,1.0
nonce,append_last->drop_last,append_last,drop_last,4,0.0,0.0,1.0
nonce,append_last->drop_last,append_last,drop_last,5,0.0,0.0,1.0
nonce,append_last->drop_last,append_last,drop_last,6,0.0,0.0,1.0
nonce,append_last->drop_last,append_last,drop_last,7,0.0,0.0,1.0
nonce,append_last->drop_last,append_last,drop_last,8,0.0,0.0,1.0
nonce,append_last->drop_last,append_last,drop_last,9,0.0,0.0,1.0
nonce,append_last->drop_last,append_last,drop_last,10,0.0,0.0,1.0
nonce,append_last->drop_last,append_last,drop_last,11,0.0,0.0,1.0
nonce,append_last->drop_last,append_last,drop_last,12,0.0,0.0,1.0
nonce,append_last->drop_last,append_last,drop_last,13,0.0,0.0,1.0
nonce,append_last->drop_last,append_last,drop_last,14,0.0,0.0,1.0
nonce,append_last->drop_last,append_last,drop_last,15,0.0,0.0,1.0
nonce,append_last->drop_last,append_last,drop_last,16,0.0,0.0,1.0
nonce,append_last->drop_last,append_last,drop_last,17,0.0,0.0,1.0
nonce,append_last->drop_last,append_last,drop_last,18,0.0,0.0,1.0
nonce,append_last->drop_last,append_last,drop_last,19,0.0,0.0,1.0
nonce,append_last->drop_last,append_last,drop_last,20,0.0,0.0,1.0
nonce,append_last->drop_last,append_last,drop_last,21,0.0,0.0,1.0
nonce,append_last->drop_last,append_last,drop_last,22,0.0,0.0,1.0
nonce,append_last->drop_last,append_last,drop_last,23,0.0,0.0,1.0
nonce,append_last->drop_last,append_last,drop_last,24,0.0,0.0,1.0
nonce,append_last->drop_last,append_last,drop_last,25,0.0,0.0,1.0
nonce,append_last->drop_last,append_last,drop_last,26,0.0,0.0,1.0
nonce,append_last->drop_last,append_last,drop_last,27,0.0,0.0,1.0
nonce,append_last->reverse,append_last,reverse,0,0.0,0.0,1.0
nonce,append_last->reverse,append_last,reverse,1,0.0,0.0,1.0
nonce,append_last->reverse,append_last,reverse,2,0.0,0.0,1.0
nonce,append_last->reverse,append_last,reverse,3,0.0,0.0,1.0
nonce,append_last->reverse,append_last,reverse,4,0.0,0.0,1.0
nonce,append_last->reverse,append_last,reverse,5,0.0,0.0,1.0
nonce,append_last->reverse,append_last,reverse,6,0.0,0.0,1.0
nonce,append_last->reverse,append_last,reverse,7,0.0,0.0,1.0
nonce,append_last->reverse,append_last,reverse,8,0.0,0.0,1.0
nonce,append_last->reverse,append_last,reverse,9,0.0,0.0,1.0
nonce,append_last->reverse,append_last,reverse,10,0.0,0.0,1.0
nonce,append_last->reverse,append_last,reverse,11,0.0,0.0,1.0
nonce,append_last->reverse,append_last,reverse,12,0.0,0.0,1.0
nonce,append_last->reverse,append_last,reverse,13,0.0,0.0,1.0
nonce,append_last->reverse,append_last,reverse,14,0.0,0.0,1.0
nonce,append_last->reverse,append_last,reverse,15,0.0,0.0,1.0
nonce,append_last->reverse,append_last,reverse,16,0.0,0.0,1.0
nonce,append_last->reverse,append_last,reverse,17,0.0,0.0,1.0
nonce,append_last->reverse,append_last,reverse,18,0.0,0.0,1.0
nonce,append_last->reverse,append_last,reverse,19,0.0,0.0,1.0
nonce,append_last->reverse,append_last,reverse,20,0.0,0.0,1.0
nonce,append_last->reverse,append_last,reverse,21,0.0,0.0,1.0
nonce,append_last->reverse,append_last,reverse,22,0.0,0.0,1.0
nonce,append_last->reverse,append_last,reverse,23,0.0,0.0,1.0
nonce,append_last->reverse,append_last,reverse,24,0.0,0.0,1.0
nonce,append_last->reverse,append_last,reverse,25,0.0,0.0,1.0
nonce,append_last->reverse,append_last,reverse,26,0.0,0.0,1.0
nonce,append_last->reverse,append_last,reverse,27,0.0,0.0,1.0
nonce,append_last->swap_ends,append_last,swap_ends,0,0.0,0.0,1.0
nonce,append_last->swap_ends,append_last,swap_ends,1,0.0,0.0,1.0
nonce,append_last->swap_ends,append_last,swap_ends,2,0.0,0.0,1.0
nonce,append_last->swap_ends,append_last,swap_ends,3,0.0,0.0,1.0
nonce,append_last->swap_ends,append_last,swap_ends,4,0.0,0.0,1.0
nonce,append_last->swap_ends,append_last,swap_ends,5,0.0,0.0,1.0
nonce,append_last->swap_ends,append_last,swap_ends,6,0.0,0.0,1.0
nonce,append_last->swap_ends,append_last,swap_ends,7,0.0,0.0,1.0
nonce,append_last->swap_ends,append_last,swap_ends,8,0.0,0.0,1.0
nonce,append_last->swap_ends,append_last,swap_ends,9,0.0,0.0,1.0
nonce,append_last->swap_ends,append_last,swap_ends,10,0.0,0.0,1.0
nonce,append_last->swap_ends,append_last,swap_ends,11,0.0,0.0,1.0
nonce,append_last->swap_ends,append_last,swap_ends,12,0.0,0.0,1.0
nonce,append_last->swap_ends,append_last,swap_ends,13,0.0,0.0,1.0
nonce,append_last->swap_ends,append_last,swap_ends,14,0.0,0.0,1.0
nonce,append_last->swap_ends,append_last,swap_ends,15,0.0,0.0,1.0
nonce,append_last->swap_ends,append_last,swap_ends,16,0.0,0.0,1.0
nonce,append_last->swap_ends,append_last,swap_ends,17,0.0,0.0,1.0
nonce,append_last->swap_ends,append_last,swap_ends,18,0.0,0.0,1.0
nonce,append_last->swap_ends,append_last,swap_ends,19,0.0,0.0,1.0
nonce,append_last->swap_ends,append_last,swap_ends,20,0.0,0.0,1.0
nonce,append_last->swap_ends,append_last,swap_ends,21,0.0,0.0,1.0
nonce,append_last->swap_ends,append_last,swap_ends,22,0.0,0.0,1.0
nonce,append_last->swap_ends,append_last,swap_ends,23,0.0,0.0,1.0
nonce,append_last->swap_ends,append_last,swap_ends,24,0.0,0.0,1.0
nonce,append_last->swap_ends,append_last,swap_ends,25,0.0,0.0,1.0
nonce,append_last->swap_ends,append_last,swap_ends,26,0.0,0.0,1.0
nonce,append_last->swap_ends,append_last,swap_ends,27,0.0,0.0,1.0
nonce,append_last->rotate_left,append_last,rotate_left,0,0.0,0.0,1.0
nonce,append_last->rotate_left,append_last,rotate_left,1,0.0,0.0,1.0
nonce,append_last->rotate_left,append_last,rotate_left,2,0.0,0.0,1.0
nonce,append_last->rotate_left,append_last,rotate_left,3,0.0,0.0,1.0
nonce,append_last->rotate_left,append_last,rotate_left,4,0.0,0.0,1.0
nonce,append_last->rotate_left,append_last,rotate_left,5,0.0,0.0,1.0
nonce,append_last->rotate_left,append_last,rotate_left,6,0.0,0.0,1.0
nonce,append_last->rotate_left,append_last,rotate_left,7,0.0,0.0,1.0
nonce,append_last->rotate_left,append_last,rotate_left,8,0.0,0.0,1.0
nonce,append_last->rotate_left,append_last,rotate_left,9,0.0,0.0,1.0
nonce,append_last->rotate_left,append_last,rotate_left,10,0.0,0.0,1.0
nonce,append_last->rotate_left,append_last,rotate_left,11,0.0,0.0,1.0
nonce,append_last->rotate_left,append_last,rotate_left,12,0.0,0.0,1.0
nonce,append_last->rotate_left,append_last,rotate_left,13,0.0,0.0,1.0
nonce,append_last->rotate_left,append_last,rotate_left,14,0.0,0.0,1.0
nonce,append_last->rotate_left,append_last,rotate_left,15,0.0,0.0,1.0
nonce,append_last->rotate_left,append_last,rotate_left,16,0.0,0.0,1.0
nonce,append_last->rotate_left,append_last,rotate_left,17,0.0,0.0,1.0
nonce,append_last->rotate_left,append_last,rotate_left,18,0.0,0.0,1.0
nonce,append_last->rotate_left,append_last,rotate_left,19,0.0,0.0,1.0
nonce,append_last->rotate_left,append_last,rotate_left,20,0.0,0.0,1.0
nonce,append_last->rotate_left,append_last,rotate_left,21,0.0,0.0,1.0
nonce,append_last->rotate_left,append_last,rotate_left,22,0.0,0.0,1.0
nonce,append_last->rotate_left,append_last,rotate_left,23,0.0,0.0,1.0
nonce,append_last->rotate_left,append_last,rotate_left,24,0.0,0.0,1.0
nonce,append_last->rotate_left,append_last,rotate_left,25,0.0,0.0,1.0
nonce,append_last->rotate_left,append_last,rotate_left,26,0.0,0.0,1.0
nonce,append_last->rotate_left,append_last,rotate_left,27,0.0,0.0,1.0
nonce,append_last->suffix_ed,append_last,suffix_ed,0,0.0,0.0,1.0
nonce,append_last->suffix_ed,append_last,suffix_ed,1,0.0,0.0,1.0
nonce,append_last->suffix_ed,append_last,suffix_ed,2,0.0,0.0,1.0
nonce,append_last->suffix_ed,append_last,suffix_ed,3,0.0,0.0,1.0
nonce,append_last->suffix_ed,append_last,suffix_ed,4,0.0,0.0,1.0
nonce,append_last->suffix_ed,append_last,suffix_ed,5,0.0,0.0,1.0
nonce,append_last->suffix_ed,append_last,suffix_ed,6,0.0,0.0,1.0
nonce,append_last->suffix_ed,append_last,suffix_ed,7,0.0,0.0,1.0
nonce,append_last->suffix_ed,append_last,suffix_ed,8,0.0,0.0,1.0
nonce,append_last->suffix_ed,append_last,suffix_ed,9,0.0,0.0,1.0
nonce,append_last->suffix_ed,append_last,suffix_ed,10,0.0,0.0,1.0
nonce,append_last->suffix_ed,append_last,suffix_ed,11,0.0,0.0,1.0
nonce,append_last->suffix_ed,append_last,suffix_ed,12,0.0,0.0,1.0
nonce,append_last->suffix_ed,append_last,suffix_ed,13,0.0,0.0,1.0
nonce,append_last->suffix_ed,append_last,suffix_ed,14,0.0,0.0,1.0
nonce,append_last->suffix_ed,append_last,suffix_ed,15,0.0,0.0,1.0
nonce,append_last->suffix_ed,append_last,suffix_ed,16,0.0,0.0,1.0
nonce,append_last->suffix_ed,append_last,suffix_ed,17,0.0,0.0,1.0
nonce,append_last->suffix_ed,append_last,suffix_ed,18,0.0,0.0,1.0
nonce,append_last->suffix_ed,append_last,suffix_ed,19,0.0,0.0,1.0
nonce,append_last->suffix_ed,append_last,suffix_ed,20,0.0,0.0,1.0
nonce,append_last->suffix_ed,append_last,suffix_ed,21,0.0,0.0,1.0
nonce,append_last->suffix_ed,append_last,suffix_ed,22,0.0,0.0,1.0
nonce,append_last->suffix_ed,append_last,suffix_ed,23,0.0,0.0,1.0
nonce,append_last->suffix_ed,append_last,suffix_ed,24,0.0,0.0,1.0
nonce,append_last->suffix_ed,append_last,suffix_ed,25,0.0,0.0,1.0
nonce,append_last->suffix_ed,append_last,suffix_ed,26,0.0,0.0,1.0
nonce,append_last->suffix_ed,append_last,suffix_ed,27,0.0,0.0,1.0
nonce,append_last->double_vowels,append_last,double_vowels,0,0.0,0.0,1.0
nonce,append_last->double_vowels,append_last,double_vowels,1,0.0,0.0,1.0
nonce,append_last->double_vowels,append_last,double_vowels,2,0.0,0.0,1.0
nonce,append_last->double_vowels,append_last,double_vowels,3,0.0,0.0,1.0
nonce,append_last->double_vowels,append_last,double_vowels,4,0.0,0.0,1.0
nonce,append_last->double_vowels,append_last,double_vowels,5,0.0,0.0,1.0
nonce,append_last->double_vowels,append_last,double_vowels,6,0.0,0.0,1.0
nonce,append_last->double_vowels,append_last,double_vowels,7,0.0,0.0,1.0
nonce,append_last->double_vowels,append_last,double_vowels,8,0.0,0.0,1.0
nonce,append_last->double_vowels,append_last,double_vowels,9,0.0,0.0,1.0
nonce,append_last->double_vowels,append_last,double_vowels,10,0.0,0.0,1.0
nonce,append_last->double_vowels,append_last,double_vowels,11,0.0,0.0,1.0
nonce,append_last->double_vowels,append_last,double_vowels,12,0.0,0.0,1.0
nonce,append_last->double_vowels,append_last,double_vowels,13,0.0,0.0,1.0
nonce,append_last->double_vowels,append_last,double_vowels,14,0.0,0.0,1.0
nonce,append_last->double_vowels,append_last,double_vowels,15,0.0,0.0,1.0
nonce,append_last->double_vowels,append_last,double_vowels,16,0.0,0.0,1.0
nonce,append_last->double_vowels,append_last,double_vowels,17,0.0,0.0,1.0
nonce,append_last->double_vowels,append_last,double_vowels,18,0.0,0.0,1.0
nonce,append_last->double_vowels,append_last,double_vowels,19,0.0,0.0,1.0
nonce,append_last->double_vowels,append_last,double_vowels,20,0.0,0.0,1.0
nonce,append_last->double_vowels,append_last,double_vowels,21,0.0,0.0,1.0
nonce,append_last->double_vowels,append_last,double_vowels,22,0.0,0.0,1.0
nonce,append_last->double_vowels,append_last,double_vowels,23,0.0,0.0,1.0
nonce,append_last->double_vowels,append_last,double_vowels,24,0.0,0.0,1.0
nonce,append_last->double_vowels,append_last,double_vowels,25,0.0,0.0,1.0
nonce,append_last->double_vowels,append_last,double_vowels,26,0.0,0.0,1.0
nonce,append_last->double_vowels,append_last,double_vowels,27,0.0,0.0,1.0
nonce,drop_first->repetition,drop_first,repetition,0,0.0,0.0,1.0
nonce,drop_first->repetition,drop_first,repetition,1,0.0,0.0,1.0
nonce,drop_first->repetition,drop_first,repetition,2,0.0,0.0,1.0
nonce,drop_first->repetition,drop_first,repetition,3,0.0,0.0,1.0
nonce,drop_first->repetition,drop_first,repetition,4,0.0,0.0,1.0
nonce,drop_first->repetition,drop_first,repetition,5,0.0,0.0,1.0
nonce,drop_first->repetition,drop_first,repetition,6,0.0,0.0,1.0
nonce,drop_first->repetition,drop_first,repetition,7,0.0,0.0,1.0
nonce,drop_first->repetition,drop_first,repetition,8,0.0,0.0,1.0
nonce,drop_first->repetition,drop_first,repetition,9,0.0,0.0,1.0
nonce,drop_first->repetition,drop_first,repetition,10,0.0,0.0,1.0
nonce,drop_first->repetition,drop_first,repetition,11,0.0,0.0,1.0
nonce,drop_first->repetition,drop_first,repetition,12,0.0,0.0,1.0
nonce,drop_first->repetition,drop_first,repetition,13,0.0,0.0,1.0
nonce,drop_first->repetition,drop_first,repetition,14,0.0,0.0,1.0
nonce,drop_first->repetition,drop_first,repetition,15,0.0,0.0,1.0
nonce,drop_first->repetition,drop_first,repetition,16,0.0,0.0,1.0
nonce,drop_first->repetition,drop_first,repetition,17,0.0,0.0,1.0
nonce,drop_first->repetition,drop_first,repetition,18,0.0,0.0,1.0
nonce,drop_first->repetition,drop_first,repetition,19,0.0,0.0,1.0
nonce,drop_first->repetition,drop_first,repetition,20,0.0,0.0,1.0
nonce,drop_first->repetition,drop_first,repetition,21,0.0,0.0,1.0
nonce,drop_first->repetition,drop_first,repetition,22,0.0,0.0,1.0
nonce,drop_first->repetition,drop_first,repetition,23,0.0,0.0,1.0
nonce,drop_first->repetition,drop_first,repetition,24,0.0,0.0,1.0
nonce,drop_first->repetition,drop_first,repetition,25,0.0,0.0,1.0
nonce,drop_first->repetition,drop_first,repetition,26,0.0,0.0,1.0
nonce,drop_first->repetition,drop_first,repetition,27,0.0,0.0,1.0
nonce,drop_first->prepend_first,drop_first,prepend_first,0,0.0,0.0,1.0
nonce,drop_first->prepend_first,drop_first,prepend_first,1,0.0,0.0,1.0
nonce,drop_first->prepend_first,drop_first,prepend_first,2,0.0,0.0,1.0
nonce,drop_first->prepend_first,drop_first,prepend_first,3,0.0,0.0,1.0
nonce,drop_first->prepend_first,drop_first,prepend_first,4,0.0,0.0,1.0
nonce,drop_first->prepend_first,drop_first,prepend_first,5,0.0,0.0,1.0
nonce,drop_first->prepend_first,drop_first,prepend_first,6,0.0,0.0,1.0
nonce,drop_first->prepend_first,drop_first,prepend_first,7,0.0,0.0,1.0
nonce,drop_first->prepend_first,drop_first,prepend_first,8,0.0,0.0,1.0
nonce,drop_first->prepend_first,drop_first,prepend_first,9,0.0,0.0,1.0
nonce,drop_first->prepend_first,drop_first,prepend_first,10,0.0,0.0,1.0
nonce,drop_first->prepend_first,drop_first,prepend_first,11,0.0,0.0,1.0
nonce,drop_first->prepend_first,drop_first,prepend_first,12,0.0,0.0,1.0
nonce,drop_first->prepend_first,drop_first,prepend_first,13,0.0,0.0,1.0
nonce,drop_first->prepend_first,drop_first,prepend_first,14,0.0,0.0,1.0
nonce,drop_first->prepend_first,drop_first,prepend_first,15,0.0,0.0,1.0
nonce,drop_first->prepend_first,drop_first,prepend_first,16,0.0,0.0,1.0
nonce,drop_first->prepend_first,drop_first,prepend_first,17,0.0,0.0,1.0
nonce,drop_first->prepend_first,drop_first,prepend_first,18,0.0,0.0,1.0
nonce,drop_first->prepend_first,drop_first,prepend_first,19,0.0,0.0,1.0
nonce,drop_first->prepend_first,drop_first,prepend_first,20,0.0,0.0,1.0
nonce,drop_first->prepend_first,drop_first,prepend_first,21,0.0,0.0,1.0
nonce,drop_first->prepend_first,drop_first,prepend_first,22,0.0,0.0,1.0
nonce,drop_first->prepend_first,drop_first,prepend_first,23,0.0,0.0,1.0
nonce,drop_first->prepend_first,drop_first,prepend_first,24,0.0,0.0,1.0
nonce,drop_first->prepend_first,drop_first,prepend_first,25,0.0,0.0,1.0
nonce,drop_first->prepend_first,drop_first,prepend_first,26,0.0,0.0,1.0
nonce,drop_first->prepend_first,drop_first,prepend_first,27,0.0,0.0,1.0
nonce,drop_first->append_last,drop_first,append_last,0,0.0,0.0,1.0
nonce,drop_first->append_last,drop_first,append_last,1,0.0,0.0,1.0
nonce,drop_first->append_last,drop_first,append_last,2,0.0,0.0,1.0
nonce,drop_first->append_last,drop_first,append_last,3,0.0,0.0,1.0
nonce,drop_first->append_last,drop_first,append_last,4,0.0,0.0,1.0
nonce,drop_first->append_last,drop_first,append_last,5,0.0,0.0,1.0
nonce,drop_first->append_last,drop_first,append_last,6,0.0,0.0,1.0
nonce,drop_first->append_last,drop_first,append_last,7,0.0,0.0,1.0
nonce,drop_first->append_last,drop_first,append_last,8,0.0,0.0,1.0
nonce,drop_first->append_last,drop_first,append_last,9,0.0,0.0,1.0
nonce,drop_first->append_last,drop_first,append_last,10,0.0,0.0,1.0
nonce,drop_first->append_last,drop_first,append_last,11,0.0,0.0,1.0
nonce,drop_first->append_last,drop_first,append_last,12,0.0,0.0,1.0
nonce,drop_first->append_last,drop_first,append_last,13,0.0,0.0,1.0
nonce,drop_first->append_last,drop_first,append_last,14,0.0,0.0,1.0
nonce,drop_first->append_last,drop_first,append_last,15,0.0,0.0,1.0
nonce,drop_first->append_last,drop_first,append_last,16,0.0,0.0,1.0
nonce,drop_first->append_last,drop_first,append_last,17,0.0,0.0,1.0
nonce,drop_first->append_last,drop_first,append_last,18,0.0,0.0,1.0
nonce,drop_first->append_last,drop_first,append_last,19,0.0,0.0,1.0
nonce,drop_first->append_last,drop_first,append_last,20,0.0,0.0,1.0
nonce,drop_first->append_last,drop_first,append_last,21,0.0,0.0,1.0
nonce,drop_first->append_last,drop_first,append_last,22,0.0,0.0,1.0
nonce,drop_first->append_last,drop_first,append_last,23,0.0,0.0,1.0
nonce,drop_first->append_last,drop_first,append_last,24,0.0,0.0,1.0
nonce,drop_first->append_last,drop_first,append_last,25,0.0,0.0,1.0
nonce,drop_first->append_last,drop_first,append_last,26,0.0,0.0,1.0
nonce,drop_first->append_last,drop_first,append_last,27,0.0,0.0,1.0
nonce,drop_first->drop_last,drop_first,drop_last,0,0.0,0.0,1.0
nonce,drop_first->drop_last,drop_first,drop_last,1,0.0,0.0,1.0
nonce,drop_first->drop_last,drop_first,drop_last,2,0.0,0.0,1.0
nonce,drop_first->drop_last,drop_first,drop_last,3,0.0,0.0,1.0
nonce,drop_first->drop_last,drop_first,drop_last,4,0.0,0.0,1.0
nonce,drop_first->drop_last,drop_first,drop_last,5,0.0,0.0,1.0
nonce,drop_first->drop_last,drop_first,drop_last,6,0.0,0.0,1.0
nonce,drop_first->drop_last,drop_first,drop_last,7,0.0,0.0,1.0
nonce,drop_first->drop_last,drop_first,drop_last,8,0.0,0.0,1.0
nonce,drop_first->drop_last,drop_first,drop_last,9,0.0,0.0,1.0
nonce,drop_first->drop_last,drop_first,drop_last,10,0.0,0.0,1.0
nonce,drop_first->drop_last,drop_first,drop_last,11,0.0,0.0,1.0
nonce,drop_first->drop_last,drop_first,drop_last,12,0.0,0.0,1.0
nonce,drop_first->drop_last,drop_first,drop_last,13,0.0,0.0,1.0
nonce,drop_first->drop_last,drop_first,drop_last,14,0.0,0.0,1.0
nonce,drop_first->drop_last,drop_first,drop_last,15,0.0,0.0,1.0
nonce,drop_first->drop_last,drop_first,drop_last,16,0.0,0.0,1.0
nonce,drop_first->drop_last,drop_first,drop_last,17,0.0,0.0,1.0
nonce,drop_first->drop_last,drop_first,drop_last,18,0.0,0.0,1.0
nonce,drop_first->drop_last,drop_first,drop_last,19,0.0,0.0,1.0
nonce,drop_first->drop_last,drop_first,drop_last,20,0.0,0.0,1.0
nonce,drop_first->drop_last,drop_first,drop_last,21,0.0,0.0,1.0
nonce,drop_first->drop_last,drop_first,drop_last,22,0.0,0.0,1.0
nonce,drop_first->drop_last,drop_first,drop_last,23,0.0,0.0,1.0
nonce,drop_first->drop_last,drop_first,drop_last,24,0.0,0.0,1.0
nonce,drop_first->drop_last,drop_first,drop_last,25,0.0,0.0,1.0
nonce,drop_first->drop_last,drop_first,drop_last,26,0.0,0.0,1.0
nonce,drop_first->drop_last,drop_first,drop_last,27,0.0,0.0,1.0
nonce,drop_first->reverse,drop_first,reverse,0,0.0,0.0,1.0
nonce,drop_first->reverse,drop_first,reverse,1,0.0,0.0,1.0
nonce,drop_first->reverse,drop_first,reverse,2,0.0,0.0,1.0
nonce,drop_first->reverse,drop_first,reverse,3,0.0,0.0,1.0
nonce,drop_first->reverse,drop_first,reverse,4,0.0,0.0,1.0
nonce,drop_first->reverse,drop_first,reverse,5,0.0,0.0,1.0
nonce,drop_first->reverse,drop_first,reverse,6,0.0,0.0,1.0
nonce,drop_first->reverse,drop_first,reverse,7,0.0,0.0,1.0
nonce,drop_first->reverse,drop_first,reverse,8,0.0,0.0,1.0
nonce,drop_first->reverse,drop_first,reverse,9,0.0,0.0,1.0
nonce,drop_first->reverse,drop_first,reverse,10,0.0,0.0,1.0
nonce,drop_first->reverse,drop_first,reverse,11,0.0,0.0,1.0
nonce,drop_first->reverse,drop_first,reverse,12,0.0,0.0,1.0
nonce,drop_first->reverse,drop_first,reverse,13,0.0,0.0,1.0
nonce,drop_first->reverse,drop_first,reverse,14,0.0,0.0,1.0
nonce,drop_first->reverse,drop_first,reverse,15,0.0,0.0,1.0
nonce,drop_first->reverse,drop_first,reverse,16,0.0,0.0,1.0
nonce,drop_first->reverse,drop_first,reverse,17,0.0,0.0,1.0
nonce,drop_first->reverse,drop_first,reverse,18,0.0,0.0,1.0
nonce,drop_first->reverse,drop_first,reverse,19,0.0,0.0,1.0
nonce,drop_first->reverse,drop_first,reverse,20,0.0,0.0,1.0
nonce,drop_first->reverse,drop_first,reverse,21,0.0,0.0,1.0
nonce,drop_first->reverse,drop_first,reverse,22,0.0,0.0,1.0
nonce,drop_first->reverse,drop_first,reverse,23,0.0,0.0,1.0
nonce,drop_first->reverse,drop_first,reverse,24,0.0,0.0,1.0
nonce,drop_first->reverse,drop_first,reverse,25,0.0,0.0,1.0
nonce,drop_first->reverse,drop_first,reverse,26,0.0,0.0,1.0
nonce,drop_first->reverse,drop_first,reverse,27,0.0,0.0,1.0
nonce,drop_first->swap_ends,drop_first,swap_ends,0,0.0,0.0,1.0
nonce,drop_first->swap_ends,drop_first,swap_ends,1,0.0,0.0,1.0
nonce,drop_first->swap_ends,drop_first,swap_ends,2,0.0,0.0,1.0
nonce,drop_first->swap_ends,drop_first,swap_ends,3,0.0,0.0,1.0
nonce,drop_first->swap_ends,drop_first,swap_ends,4,0.0,0.0,1.0
nonce,drop_first->swap_ends,drop_first,swap_ends,5,0.0,0.0,1.0
nonce,drop_first->swap_ends,drop_first,swap_ends,6,0.0,0.0,1.0
nonce,drop_first->swap_ends,drop_first,swap_ends,7,0.0,0.0,1.0
nonce,drop_first->swap_ends,drop_first,swap_ends,8,0.0,0.0,1.0
nonce,drop_first->swap_ends,drop_first,swap_ends,9,0.0,0.0,1.0
nonce,drop_first->swap_ends,drop_first,swap_ends,10,0.0,0.0,1.0
nonce,drop_first->swap_ends,drop_first,swap_ends,11,0.0,0.0,1.0
nonce,drop_first->swap_ends,drop_first,swap_ends,12,0.0,0.0,1.0
nonce,drop_first->swap_ends,drop_first,swap_ends,13,0.0,0.0,1.0
nonce,drop_first->swap_ends,drop_first,swap_ends,14,0.0,0.0,1.0
nonce,drop_first->swap_ends,drop_first,swap_ends,15,0.0,0.0,1.0
nonce,drop_first->swap_ends,drop_first,swap_ends,16,0.0,0.0,1.0
nonce,drop_first->swap_ends,drop_first,swap_ends,17,0.0,0.0,1.0
nonce,drop_first->swap_ends,drop_first,swap_ends,18,0.0,0.0,1.0
nonce,drop_first->swap_ends,drop_first,swap_ends,19,0.0,0.0,1.0
nonce,drop_first->swap_ends,drop_first,swap_ends,20,0.0,0.0,1.0
nonce,drop_first->swap_ends,drop_first,swap_ends,21,0.0,0.0,1.0
nonce,drop_first->swap_ends,drop_first,swap_ends,22,0.0,0.0,1.0
nonce,drop_first->swap_ends,drop_first,swap_ends,23,0.0,0.0,1.0
nonce,drop_first->swap_ends,drop_first,swap_ends,24,0.0,0.0,1.0
nonce,drop_first->swap_ends,drop_first,swap_ends,25,0.0,0.0,1.0
nonce,drop_first->swap_ends,drop_first,swap_ends,26,0.0,0.0,1.0
nonce,drop_first->swap_ends,drop_first,swap_ends,27,0.0,0.0,1.0
nonce,drop_first->rotate_left,drop_first,rotate_left,0,0.0,0.0,1.0
nonce,drop_first->rotate_left,drop_first,rotate_left,1,0.0,0.0,1.0
nonce,drop_first->rotate_left,drop_first,rotate_left,2,0.0,0.0,1.0
nonce,drop_first->rotate_left,drop_first,rotate_left,3,0.0,0.0,1.0
nonce,drop_first->rotate_left,drop_first,rotate_left,4,0.0,0.0,1.0
nonce,drop_first->rotate_left,drop_first,rotate_left,5,0.0,0.0,1.0
nonce,drop_first->rotate_left,drop_first,rotate_left,6,0.0,0.0,1.0
nonce,drop_first->rotate_left,drop_first,rotate_left,7,0.0,0.0,1.0
nonce,drop_first->rotate_left,drop_first,rotate_left,8,0.0,0.0,1.0
nonce,drop_first->rotate_left,drop_first,rotate_left,9,0.0,0.0,1.0
nonce,drop_first->rotate_left,drop_first,rotate_left,10,0.0,0.0,1.0
nonce,drop_first->rotate_left,drop_first,rotate_left,11,0.0,0.0,1.0
nonce,drop_first->rotate_left,drop_first,rotate_left,12,0.0,0.0,1.0
nonce,drop_first->rotate_left,drop_first,rotate_left,13,0.0,0.0,1.0
nonce,drop_first->rotate_left,drop_first,rotate_left,14,0.0,0.0,1.0
nonce,drop_first->rotate_left,drop_first,rotate_left,15,0.0,0.0,1.0
nonce,drop_first->rotate_left,drop_first,rotate_left,16,0.0,0.0,1.0
nonce,drop_first->rotate_left,drop_first,rotate_left,17,0.0,0.0,1.0
nonce,drop_first->rotate_left,drop_first,rotate_left,18,0.0,0.0,1.0
nonce,drop_first->rotate_left,drop_first,rotate_left,19,0.0,0.0,1.0
nonce,drop_first->rotate_left,drop_first,rotate_left,20,0.0,0.0,1.0
nonce,drop_first->rotate_left,drop_first,rotate_left,21,0.0,0.0,1.0
nonce,drop_first->rotate_left,drop_first,rotate_left,22,0.0,0.0,1.0
nonce,drop_first->rotate_left,drop_first,rotate_left,23,0.0,0.0,1.0
nonce,drop_first->rotate_left,drop_first,rotate_left,24,0.0,0.0,1.0
nonce,drop_first->rotate_left,drop_first,rotate_left,25,0.0,0.0,1.0
nonce,drop_first->rotate_left,drop_first,rotate_left,26,0.0,0.0,1.0
nonce,drop_first->rotate_left,drop_first,rotate_left,27,0.0,0.0,1.0
nonce,drop_first->suffix_ed,drop_first,suffix_ed,0,0.0,0.0,1.0
nonce,drop_first->suffix_ed,drop_first,suffix_ed,1,0.0,0.0,1.0
nonce,drop_first->suffix_ed,drop_first,suffix_ed,2,0.0,0.0,1.0
nonce,drop_first->suffix_ed,drop_first,suffix_ed,3,0.0,0.0,1.0
nonce,drop_first->suffix_ed,drop_first,suffix_ed,4,0.0,0.0,1.0
nonce,drop_first->suffix_ed,drop_first,suffix_ed,5,0.0,0.0,1.0
nonce,drop_first->suffix_ed,drop_first,suffix_ed,6,0.0,0.0,1.0
nonce,drop_first->suffix_ed,drop_first,suffix_ed,7,0.0,0.0,1.0
nonce,drop_first->suffix_ed,drop_first,suffix_ed,8,0.0,0.0,1.0
nonce,drop_first->suffix_ed,drop_first,suffix_ed,9,0.0,0.0,1.0
nonce,drop_first->suffix_ed,drop_first,suffix_ed,10,0.0,0.0,1.0
nonce,drop_first->suffix_ed,drop_first,suffix_ed,11,0.0,0.0,1.0
nonce,drop_first->suffix_ed,drop_first,suffix_ed,12,0.0,0.0,1.0
nonce,drop_first->suffix_ed,drop_first,suffix_ed,13,0.0,0.0,1.0
nonce,drop_first->suffix_ed,drop_first,suffix_ed,14,0.0,0.0,1.0
nonce,drop_first->suffix_ed,drop_first,suffix_ed,15,0.0,0.0,1.0
nonce,drop_first->suffix_ed,drop_first,suffix_ed,16,0.0,0.0,1.0
nonce,drop_first->suffix_ed,drop_first,suffix_ed,17,0.0,0.0,1.0
nonce,drop_first->suffix_ed,drop_first,suffix_ed,18,0.0,0.0,1.0
nonce,drop_first->suffix_ed,drop_first,suffix_ed,19,0.0,0.0,1.0
nonce,drop_first->suffix_ed,drop_first,suffix_ed,20,0.0,0.0,1.0
nonce,drop_first->suffix_ed,drop_first,suffix_ed,21,0.0,0.0,1.0
nonce,drop_first->suffix_ed,drop_first,suffix_ed,22,0.0,0.0,1.0
nonce,drop_first->suffix_ed,drop_first,suffix_ed,23,0.0,0.0,1.0
nonce,drop_first->suffix_ed,drop_first,suffix_ed,24,0.0,0.0,1.0
nonce,drop_first->suffix_ed,drop_first,suffix_ed,25,0.0,0.0,1.0
nonce,drop_first->suffix_ed,drop_first,suffix_ed,26,0.0,0.0,1.0
nonce,drop_first->suffix_ed,drop_first,suffix_ed,27,0.0,0.0,1.0
nonce,drop_first->double_vowels,drop_first,double_vowels,0,0.0,0.0,1.0
nonce,drop_first->double_vowels,drop_first,double_vowels,1,0.0,0.0,1.0
nonce,drop_first->double_vowels,drop_first,double_vowels,2,0.0,0.0,1.0
nonce,drop_first->double_vowels,drop_first,double_vowels,3,0.0,0.0,1.0
nonce,drop_first->double_vowels,drop_first,double_vowels,4,0.0,0.0,1.0
nonce,drop_first->double_vowels,drop_first,double_vowels,5,0.0,0.0,1.0
nonce,drop_first->double_vowels,drop_first,double_vowels,6,0.0,0.0,1.0
nonce,drop_first->double_vowels,drop_first,double_vowels,7,0.0,0.0,1.0
nonce,drop_first->double_vowels,drop_first,double_vowels,8,0.0,0.0,1.0
nonce,drop_first->double_vowels,drop_first,double_vowels,9,0.0,0.0,1.0
nonce,drop_first->double_vowels,drop_first,double_vowels,10,0.0,0.0,1.0
nonce,drop_first->double_vowels,drop_first,double_vowels,11,0.0,0.0,1.0
nonce,drop_first->double_vowels,drop_first,double_vowels,12,0.0,0.0,1.0
nonce,drop_first->double_vowels,drop_first,double_vowels,13,0.0,0.0,1.0
nonce,drop_first->double_vowels,drop_first,double_vowels,14,0.0,0.0,1.0
nonce,drop_first->double_vowels,drop_first,double_vowels,15,0.0,0.0,1.0
nonce,drop_first->double_vowels,drop_first,double_vowels,16,0.0,0.0,1.0
nonce,drop_first->double_vowels,drop_first,double_vowels,17,0.0,0.0,1.0
nonce,drop_first->double_vowels,drop_first,double_vowels,18,0.0,0.0,1.0
nonce,drop_first->double_vowels,drop_first,double_vowels,19,0.0,0.0,1.0
nonce,drop_first->double_vowels,drop_first,double_vowels,20,0.0,0.0,1.0
nonce,drop_first->double_vowels,drop_first,double_vowels,21,0.0,0.0,1.0
nonce,drop_first->double_vowels,drop_first,double_vowels,22,0.0,0.0,1.0
nonce,drop_first->double_vowels,drop_first,double_vowels,23,0.0,0.0,1.0
nonce,drop_first->double_vowels,drop_first,double_vowels,24,0.0,0.0,1.0
nonce,drop_first->double_vowels,drop_first,double_vowels,25,0.0,0.0,1.0
nonce,drop_first->double_vowels,drop_first,double_vowels,26,0.0,0.0,1.0
nonce,drop_first->double_vowels,drop_first,double_vowels,27,0.0,0.0,1.0
nonce,drop_last->repetition,drop_last,repetition,0,0.0,0.0,1.0
nonce,drop_last->repetition,drop_last,repetition,1,0.0,0.0,1.0
nonce,drop_last->repetition,drop_last,repetition,2,0.0,0.0,1.0
nonce,drop_last->repetition,drop_last,repetition,3,0.0,0.0,1.0
nonce,drop_last->repetition,drop_last,repetition,4,0.0,0.0,1.0
nonce,drop_last->repetition,drop_last,repetition,5,0.0,0.0,1.0
nonce,drop_last->repetition,drop_last,repetition,6,0.0,0.0,1.0
nonce,drop_last->repetition,drop_last,repetition,7,0.0,0.0,1.0
nonce,drop_last->repetition,drop_last,repetition,8,0.0,0.0,1.0
nonce,drop_last->repetition,drop_last,repetition,9,0.0,0.0,1.0
nonce,drop_last->repetition,drop_last,repetition,10,0.0,0.0,1.0
nonce,drop_last->repetition,drop_last,repetition,11,0.0,0.0,1.0
nonce,drop_last->repetition,drop_last,repetition,12,0.0,0.0,1.0
nonce,drop_last->repetition,drop_last,repetition,13,0.0,0.0,1.0
nonce,drop_last->repetition,drop_last,repetition,14,0.0,0.0,1.0
nonce,drop_last->repetition,drop_last,repetition,15,0.0,0.0,1.0
nonce,drop_last->repetition,drop_last,repetition,16,0.0,0.0,1.0
nonce,drop_last->repetition,drop_last,repetition,17,0.0,0.0,1.0
nonce,drop_last->repetition,drop_last,repetition,18,0.0,0.0,1.0
nonce,drop_last->repetition,drop_last,repetition,19,0.0,0.0,1.0
nonce,drop_last->repetition,drop_last,repetition,20,0.0,0.0,1.0
nonce,drop_last->repetition,drop_last,repetition,21,0.0,0.0,1.0
nonce,drop_last->repetition,drop_last,repetition,22,0.0,0.0,1.0
nonce,drop_last->repetition,drop_last,repetition,23,0.0,0.0,1.0
nonce,drop_last->repetition,drop_last,repetition,24,0.0,0.0,1.0
nonce,drop_last->repetition,drop_last,repetition,25,0.0,0.0,1.0
nonce,drop_last->repetition,drop_last,repetition,26,0.0,0.0,1.0
nonce,drop_last->repetition,drop_last,repetition,27,0.0,0.0,1.0
nonce,drop_last->prepend_first,drop_last,prepend_first,0,0.0,0.0,1.0
nonce,drop_last->prepend_first,drop_last,prepend_first,1,0.0,0.0,1.0
nonce,drop_last->prepend_first,drop_last,prepend_first,2,0.0,0.0,1.0
nonce,drop_last->prepend_first,drop_last,prepend_first,3,0.0,0.0,1.0
nonce,drop_last->prepend_first,drop_last,prepend_first,4,0.0,0.0,1.0
nonce,drop_last->prepend_first,drop_last,prepend_first,5,0.0,0.0,1.0
nonce,drop_last->prepend_first,drop_last,prepend_first,6,0.0,0.0,1.0
nonce,drop_last->prepend_first,drop_last,prepend_first,7,0.0,0.0,1.0
nonce,drop_last->prepend_first,drop_last,prepend_first,8,0.0,0.0,1.0
nonce,drop_last->prepend_first,drop_last,prepend_first,9,0.0,0.0,1.0
nonce,drop_last->prepend_first,drop_last,prepend_first,10,0.0,0.0,1.0
nonce,drop_last->prepend_first,drop_last,prepend_first,11,0.0,0.0,1.0
nonce,drop_last->prepend_first,drop_last,prepend_first,12,0.0,0.0,1.0
nonce,drop_last->prepend_first,drop_last,prepend_first,13,0.0,0.0,1.0
nonce,drop_last->prepend_first,drop_last,prepend_first,14,0.0,0.0,1.0
nonce,drop_last->prepend_first,drop_last,prepend_first,15,0.0,0.0,1.0
nonce,drop_last->prepend_first,drop_last,prepend_first,16,0.0,0.0,1.0
nonce,drop_last->prepend_first,drop_last,prepend_first,17,0.0,0.0,1.0
nonce,drop_last->prepend_first,drop_last,prepend_first,18,0.0,0.0,1.0
nonce,drop_last->prepend_first,drop_last,prepend_first,19,0.0,0.0,1.0
nonce,drop_last->prepend_first,drop_last,prepend_first,20,0.0,0.0,1.0
nonce,drop_last->prepend_first,drop_last,prepend_first,21,0.0,0.0,1.0
nonce,drop_last->prepend_first,drop_last,prepend_first,22,0.0,0.0,1.0
nonce,drop_last->prepend_first,drop_last,prepend_first,23,0.0,0.0,1.0
nonce,drop_last->prepend_first,drop_last,prepend_first,24,0.0,0.0,1.0
nonce,drop_last->prepend_first,drop_last,prepend_first,25,0.0,0.0,1.0
nonce,drop_last->prepend_first,drop_last,prepend_first,26,0.0,0.0,1.0
nonce,drop_last->prepend_first,drop_last,prepend_first,27,0.0,0.0,1.0
nonce,drop_last->append_last,drop_last,append_last,0,0.0,0.0,1.0
nonce,drop_last->append_last,drop_last,append_last,1,0.0,0.0,1.0
nonce,drop_last->append_last,drop_last,append_last,2,0.0,0.0,1.0
nonce,drop_last->append_last,drop_last,append_last,3,0.0,0.0,1.0
nonce,drop_last->append_last,drop_last,append_last,4,0.0,0.0,1.0
nonce,drop_last->append_last,drop_last,append_last,5,0.0,0.0,1.0
nonce,drop_last->append_last,drop_last,append_last,6,0.0,0.0,1.0
nonce,drop_last->append_last,drop_last,append_last,7,0.0,0.0,1.0
nonce,drop_last->append_last,drop_last,append_last,8,0.0,0.0,1.0
nonce,drop_last->append_last,drop_last,append_last,9,0.0,0.0,1.0
nonce,drop_last->append_last,drop_last,append_last,10,0.0,0.0,1.0
nonce,drop_last->append_last,drop_last,append_last,11,0.0,0.0,1.0
nonce,drop_last->append_last,drop_last,append_last,12,0.0,0.0,1.0
nonce,drop_last->append_last,drop_last,append_last,13,0.0,0.0,1.0
nonce,drop_last->append_last,drop_last,append_last,14,0.0,0.0,1.0
nonce,drop_last->append_last,drop_last,append_last,15,0.0,0.0,1.0
nonce,drop_last->append_last,drop_last,append_last,16,0.0,0.0,1.0
nonce,drop_last->append_last,drop_last,append_last,17,0.0,0.0,1.0
nonce,drop_last->append_last,drop_last,append_last,18,0.0,0.0,1.0
nonce,drop_last->append_last,drop_last,append_last,19,0.0,0.0,1.0
nonce,drop_last->append_last,drop_last,append_last,20,0.0,0.0,1.0
nonce,drop_last->append_last,drop_last,append_last,21,0.0,0.0,1.0
nonce,drop_last->append_last,drop_last,append_last,22,0.0,0.0,1.0
nonce,drop_last->append_last,drop_last,append_last,23,0.0,0.0,1.0
nonce,drop_last->append_last,drop_last,append_last,24,0.0,0.0,1.0
nonce,drop_last->append_last,drop_last,append_last,25,0.0,0.0,1.0
nonce,drop_last->append_last,drop_last,append_last,26,0.0,0.0,1.0
nonce,drop_last->append_last,drop_last,append_last,27,0.0,0.0,1.0
nonce,drop_last->drop_first,drop_last,drop_first,0,0.0,0.0,1.0
nonce,drop_last->drop_first,drop_last,drop_first,1,0.0,0.0,1.0
nonce,drop_last->drop_first,drop_last,drop_first,2,0.0,0.0,1.0
nonce,drop_last->drop_first,drop_last,drop_first,3,0.0,0.0,1.0
nonce,drop_last->drop_first,drop_last,drop_first,4,0.0,0.0,1.0
nonce,drop_last->drop_first,drop_last,drop_first,5,0.0,0.0,1.0
nonce,drop_last->drop_first,drop_last,drop_first,6,0.0,0.0,1.0
nonce,drop_last->drop_first,drop_last,drop_first,7,0.0,0.0,1.0
nonce,drop_last->drop_first,drop_last,drop_first,8,0.0,0.0,1.0
nonce,drop_last->drop_first,drop_last,drop_first,9,0.0,0.0,1.0
nonce,drop_last->drop_first,drop_last,drop_first,10,0.0,0.0,1.0
nonce,drop_last->drop_first,drop_last,drop_first,11,0.0,0.0,1.0
nonce,drop_last->drop_first,drop_last,drop_first,12,0.0,0.0,1.0
nonce,drop_last->drop_first,drop_last,drop_first,13,0.0,0.0,1.0
nonce,drop_last->drop_first,drop_last,drop_first,14,0.0,0.0,1.0
nonce,drop_last->drop_first,drop_last,drop_first,15,0.0,0.0,1.0
nonce,drop_last->drop_first,drop_last,drop_first,16,0.0,0.0,1.0
nonce,drop_last->drop_first,drop_last,drop_first,17,0.0,0.0,1.0
nonce,drop_last->drop_first,drop_last,drop_first,18,0.0,0.0,1.0
nonce,drop_last->drop_first,drop_last,drop_first,19,0.0,0.0,1.0
nonce,drop_last->drop_first,drop_last,drop_first,20,0.0,0.0,1.0
nonce,drop_last->drop_first,drop_last,drop_first,21,0.0,0.0,1.0
nonce,drop_last->drop_first,drop_last,drop_first,22,0.0,0.0,1.0
nonce,drop_last->drop_first,drop_last,drop_first,23,0.0,0.0,1.0
nonce,drop_last->drop_first,drop_last,drop_first,24,0.0,0.0,1.0
nonce,drop_last->drop_first,drop_last,drop_first,25,0.0,0.0,1.0
nonce,drop_last->drop_first,drop_last,drop_first,26,0.0,0.0,1.0
nonce,drop_last->drop_first,drop_last,drop_first,27,0.0,0.0,1.0
nonce,drop_last->reverse,drop_last,reverse,0,0.0,0.0,1.0
nonce,drop_last->reverse,drop_last,reverse,1,0.0,0.0,1.0
nonce,drop_last->reverse,drop_last,reverse,2,0.0,0.0,1.0
nonce,drop_last->reverse,drop_last,reverse,3,0.0,0.0,1.0
nonce,drop_last->reverse,drop_last,reverse,4,0.0,0.0,1.0
nonce,drop_last->reverse,drop_last,reverse,5,0.0,0.0,1.0
nonce,drop_last->reverse,drop_last,reverse,6,0.0,0.0,1.0
nonce,drop_last->reverse,drop_last,reverse,7,0.0,0.0,1.0
nonce,drop_last->reverse,drop_last,reverse,8,0.0,0.0,1.0
nonce,drop_last->reverse,drop_last,reverse,9,0.0,0.0,1.0
nonce,drop_last->reverse,drop_last,reverse,10,0.0,0.0,1.0
nonce,drop_last->reverse,drop_last,reverse,11,0.0,0.0,1.0
nonce,drop_last->reverse,drop_last,reverse,12,0.0,0.0,1.0
nonce,drop_last->reverse,drop_last,reverse,13,0.0,0.0,1.0
nonce,drop_last->reverse,drop_last,reverse,14,0.0,0.0,1.0
nonce,drop_last->reverse,drop_last,reverse,15,0.0,0.0,1.0
nonce,drop_last->reverse,drop_last,reverse,16,0.0,0.0,1.0
nonce,drop_last->reverse,drop_last,reverse,17,0.0,0.0,1.0
nonce,drop_last->reverse,drop_last,reverse,18,0.0,0.0,1.0
nonce,drop_last->reverse,drop_last,reverse,19,0.0,0.0,1.0
nonce,drop_last->reverse,drop_last,reverse,20,0.0,0.0,1.0
nonce,drop_last->reverse,drop_last,reverse,21,0.0,0.0,1.0
nonce,drop_last->reverse,drop_last,reverse,22,0.0,0.0,1.0
nonce,drop_last->reverse,drop_last,reverse,23,0.0,0.0,1.0
nonce,drop_last->reverse,drop_last,reverse,24,0.0,0.0,1.0
nonce,drop_last->reverse,drop_last,reverse,25,0.0,0.0,1.0
nonce,drop_last->reverse,drop_last,reverse,26,0.0,0.0,1.0
nonce,drop_last->reverse,drop_last,reverse,27,0.0,0.0,1.0
nonce,drop_last->swap_ends,drop_last,swap_ends,0,0.0,0.0,1.0
nonce,drop_last->swap_ends,drop_last,swap_ends,1,0.0,0.0,1.0
nonce,drop_last->swap_ends,drop_last,swap_ends,2,0.0,0.0,1.0
nonce,drop_last->swap_ends,drop_last,swap_ends,3,0.0,0.0,1.0
nonce,drop_last->swap_ends,drop_last,swap_ends,4,0.0,0.0,1.0
nonce,drop_last->swap_ends,drop_last,swap_ends,5,0.0,0.0,1.0
nonce,drop_last->swap_ends,drop_last,swap_ends,6,0.0,0.0,1.0
nonce,drop_last->swap_ends,drop_last,swap_ends,7,0.0,0.0,1.0
nonce,drop_last->swap_ends,drop_last,swap_ends,8,0.0,0.0,1.0
nonce,drop_last->swap_ends,drop_last,swap_ends,9,0.0,0.0,1.0
nonce,drop_last->swap_ends,drop_last,swap_ends,10,0.0,0.0,1.0
nonce,drop_last->swap_ends,drop_last,swap_ends,11,0.0,0.0,1.0
nonce,drop_last->swap_ends,drop_last,swap_ends,12,0.0,0.0,1.0
nonce,drop_last->swap_ends,drop_last,swap_ends,13,0.0,0.0,1.0
nonce,drop_last->swap_ends,drop_last,swap_ends,14,0.0,0.0,1.0
nonce,drop_last->swap_ends,drop_last,swap_ends,15,0.0,0.0,1.0
nonce,drop_last->swap_ends,drop_last,swap_ends,16,0.0,0.0,1.0
nonce,drop_last->swap_ends,drop_last,swap_ends,17,0.0,0.0,1.0
nonce,drop_last->swap_ends,drop_last,swap_ends,18,0.0,0.0,1.0
nonce,drop_last->swap_ends,drop_last,swap_ends,19,0.0,0.0,1.0
nonce,drop_last->swap_ends,drop_last,swap_ends,20,0.0,0.0,1.0
nonce,drop_last->swap_ends,drop_last,swap_ends,21,0.0,0.0,1.0
nonce,drop_last->swap_ends,drop_last,swap_ends,22,0.0,0.0,1.0
nonce,drop_last->swap_ends,drop_last,swap_ends,23,0.0,0.0,1.0
nonce,drop_last->swap_ends,drop_last,swap_ends,24,0.0,0.0,1.0
nonce,drop_last->swap_ends,drop_last,swap_ends,25,0.0,0.0,1.0
nonce,drop_last->swap_ends,drop_last,swap_ends,26,0.0,0.0,1.0
nonce,drop_last->swap_ends,drop_last,swap_ends,27,0.0,0.0,1.0
nonce,drop_last->rotate_left,drop_last,rotate_left,0,0.0,0.0,1.0
nonce,drop_last->rotate_left,drop_last,rotate_left,1,0.0,0.0,1.0
nonce,drop_last->rotate_left,drop_last,rotate_left,2,0.0,0.0,1.0
nonce,drop_last->rotate_left,drop_last,rotate_left,3,0.0,0.0,1.0
nonce,drop_last->rotate_left,drop_last,rotate_left,4,0.0,0.0,1.0
nonce,drop_last->rotate_left,drop_last,rotate_left,5,0.0,0.0,1.0
nonce,drop_last->rotate_left,drop_last,rotate_left,6,0.0,0.0,1.0
nonce,drop_last->rotate_left,drop_last,rotate_left,7,0.0,0.0,1.0
nonce,drop_last->rotate_left,drop_last,rotate_left,8,0.0,0.0,1.0
nonce,drop_last->rotate_left,drop_last,rotate_left,9,0.0,0.0,1.0
nonce,drop_last->rotate_left,drop_last,rotate_left,10,0.0,0.0,1.0
nonce,drop_last->rotate_left,drop_last,rotate_left,11,0.0,0.0,1.0
nonce,drop_last->rotate_left,drop_last,rotate_left,12,0.0,0.0,1.0
nonce,drop_last->rotate_left,drop_last,rotate_left,13,0.0,0.0,1.0
nonce,drop_last->rotate_left,drop_last,rotate_left,14,0.0,0.0,1.0
nonce,drop_last->rotate_left,drop_last,rotate_left,15,0.0,0.0,1.0
nonce,drop_last->rotate_left,drop_last,rotate_left,16,0.0,0.0,1.0
nonce,drop_last->rotate_left,drop_last,rotate_left,17,0.0,0.0,1.0
nonce,drop_last->rotate_left,drop_last,rotate_left,18,0.0,0.0,1.0
nonce,drop_last->rotate_left,drop_last,rotate_left,19,0.0,0.0,1.0
nonce,drop_last->rotate_left,drop_last,rotate_left,20,0.0,0.0,1.0
nonce,drop_last->rotate_left,drop_last,rotate_left,21,0.0,0.0,1.0
nonce,drop_last->rotate_left,drop_last,rotate_left,22,0.0,0.0,1.0
nonce,drop_last->rotate_left,drop_last,rotate_left,23,0.0,0.0,1.0
nonce,drop_last->rotate_left,drop_last,rotate_left,24,0.0,0.0,1.0
nonce,drop_last->rotate_left,drop_last,rotate_left,25,0.0,0.0,1.0
nonce,drop_last->rotate_left,drop_last,rotate_left,26,0.0,0.0,1.0
nonce,drop_last->rotate_left,drop_last,rotate_left,27,0.0,0.0,1.0
nonce,drop_last->suffix_ed,drop_last,suffix_ed,0,0.0,0.0,1.0
nonce,drop_last->suffix_ed,drop_last,suffix_ed,1,0.0,0.0,1.0
nonce,drop_last->suffix_ed,drop_last,suffix_ed,2,0.0,0.0,1.0
nonce,drop_last->suffix_ed,drop_last,suffix_ed,3,0.0,0.0,1.0
nonce,drop_last->suffix_ed,drop_last,suffix_ed,4,0.0,0.0,1.0
nonce,drop_last->suffix_ed,drop_last,suffix_ed,5,0.0,0.0,1.0
nonce,drop_last->suffix_ed,drop_last,suffix_ed,6,0.0,0.0,1.0
nonce,drop_last->suffix_ed,drop_last,suffix_ed,7,0.0,0.0,1.0
nonce,drop_last->suffix_ed,drop_last,suffix_ed,8,0.0,0.0,1.0
nonce,drop_last->suffix_ed,drop_last,suffix_ed,9,0.0,0.0,1.0
nonce,drop_last->suffix_ed,drop_last,suffix_ed,10,0.0,0.0,1.0
nonce,drop_last->suffix_ed,drop_last,suffix_ed,11,0.0,0.0,1.0
nonce,drop_last->suffix_ed,drop_last,suffix_ed,12,0.0,0.0,1.0
nonce,drop_last->suffix_ed,drop_last,suffix_ed,13,0.0,0.0,1.0
nonce,drop_last->suffix_ed,drop_last,suffix_ed,14,0.0,0.0,1.0
nonce,drop_last->suffix_ed,drop_last,suffix_ed,15,0.0,0.0,1.0
nonce,drop_last->suffix_ed,drop_last,suffix_ed,16,0.0,0.0,1.0
nonce,drop_last->suffix_ed,drop_last,suffix_ed,17,0.0,0.0,1.0
nonce,drop_last->suffix_ed,drop_last,suffix_ed,18,0.0,0.0,1.0
nonce,drop_last->suffix_ed,drop_last,suffix_ed,19,0.0,0.0,1.0
nonce,drop_last->suffix_ed,drop_last,suffix_ed,20,0.0,0.0,1.0
nonce,drop_last->suffix_ed,drop_last,suffix_ed,21,0.0,0.0,1.0
nonce,drop_last->suffix_ed,drop_last,suffix_ed,22,0.0,0.0,1.0
nonce,drop_last->suffix_ed,drop_last,suffix_ed,23,0.0,0.0,1.0
nonce,drop_last->suffix_ed,drop_last,suffix_ed,24,0.0,0.0,1.0
nonce,drop_last->suffix_ed,drop_last,suffix_ed,25,0.0,0.0,1.0
nonce,drop_last->suffix_ed,drop_last,suffix_ed,26,0.0,0.0,1.0
nonce,drop_last->suffix_ed,drop_last,suffix_ed,27,0.0,0.0,1.0
nonce,drop_last->double_vowels,drop_last,double_vowels,0,0.0,0.0,1.0
nonce,drop_last->double_vowels,drop_last,double_vowels,1,0.0,0.0,1.0
nonce,drop_last->double_vowels,drop_last,double_vowels,2,0.0,0.0,1.0
nonce,drop_last->double_vowels,drop_last,double_vowels,3,0.0,0.0,1.0
nonce,drop_last->double_vowels,drop_last,double_vowels,4,0.0,0.0,1.0
nonce,drop_last->double_vowels,drop_last,double_vowels,5,0.0,0.0,1.0
nonce,drop_last->double_vowels,drop_last,double_vowels,6,0.0,0.0,1.0
nonce,drop_last->double_vowels,drop_last,double_vowels,7,0.0,0.0,1.0
nonce,drop_last->double_vowels,drop_last,double_vowels,8,0.0,0.0,1.0
nonce,drop_last->double_vowels,drop_last,double_vowels,9,0.0,0.0,1.0
nonce,drop_last->double_vowels,drop_last,double_vowels,10,0.0,0.0,1.0
nonce,drop_last->double_vowels,drop_last,double_vowels,11,0.0,0.0,1.0
nonce,drop_last->double_vowels,drop_last,double_vowels,12,0.0,0.0,1.0
nonce,drop_last->double_vowels,drop_last,double_vowels,13,0.0,0.0,1.0
nonce,drop_last->double_vowels,drop_last,double_vowels,14,0.0,0.0,1.0
nonce,drop_last->double_vowels,drop_last,double_vowels,15,0.0,0.0,1.0
nonce,drop_last->double_vowels,drop_last,double_vowels,16,0.0,0.0,1.0
nonce,drop_last->double_vowels,drop_last,double_vowels,17,0.0,0.0,1.0
nonce,drop_last->double_vowels,drop_last,double_vowels,18,0.0,0.0,1.0
nonce,drop_last->double_vowels,drop_last,double_vowels,19,0.0,0.0,1.0
nonce,drop_last->double_vowels,drop_last,double_vowels,20,0.0,0.0,1.0
nonce,drop_last->double_vowels,drop_last,double_vowels,21,0.0,0.0,1.0
nonce,drop_last->double_vowels,drop_last,double_vowels,22,0.0,0.0,1.0
nonce,drop_last->double_vowels,drop_last,double_vowels,23,0.0,0.0,1.0
nonce,drop_last->double_vowels,drop_last,double_vowels,24,0.0,0.0,1.0
nonce,drop_last->double_vowels,drop_last,double_vowels,25,0.0,0.0,1.0
nonce,drop_last->double_vowels,drop_last,double_vowels,26,0.0,0.0,1.0
nonce,drop_last->double_vowels,drop_last,double_vowels,27,0.0,0.0,1.0
nonce,reverse->repetition,reverse,repetition,0,0.0,0.0,1.0
nonce,reverse->repetition,reverse,repetition,1,0.0,0.0,1.0
nonce,reverse->repetition,reverse,repetition,2,0.0,0.0,1.0
nonce,reverse->repetition,reverse,repetition,3,0.0,0.0,1.0
nonce,reverse->repetition,reverse,repetition,4,0.0,0.0,1.0
nonce,reverse->repetition,reverse,repetition,5,0.0,0.0,1.0
nonce,reverse->repetition,reverse,repetition,6,0.0,0.0,1.0
nonce,reverse->repetition,reverse,repetition,7,0.0,0.0,1.0
nonce,reverse->repetition,reverse,repetition,8,0.0,0.0,1.0
nonce,reverse->repetition,reverse,repetition,9,0.0,0.0,1.0
nonce,reverse->repetition,reverse,repetition,10,0.0,0.0,1.0
nonce,reverse->repetition,reverse,repetition,11,0.0,0.0,1.0
nonce,reverse->repetition,reverse,repetition,12,0.0,0.0,1.0
nonce,reverse->repetition,reverse,repetition,13,0.0,0.0,1.0
nonce,reverse->repetition,reverse,repetition,14,0.0,0.0,1.0
nonce,reverse->repetition,reverse,repetition,15,0.0,0.0,1.0
nonce,reverse->repetition,reverse,repetition,16,0.0,0.0,1.0
nonce,reverse->repetition,reverse,repetition,17,0.0,0.0,1.0
nonce,reverse->repetition,reverse,repetition,18,0.0,0.0,1.0
nonce,reverse->repetition,reverse,repetition,19,0.0,0.0,1.0
nonce,reverse->repetition,reverse,repetition,20,0.0,0.0,1.0
nonce,reverse->repetition,reverse,repetition,21,0.0,0.0,1.0
nonce,reverse->repetition,reverse,repetition,22,0.0,0.0,1.0
nonce,reverse->repetition,reverse,repetition,23,0.0,0.0,1.0
nonce,reverse->repetition,reverse,repetition,24,0.0,0.0,1.0
nonce,reverse->repetition,reverse,repetition,25,0.0,0.0,1.0
nonce,reverse->repetition,reverse,repetition,26,0.0,0.0,1.0
nonce,reverse->repetition,reverse,repetition,27,0.0,0.0,1.0
nonce,reverse->prepend_first,reverse,prepend_first,0,0.0,0.0,1.0
nonce,reverse->prepend_first,reverse,prepend_first,1,0.0,0.0,1.0
nonce,reverse->prepend_first,reverse,prepend_first,2,0.0,0.0,1.0
nonce,reverse->prepend_first,reverse,prepend_first,3,0.0,0.0,1.0
nonce,reverse->prepend_first,reverse,prepend_first,4,0.0,0.0,1.0
nonce,reverse->prepend_first,reverse,prepend_first,5,0.0,0.0,1.0
nonce,reverse->prepend_first,reverse,prepend_first,6,0.0,0.0,1.0
nonce,reverse->prepend_first,reverse,prepend_first,7,0.0,0.0,1.0
nonce,reverse->prepend_first,reverse,prepend_first,8,0.0,0.0,1.0
nonce,reverse->prepend_first,reverse,prepend_first,9,0.0,0.0,1.0
nonce,reverse->prepend_first,reverse,prepend_first,10,0.0,0.0,1.0
nonce,reverse->prepend_first,reverse,prepend_first,11,0.0,0.0,1.0
nonce,reverse->prepend_first,reverse,prepend_first,12,0.0,0.0,1.0
nonce,reverse->prepend_first,reverse,prepend_first,13,0.0,0.0,1.0
nonce,reverse->prepend_first,reverse,prepend_first,14,0.0,0.0,1.0
nonce,reverse->prepend_first,reverse,prepend_first,15,0.0,0.0,1.0
nonce,reverse->prepend_first,reverse,prepend_first,16,0.0,0.0,1.0
nonce,reverse->prepend_first,reverse,prepend_first,17,0.0,0.0,1.0
nonce,reverse->prepend_first,reverse,prepend_first,18,0.0,0.0,1.0
nonce,reverse->prepend_first,reverse,prepend_first,19,0.0,0.0,1.0
nonce,reverse->prepend_first,reverse,prepend_first,20,0.0,0.0,1.0
nonce,reverse->prepend_first,reverse,prepend_first,21,0.0,0.0,1.0
nonce,reverse->prepend_first,reverse,prepend_first,22,0.0,0.0,1.0
nonce,reverse->prepend_first,reverse,prepend_first,23,0.0,0.0,1.0
nonce,reverse->prepend_first,reverse,prepend_first,24,0.0,0.0,1.0
nonce,reverse->prepend_first,reverse,prepend_first,25,0.0,0.0,1.0
nonce,reverse->prepend_first,reverse,prepend_first,26,0.0,0.0,1.0
nonce,reverse->prepend_first,reverse,prepend_first,27,0.0,0.0,1.0
nonce,reverse->append_last,reverse,append_last,0,0.0,0.0,1.0
nonce,reverse->append_last,reverse,append_last,1,0.0,0.0,1.0
nonce,reverse->append_last,reverse,append_last,2,0.0,0.0,1.0
nonce,reverse->append_last,reverse,append_last,3,0.0,0.0,1.0
nonce,reverse->append_last,reverse,append_last,4,0.0,0.0,1.0
nonce,reverse->append_last,reverse,append_last,5,0.0,0.0,1.0
nonce,reverse->append_last,reverse,append_last,6,0.0,0.0,1.0
nonce,reverse->append_last,reverse,append_last,7,0.0,0.0,1.0
nonce,reverse->append_last,reverse,append_last,8,0.0,0.0,1.0
nonce,reverse->append_last,reverse,append_last,9,0.0,0.0,1.0
nonce,reverse->append_last,reverse,append_last,10,0.0,0.0,1.0
nonce,reverse->append_last,reverse,append_last,11,0.0,0.0,1.0
nonce,reverse->append_last,reverse,append_last,12,0.0,0.0,1.0
nonce,reverse->append_last,reverse,append_last,13,0.0,0.0,1.0
nonce,reverse->append_last,reverse,append_last,14,0.0,0.0,1.0
nonce,reverse->append_last,reverse,append_last,15,0.0,0.0,1.0
nonce,reverse->append_last,reverse,append_last,16,0.0,0.0,1.0
nonce,reverse->append_last,reverse,append_last,17,0.0,0.0,1.0
nonce,reverse->append_last,reverse,append_last,18,0.0,0.0,1.0
nonce,reverse->append_last,reverse,append_last,19,0.0,0.0,1.0
nonce,reverse->append_last,reverse,append_last,20,0.0,0.0,1.0
nonce,reverse->append_last,reverse,append_last,21,0.0,0.0,1.0
nonce,reverse->append_last,reverse,append_last,22,0.0,0.0,1.0
nonce,reverse->append_last,reverse,append_last,23,0.0,0.0,1.0
nonce,reverse->append_last,reverse,append_last,24,0.0,0.0,1.0
nonce,reverse->append_last,reverse,append_last,25,0.0,0.0,1.0
nonce,reverse->append_last,reverse,append_last,26,0.0,0.0,1.0
nonce,reverse->append_last,reverse,append_last,27,0.0,0.0,1.0
nonce,reverse->drop_first,reverse,drop_first,0,0.0,0.0,1.0
nonce,reverse->drop_first,reverse,drop_first,1,0.0,0.0,1.0
nonce,reverse->drop_first,reverse,drop_first,2,0.0,0.0,1.0
nonce,reverse->drop_first,reverse,drop_first,3,0.0,0.0,1.0
nonce,reverse->drop_first,reverse,drop_first,4,0.0,0.0,1.0
nonce,reverse->drop_first,reverse,drop_first,5,0.0,0.0,1.0
nonce,reverse->drop_first,reverse,drop_first,6,0.0,0.0,1.0
nonce,reverse->drop_first,reverse,drop_first,7,0.0,0.0,1.0
nonce,reverse->drop_first,reverse,drop_first,8,0.0,0.0,1.0
nonce,reverse->drop_first,reverse,drop_first,9,0.0,0.0,1.0
nonce,reverse->drop_first,reverse,drop_first,10,0.0,0.0,1.0
nonce,reverse->drop_first,reverse,drop_first,11,0.0,0.0,1.0
nonce,reverse->drop_first,reverse,drop_first,12,0.0,0.0,1.0
nonce,reverse->drop_first,reverse,drop_first,13,0.0,0.0,1.0
nonce,reverse->drop_first,reverse,drop_first,14,0.0,0.0,1.0
nonce,reverse->drop_first,reverse,drop_first,15,0.0,0.0,1.0
nonce,reverse->drop_first,reverse,drop_first,16,0.0,0.0,1.0
nonce,reverse->drop_first,reverse,drop_first,17,0.0,0.0,1.0
nonce,reverse->drop_first,reverse,drop_first,18,0.0,0.0,1.0
nonce,reverse->drop_first,reverse,drop_first,19,0.0,0.0,1.0
nonce,reverse->drop_first,reverse,drop_first,20,0.0,0.0,1.0
nonce,reverse->drop_first,reverse,drop_first,21,0.0,0.0,1.0
nonce,reverse->drop_first,reverse,drop_first,22,0.0,0.0,1.0
nonce,reverse->drop_first,reverse,drop_first,23,0.0,0.0,1.0
nonce,reverse->drop_first,reverse,drop_first,24,0.0,0.0,1.0
nonce,reverse->drop_first,reverse,drop_first,25,0.0,0.0,1.0
nonce,reverse->drop_first,reverse,drop_first,26,0.0,0.0,1.0
nonce,reverse->drop_first,reverse,drop_first,27,0.0,0.0,1.0
nonce,reverse->drop_last,reverse,drop_last,0,0.0,0.0,1.0
nonce,reverse->drop_last,reverse,drop_last,1,0.0,0.0,1.0
nonce,reverse->drop_last,reverse,drop_last,2,0.0,0.0,1.0
nonce,reverse->drop_last,reverse,drop_last,3,0.0,0.0,1.0
nonce,reverse->drop_last,reverse,drop_last,4,0.0,0.0,1.0
nonce,reverse->drop_last,reverse,drop_last,5,0.0,0.0,1.0
nonce,reverse->drop_last,reverse,drop_last,6,0.0,0.0,1.0
nonce,reverse->drop_last,reverse,drop_last,7,0.0,0.0,1.0
nonce,reverse->drop_last,reverse,drop_last,8,0.0,0.0,1.0
nonce,reverse->drop_last,reverse,drop_last,9,0.0,0.0,1.0
nonce,reverse->drop_last,reverse,drop_last,10,0.0,0.0,1.0
nonce,reverse->drop_last,reverse,drop_last,11,0.0,0.0,1.0
nonce,reverse->drop_last,reverse,drop_last,12,0.0,0.0,1.0
nonce,reverse->drop_last,reverse,drop_last,13,0.0,0.0,1.0
nonce,reverse->drop_last,reverse,drop_last,14,0.0,0.0,1.0
nonce,reverse->drop_last,reverse,drop_last,15,0.0,0.0,1.0
nonce,reverse->drop_last,reverse,drop_last,16,0.0,0.0,1.0
nonce,reverse->drop_last,reverse,drop_last,17,0.0,0.0,1.0
nonce,reverse->drop_last,reverse,drop_last,18,0.0,0.0,1.0
nonce,reverse->drop_last,reverse,drop_last,19,0.0,0.0,1.0
nonce,reverse->drop_last,reverse,drop_last,20,0.0,0.0,1.0
nonce,reverse->drop_last,reverse,drop_last,21,0.0,0.0,1.0
nonce,reverse->drop_last,reverse,drop_last,22,0.0,0.0,1.0
nonce,reverse->drop_last,reverse,drop_last,23,0.0,0.0,1.0
nonce,reverse->drop_last,reverse,drop_last,24,0.0,0.0,1.0
nonce,reverse->drop_last,reverse,drop_last,25,0.0,0.0,1.0
nonce,reverse->drop_last,reverse,drop_last,26,0.0,0.0,1.0
nonce,reverse->drop_last,reverse,drop_last,27,0.0,0.0,1.0
nonce,reverse->swap_ends,reverse,swap_ends,0,0.0,0.0,1.0
nonce,reverse->swap_ends,reverse,swap_ends,1,0.0,0.0,1.0
nonce,reverse->swap_ends,reverse,swap_ends,2,0.0,0.0,1.0
nonce,reverse->swap_ends,reverse,swap_ends,3,0.0,0.0,1.0
nonce,reverse->swap_ends,reverse,swap_ends,4,0.0,0.0,1.0
nonce,reverse->swap_ends,reverse,swap_ends,5,0.0,0.0,1.0
nonce,reverse->swap_ends,reverse,swap_ends,6,0.0,0.0,1.0
nonce,reverse->swap_ends,reverse,swap_ends,7,0.0,0.0,1.0
nonce,reverse->swap_ends,reverse,swap_ends,8,0.0,0.0,1.0
nonce,reverse->swap_ends,reverse,swap_ends,9,0.0,0.0,1.0
nonce,reverse->swap_ends,reverse,swap_ends,10,0.0,0.0,1.0
nonce,reverse->swap_ends,reverse,swap_ends,11,0.0,0.0,1.0
nonce,reverse->swap_ends,reverse,swap_ends,12,0.0,0.0,1.0
nonce,reverse->swap_ends,reverse,swap_ends,13,0.0,0.0,1.0
nonce,reverse->swap_ends,reverse,swap_ends,14,0.0,0.0,1.0
nonce,reverse->swap_ends,reverse,swap_ends,15,0.0,0.0,1.0
nonce,reverse->swap_ends,reverse,swap_ends,16,0.0,0.0,1.0
nonce,reverse->swap_ends,reverse,swap_ends,17,0.0,0.0,1.0
nonce,reverse->swap_ends,reverse,swap_ends,18,0.0,0.0,1.0
nonce,reverse->swap_ends,reverse,swap_ends,19,0.0,0.0,1.0
nonce,reverse->swap_ends,reverse,swap_ends,20,0.0,0.0,1.0
nonce,reverse->swap_ends,reverse,swap_ends,21,0.0,0.0,1.0
nonce,reverse->swap_ends,reverse,swap_ends,22,0.0,0.0,1.0
nonce,reverse->swap_ends,reverse,swap_ends,23,0.0,0.0,1.0
nonce,reverse->swap_ends,reverse,swap_ends,24,0.0,0.0,1.0
nonce,reverse->swap_ends,reverse,swap_ends,25,0.0,0.0,1.0
nonce,reverse->swap_ends,reverse,swap_ends,26,0.0,0.0,1.0
nonce,reverse->swap_ends,reverse,swap_ends,27,0.0,0.0,1.0
nonce,reverse->rotate_left,reverse,rotate_left,0,0.0,0.0,1.0
nonce,reverse->rotate_left,reverse,rotate_left,1,0.0,0.0,1.0
nonce,reverse->rotate_left,reverse,rotate_left,2,0.0,0.0,1.0
nonce,reverse->rotate_left,reverse,rotate_left,3,0.0,0.0,1.0
nonce,reverse->rotate_left,reverse,rotate_left,4,0.0,0.0,1.0
nonce,reverse->rotate_left,reverse,rotate_left,5,0.0,0.0,1.0
nonce,reverse->rotate_left,reverse,rotate_left,6,0.0,0.0,1.0
nonce,reverse->rotate_left,reverse,rotate_left,7,0.0,0.0,1.0
nonce,reverse->rotate_left,reverse,rotate_left,8,0.0,0.0,1.0
nonce,reverse->rotate_left,reverse,rotate_left,9,0.0,0.0,1.0
nonce,reverse->rotate_left,reverse,rotate_left,10,0.0,0.0,1.0
nonce,reverse->rotate_left,reverse,rotate_left,11,0.0,0.0,1.0
nonce,reverse->rotate_left,reverse,rotate_left,12,0.0,0.0,1.0
nonce,reverse->rotate_left,reverse,rotate_left,13,0.0,0.0,1.0
nonce,reverse->rotate_left,reverse,rotate_left,14,0.0,0.0,1.0
nonce,reverse->rotate_left,reverse,rotate_left,15,0.0,0.0,1.0
nonce,reverse->rotate_left,reverse,rotate_left,16,0.0,0.0,1.0
nonce,reverse->rotate_left,reverse,rotate_left,17,0.0,0.0,1.0
nonce,reverse->rotate_left,reverse,rotate_left,18,0.0,0.0,1.0
nonce,reverse->rotate_left,reverse,rotate_left,19,0.0,0.0,1.0
nonce,reverse->rotate_left,reverse,rotate_left,20,0.0,0.0,1.0
nonce,reverse->rotate_left,reverse,rotate_left,21,0.0,0.0,1.0
nonce,reverse->rotate_left,reverse,rotate_left,22,0.0,0.0,1.0
nonce,reverse->rotate_left,reverse,rotate_left,23,0.0,0.0,1.0
nonce,reverse->rotate_left,reverse,rotate_left,24,0.0,0.0,1.0
nonce,reverse->rotate_left,reverse,rotate_left,25,0.0,0.0,1.0
nonce,reverse->rotate_left,reverse,rotate_left,26,0.0,0.0,1.0
nonce,reverse->rotate_left,reverse,rotate_left,27,0.0,0.0,1.0
nonce,reverse->suffix_ed,reverse,suffix_ed,0,0.0,0.0,1.0
nonce,reverse->suffix_ed,reverse,suffix_ed,1,0.0,0.0,1.0
nonce,reverse->suffix_ed,reverse,suffix_ed,2,0.0,0.0,1.0
nonce,reverse->suffix_ed,reverse,suffix_ed,3,0.0,0.0,1.0
nonce,reverse->suffix_ed,reverse,suffix_ed,4,0.0,0.0,1.0
nonce,reverse->suffix_ed,reverse,suffix_ed,5,0.0,0.0,1.0
nonce,reverse->suffix_ed,reverse,suffix_ed,6,0.0,0.0,1.0
nonce,reverse->suffix_ed,reverse,suffix_ed,7,0.0,0.0,1.0
nonce,reverse->suffix_ed,reverse,suffix_ed,8,0.0,0.0,1.0
nonce,reverse->suffix_ed,reverse,suffix_ed,9,0.0,0.0,1.0
nonce,reverse->suffix_ed,reverse,suffix_ed,10,0.0,0.0,1.0
nonce,reverse->suffix_ed,reverse,suffix_ed,11,0.0,0.0,1.0
nonce,reverse->suffix_ed,reverse,suffix_ed,12,0.0,0.0,1.0
nonce,reverse->suffix_ed,reverse,suffix_ed,13,0.0,0.0,1.0
nonce,reverse->suffix_ed,reverse,suffix_ed,14,0.0,0.0,1.0
nonce,reverse->suffix_ed,reverse,suffix_ed,15,0.0,0.0,1.0
nonce,reverse->suffix_ed,reverse,suffix_ed,16,0.0,0.0,1.0
nonce,reverse->suffix_ed,reverse,suffix_ed,17,0.0,0.0,1.0
nonce,reverse->suffix_ed,reverse,suffix_ed,18,0.0,0.0,1.0
nonce,reverse->suffix_ed,reverse,suffix_ed,19,0.0,0.0,1.0
nonce,reverse->suffix_ed,reverse,suffix_ed,20,0.0,0.0,1.0
nonce,reverse->suffix_ed,reverse,suffix_ed,21,0.0,0.0,1.0
nonce,reverse->suffix_ed,reverse,suffix_ed,22,0.0,0.0,1.0
nonce,reverse->suffix_ed,reverse,suffix_ed,23,0.0,0.0,1.0
nonce,reverse->suffix_ed,reverse,suffix_ed,24,0.0,0.0,1.0
nonce,reverse->suffix_ed,reverse,suffix_ed,25,0.0,0.0,1.0
nonce,reverse->suffix_ed,reverse,suffix_ed,26,0.0,0.0,1.0
nonce,reverse->suffix_ed,reverse,suffix_ed,27,0.0,0.0,1.0
nonce,reverse->double_vowels,reverse,double_vowels,0,0.0,0.0,1.0
nonce,reverse->double_vowels,reverse,double_vowels,1,0.0,0.0,1.0
nonce,reverse->double_vowels,reverse,double_vowels,2,0.0,0.0,1.0
nonce,reverse->double_vowels,reverse,double_vowels,3,0.0,0.0,1.0
nonce,reverse->double_vowels,reverse,double_vowels,4,0.0,0.0,1.0
nonce,reverse->double_vowels,reverse,double_vowels,5,0.0,0.0,1.0
nonce,reverse->double_vowels,reverse,double_vowels,6,0.0,0.0,1.0
nonce,reverse->double_vowels,reverse,double_vowels,7,0.0,0.0,1.0
nonce,reverse->double_vowels,reverse,double_vowels,8,0.0,0.0,1.0
nonce,reverse->double_vowels,reverse,double_vowels,9,0.0,0.0,1.0
nonce,reverse->double_vowels,reverse,double_vowels,10,0.0,0.0,1.0
nonce,reverse->double_vowels,reverse,double_vowels,11,0.0,0.0,1.0
nonce,reverse->double_vowels,reverse,double_vowels,12,0.0,0.0,1.0
nonce,reverse->double_vowels,reverse,double_vowels,13,0.0,0.0,1.0
nonce,reverse->double_vowels,reverse,double_vowels,14,0.0,0.0,1.0
nonce,reverse->double_vowels,reverse,double_vowels,15,0.0,0.0,1.0
nonce,reverse->double_vowels,reverse,double_vowels,16,0.0,0.0,1.0
nonce,reverse->double_vowels,reverse,double_vowels,17,0.0,0.0,1.0
nonce,reverse->double_vowels,reverse,double_vowels,18,0.0,0.0,1.0
nonce,reverse->double_vowels,reverse,double_vowels,19,0.0,0.0,1.0
nonce,reverse->double_vowels,reverse,double_vowels,20,0.0,0.0,1.0
nonce,reverse->double_vowels,reverse,double_vowels,21,0.0,0.0,1.0
nonce,reverse->double_vowels,reverse,double_vowels,22,0.0,0.0,1.0
nonce,reverse->double_vowels,reverse,double_vowels,23,0.0,0.0,1.0
nonce,reverse->double_vowels,reverse,double_vowels,24,0.0,0.0,1.0
nonce,reverse->double_vowels,reverse,double_vowels,25,0.0,0.0,1.0
nonce,reverse->double_vowels,reverse,double_vowels,26,0.0,0.0,1.0
nonce,reverse->double_vowels,reverse,double_vowels,27,0.0,0.0,1.0
nonce,swap_ends->repetition,swap_ends,repetition,0,0.0,0.0,1.0
nonce,swap_ends->repetition,swap_ends,repetition,1,0.0,0.0,1.0
nonce,swap_ends->repetition,swap_ends,repetition,2,0.0,0.0,1.0
nonce,swap_ends->repetition,swap_ends,repetition,3,0.0,0.0,1.0
nonce,swap_ends->repetition,swap_ends,repetition,4,0.0,0.0,1.0
nonce,swap_ends->repetition,swap_ends,repetition,5,0.0,0.0,1.0
nonce,swap_ends->repetition,swap_ends,repetition,6,0.0,0.0,1.0
nonce,swap_ends->repetition,swap_ends,repetition,7,0.0,0.0,1.0
nonce,swap_ends->repetition,swap_ends,repetition,8,0.0,0.0,1.0
nonce,swap_ends->repetition,swap_ends,repetition,9,0.0,0.0,1.0
nonce,swap_ends->repetition,swap_ends,repetition,10,0.0,0.0,1.0
nonce,swap_ends->repetition,swap_ends,repetition,11,0.0,0.0,1.0
nonce,swap_ends->repetition,swap_ends,repetition,12,0.0,0.0,1.0
nonce,swap_ends->repetition,swap_ends,repetition,13,0.0,0.0,1.0
nonce,swap_ends->repetition,swap_ends,repetition,14,0.0,0.0,1.0
nonce,swap_ends->repetition,swap_ends,repetition,15,0.0,0.0,1.0
nonce,swap_ends->repetition,swap_ends,repetition,16,0.0,0.0,1.0
nonce,swap_ends->repetition,swap_ends,repetition,17,0.0,0.0,1.0
nonce,swap_ends->repetition,swap_ends,repetition,18,0.0,0.0,1.0
nonce,swap_ends->repetition,swap_ends,repetition,19,0.0,0.0,1.0
nonce,swap_ends->repetition,swap_ends,repetition,20,0.0,0.0,1.0
nonce,swap_ends->repetition,swap_ends,repetition,21,0.0,0.0,1.0
nonce,swap_ends->repetition,swap_ends,repetition,22,0.0,0.0,1.0
nonce,swap_ends->repetition,swap_ends,repetition,23,0.0,0.0,1.0
nonce,swap_ends->repetition,swap_ends,repetition,24,0.0,0.0,1.0
nonce,swap_ends->repetition,swap_ends,repetition,25,0.0,0.0,1.0
nonce,swap_ends->repetition,swap_ends,repetition,26,0.0,0.0,1.0
nonce,swap_ends->repetition,swap_ends,repetition,27,0.0,0.0,1.0
nonce,swap_ends->prepend_first,swap_ends,prepend_first,0,0.0,0.0,1.0
nonce,swap_ends->prepend_first,swap_ends,prepend_first,1,0.0,0.0,1.0
nonce,swap_ends->prepend_first,swap_ends,prepend_first,2,0.0,0.0,1.0
nonce,swap_ends->prepend_first,swap_ends,prepend_first,3,0.0,0.0,1.0
nonce,swap_ends->prepend_first,swap_ends,prepend_first,4,0.0,0.0,1.0
nonce,swap_ends->prepend_first,swap_ends,prepend_first,5,0.0,0.0,1.0
nonce,swap_ends->prepend_first,swap_ends,prepend_first,6,0.0,0.0,1.0
nonce,swap_ends->prepend_first,swap_ends,prepend_first,7,0.0,0.0,1.0
nonce,swap_ends->prepend_first,swap_ends,prepend_first,8,0.0,0.0,1.0
nonce,swap_ends->prepend_first,swap_ends,prepend_first,9,0.0,0.0,1.0
nonce,swap_ends->prepend_first,swap_ends,prepend_first,10,0.0,0.0,1.0
nonce,swap_ends->prepend_first,swap_ends,prepend_first,11,0.0,0.0,1.0
nonce,swap_ends->prepend_first,swap_ends,prepend_first,12,0.0,0.0,1.0
nonce,swap_ends->prepend_first,swap_ends,prepend_first,13,0.0,0.0,1.0
nonce,swap_ends->prepend_first,swap_ends,prepend_first,14,0.0,0.0,1.0
nonce,swap_ends->prepend_first,swap_ends,prepend_first,15,0.0,0.0,1.0
nonce,swap_ends->prepend_first,swap_ends,prepend_first,16,0.0,0.0,1.0
nonce,swap_ends->prepend_first,swap_ends,prepend_first,17,0.0,0.0,1.0
nonce,swap_ends->prepend_first,swap_ends,prepend_first,18,0.0,0.0,1.0
nonce,swap_ends->prepend_first,swap_ends,prepend_first,19,0.0,0.0,1.0
nonce,swap_ends->prepend_first,swap_ends,prepend_first,20,0.0,0.0,1.0
nonce,swap_ends->prepend_first,swap_ends,prepend_first,21,0.0,0.0,1.0
nonce,swap_ends->prepend_first,swap_ends,prepend_first,22,0.0,0.0,1.0
nonce,swap_ends->prepend_first,swap_ends,prepend_first,23,0.0,0.0,1.0
nonce,swap_ends->prepend_first,swap_ends,prepend_first,24,0.0,0.0,1.0
nonce,swap_ends->prepend_first,swap_ends,prepend_first,25,0.0,0.0,1.0
nonce,swap_ends->prepend_first,swap_ends,prepend_first,26,0.0,0.0,1.0
nonce,swap_ends->prepend_first,swap_ends,prepend_first,27,0.0,0.0,1.0
nonce,swap_ends->append_last,swap_ends,append_last,0,0.0,0.0,1.0
nonce,swap_ends->append_last,swap_ends,append_last,1,0.0,0.0,1.0
nonce,swap_ends->append_last,swap_ends,append_last,2,0.0,0.0,1.0
nonce,swap_ends->append_last,swap_ends,append_last,3,0.0,0.0,1.0
nonce,swap_ends->append_last,swap_ends,append_last,4,0.0,0.0,1.0
nonce,swap_ends->append_last,swap_ends,append_last,5,0.0,0.0,1.0
nonce,swap_ends->append_last,swap_ends,append_last,6,0.0,0.0,1.0
nonce,swap_ends->append_last,swap_ends,append_last,7,0.0,0.0,1.0
nonce,swap_ends->append_last,swap_ends,append_last,8,0.0,0.0,1.0
nonce,swap_ends->append_last,swap_ends,append_last,9,0.0,0.0,1.0
nonce,swap_ends->append_last,swap_ends,append_last,10,0.0,0.0,1.0
nonce,swap_ends->append_last,swap_ends,append_last,11,0.0,0.0,1.0
nonce,swap_ends->append_last,swap_ends,append_last,12,0.0,0.0,1.0
nonce,swap_ends->append_last,swap_ends,append_last,13,0.0,0.0,1.0
nonce,swap_ends->append_last,swap_ends,append_last,14,0.0,0.0,1.0
nonce,swap_ends->append_last,swap_ends,append_last,15,0.0,0.0,1.0
nonce,swap_ends->append_last,swap_ends,append_last,16,0.0,0.0,1.0
nonce,swap_ends->append_last,swap_ends,append_last,17,0.0,0.0,1.0
nonce,swap_ends->append_last,swap_ends,append_last,18,0.0,0.0,1.0
nonce,swap_ends->append_last,swap_ends,append_last,19,0.0,0.0,1.0
nonce,swap_ends->append_last,swap_ends,append_last,20,0.0,0.0,1.0
nonce,swap_ends->append_last,swap_ends,append_last,21,0.0,0.0,1.0
nonce,swap_ends->append_last,swap_ends,append_last,22,0.0,0.0,1.0
nonce,swap_ends->append_last,swap_ends,append_last,23,0.0,0.0,1.0
nonce,swap_ends->append_last,swap_ends,append_last,24,0.0,0.0,1.0
nonce,swap_ends->append_last,swap_ends,append_last,25,0.0,0.0,1.0
nonce,swap_ends->append_last,swap_ends,append_last,26,0.0,0.0,1.0
nonce,swap_ends->append_last,swap_ends,append_last,27,0.0,0.0,1.0
nonce,swap_ends->drop_first,swap_ends,drop_first,0,0.0,0.0,1.0
nonce,swap_ends->drop_first,swap_ends,drop_first,1,0.0,0.0,1.0
nonce,swap_ends->drop_first,swap_ends,drop_first,2,0.0,0.0,1.0
nonce,swap_ends->drop_first,swap_ends,drop_first,3,0.0,0.0,1.0
nonce,swap_ends->drop_first,swap_ends,drop_first,4,0.0,0.0,1.0
nonce,swap_ends->drop_first,swap_ends,drop_first,5,0.0,0.0,1.0
nonce,swap_ends->drop_first,swap_ends,drop_first,6,0.0,0.0,1.0
nonce,swap_ends->drop_first,swap_ends,drop_first,7,0.0,0.0,1.0
nonce,swap_ends->drop_first,swap_ends,drop_first,8,0.0,0.0,1.0
nonce,swap_ends->drop_first,swap_ends,drop_first,9,0.0,0.0,1.0
nonce,swap_ends->drop_first,swap_ends,drop_first,10,0.0,0.0,1.0
nonce,swap_ends->drop_first,swap_ends,drop_first,11,0.0,0.0,1.0
nonce,swap_ends->drop_first,swap_ends,drop_first,12,0.0,0.0,1.0
nonce,swap_ends->drop_first,swap_ends,drop_first,13,0.0,0.0,1.0
nonce,swap_ends->drop_first,swap_ends,drop_first,14,0.0,0.0,1.0
nonce,swap_ends->drop_first,swap_ends,drop_first,15,0.0,0.0,1.0
nonce,swap_ends->drop_first,swap_ends,drop_first,16,0.0,0.0,1.0
nonce,swap_ends->drop_first,swap_ends,drop_first,17,0.0,0.0,1.0
nonce,swap_ends->drop_first,swap_ends,drop_first,18,0.0,0.0,1.0
nonce,swap_ends->drop_first,swap_ends,drop_first,19,0.0,0.0,1.0
nonce,swap_ends->drop_first,swap_ends,drop_first,20,0.0,0.0,1.0
nonce,swap_ends->drop_first,swap_ends,drop_first,21,0.0,0.0,1.0
nonce,swap_ends->drop_first,swap_ends,drop_first,22,0.0,0.0,1.0
nonce,swap_ends->drop_first,swap_ends,drop_first,23,0.0,0.0,1.0
nonce,swap_ends->drop_first,swap_ends,drop_first,24,0.0,0.0,1.0
nonce,swap_ends->drop_first,swap_ends,drop_first,25,0.0,0.0,1.0
nonce,swap_ends->drop_first,swap_ends,drop_first,26,0.0,0.0,1.0
nonce,swap_ends->drop_first,swap_ends,drop_first,27,0.0,0.0,1.0
nonce,swap_ends->drop_last,swap_ends,drop_last,0,0.0,0.0,1.0
nonce,swap_ends->drop_last,swap_ends,drop_last,1,0.0,0.0,1.0
nonce,swap_ends->drop_last,swap_ends,drop_last,2,0.0,0.0,1.0
nonce,swap_ends->drop_last,swap_ends,drop_last,3,0.0,0.0,1.0
nonce,swap_ends->drop_last,swap_ends,drop_last,4,0.0,0.0,1.0
nonce,swap_ends->drop_last,swap_ends,drop_last,5,0.0,0.0,1.0
nonce,swap_ends->drop_last,swap_ends,drop_last,6,0.0,0.0,1.0
nonce,swap_ends->drop_last,swap_ends,drop_last,7,0.0,0.0,1.0
nonce,swap_ends->drop_last,swap_ends,drop_last,8,0.0,0.0,1.0
nonce,swap_ends->drop_last,swap_ends,drop_last,9,0.0,0.0,1.0
nonce,swap_ends->drop_last,swap_ends,drop_last,10,0.0,0.0,1.0
nonce,swap_ends->drop_last,swap_ends,drop_last,11,0.0,0.0,1.0
nonce,swap_ends->drop_last,swap_ends,drop_last,12,0.0,0.0,1.0
nonce,swap_ends->drop_last,swap_ends,drop_last,13,0.0,0.0,1.0
nonce,swap_ends->drop_last,swap_ends,drop_last,14,0.0,0.0,1.0
nonce,swap_ends->drop_last,swap_ends,drop_last,15,0.0,0.0,1.0
nonce,swap_ends->drop_last,swap_ends,drop_last,16,0.0,0.0,1.0
nonce,swap_ends->drop_last,swap_ends,drop_last,17,0.0,0.0,1.0
nonce,swap_ends->drop_last,swap_ends,drop_last,18,0.0,0.0,1.0
nonce,swap_ends->drop_last,swap_ends,drop_last,19,0.0,0.0,1.0
nonce,swap_ends->drop_last,swap_ends,drop_last,20,0.0,0.0,1.0
nonce,swap_ends->drop_last,swap_ends,drop_last,21,0.0,0.0,1.0
nonce,swap_ends->drop_last,swap_ends,drop_last,22,0.0,0.0,1.0
nonce,swap_ends->drop_last,swap_ends,drop_last,23,0.0,0.0,1.0
nonce,swap_ends->drop_last,swap_ends,drop_last,24,0.0,0.0,1.0
nonce,swap_ends->drop_last,swap_ends,drop_last,25,0.0,0.0,1.0
nonce,swap_ends->drop_last,swap_ends,drop_last,26,0.0,0.0,1.0
nonce,swap_ends->drop_last,swap_ends,drop_last,27,0.0,0.0,1.0
nonce,swap_ends->reverse,swap_ends,reverse,0,0.0,0.0,1.0
nonce,swap_ends->reverse,swap_ends,reverse,1,0.0,0.0,1.0
nonce,swap_ends->reverse,swap_ends,reverse,2,0.0,0.0,1.0
nonce,swap_ends->reverse,swap_ends,reverse,3,0.0,0.0,1.0
nonce,swap_ends->reverse,swap_ends,reverse,4,0.0,0.0,1.0
nonce,swap_ends->reverse,swap_ends,reverse,5,0.0,0.0,1.0
nonce,swap_ends->reverse,swap_ends,reverse,6,0.0,0.0,1.0
nonce,swap_ends->reverse,swap_ends,reverse,7,0.0,0.0,1.0
nonce,swap_ends->reverse,swap_ends,reverse,8,0.0,0.0,1.0
nonce,swap_ends->reverse,swap_ends,reverse,9,0.0,0.0,1.0
nonce,swap_ends->reverse,swap_ends,reverse,10,0.0,0.0,1.0
nonce,swap_ends->reverse,swap_ends,reverse,11,0.0,0.0,1.0
nonce,swap_ends->reverse,swap_ends,reverse,12,0.0,0.0,1.0
nonce,swap_ends->reverse,swap_ends,reverse,13,0.0,0.0,1.0
nonce,swap_ends->reverse,swap_ends,reverse,14,0.0,0.0,1.0
nonce,swap_ends->reverse,swap_ends,reverse,15,0.0,0.0,1.0
nonce,swap_ends->reverse,swap_ends,reverse,16,0.0,0.0,1.0
nonce,swap_ends->reverse,swap_ends,reverse,17,0.0,0.0,1.0
nonce,swap_ends->reverse,swap_ends,reverse,18,0.0,0.0,1.0
nonce,swap_ends->reverse,swap_ends,reverse,19,0.0,0.0,1.0
nonce,swap_ends->reverse,swap_ends,reverse,20,0.0,0.0,1.0
nonce,swap_ends->reverse,swap_ends,reverse,21,0.0,0.0,1.0
nonce,swap_ends->reverse,swap_ends,reverse,22,0.0,0.0,1.0
nonce,swap_ends->reverse,swap_ends,reverse,23,0.0,0.0,1.0
nonce,swap_ends->reverse,swap_ends,reverse,24,0.0,0.0,1.0
nonce,swap_ends->reverse,swap_ends,reverse,25,0.0,0.0,1.0
nonce,swap_ends->reverse,swap_ends,reverse,26,0.0,0.0,1.0
nonce,swap_ends->reverse,swap_ends,reverse,27,0.0,0.0,1.0
nonce,swap_ends->rotate_left,swap_ends,rotate_left,0,0.0,0.0,1.0
nonce,swap_ends->rotate_left,swap_ends,rotate_left,1,0.0,0.0,1.0
nonce,swap_ends->rotate_left,swap_ends,rotate_left,2,0.0,0.0,1.0
nonce,swap_ends->rotate_left,swap_ends,rotate_left,3,0.0,0.0,1.0
nonce,swap_ends->rotate_left,swap_ends,rotate_left,4,0.0,0.0,1.0
nonce,swap_ends->rotate_left,swap_ends,rotate_left,5,0.0,0.0,1.0
nonce,swap_ends->rotate_left,swap_ends,rotate_left,6,0.0,0.0,1.0
nonce,swap_ends->rotate_left,swap_ends,rotate_left,7,0.0,0.0,1.0
nonce,swap_ends->rotate_left,swap_ends,rotate_left,8,0.0,0.0,1.0
nonce,swap_ends->rotate_left,swap_ends,rotate_left,9,0.0,0.0,1.0
nonce,swap_ends->rotate_left,swap_ends,rotate_left,10,0.0,0.0,1.0
nonce,swap_ends->rotate_left,swap_ends,rotate_left,11,0.0,0.0,1.0
nonce,swap_ends->rotate_left,swap_ends,rotate_left,12,0.0,0.0,1.0
nonce,swap_ends->rotate_left,swap_ends,rotate_left,13,0.0,0.0,1.0
nonce,swap_ends->rotate_left,swap_ends,rotate_left,14,0.0,0.0,1.0
nonce,swap_ends->rotate_left,swap_ends,rotate_left,15,0.0,0.0,1.0
nonce,swap_ends->rotate_left,swap_ends,rotate_left,16,0.0,0.0,1.0
nonce,swap_ends->rotate_left,swap_ends,rotate_left,17,0.0,0.0,1.0
nonce,swap_ends->rotate_left,swap_ends,rotate_left,18,0.0,0.0,1.0
nonce,swap_ends->rotate_left,swap_ends,rotate_left,19,0.0,0.0,1.0
nonce,swap_ends->rotate_left,swap_ends,rotate_left,20,0.0,0.0,1.0
nonce,swap_ends->rotate_left,swap_ends,rotate_left,21,0.0,0.0,1.0
nonce,swap_ends->rotate_left,swap_ends,rotate_left,22,0.0,0.0,1.0
nonce,swap_ends->rotate_left,swap_ends,rotate_left,23,0.0,0.0,1.0
nonce,swap_ends->rotate_left,swap_ends,rotate_left,24,0.0,0.0,1.0
nonce,swap_ends->rotate_left,swap_ends,rotate_left,25,0.0,0.0,1.0
nonce,swap_ends->rotate_left,swap_ends,rotate_left,26,0.0,0.0,1.0
nonce,swap_ends->rotate_left,swap_ends,rotate_left,27,0.0,0.0,1.0
nonce,swap_ends->suffix_ed,swap_ends,suffix_ed,0,0.0,0.0,1.0
nonce,swap_ends->suffix_ed,swap_ends,suffix_ed,1,0.0,0.0,1.0
nonce,swap_ends->suffix_ed,swap_ends,suffix_ed,2,0.0,0.0,1.0
nonce,swap_ends->suffix_ed,swap_ends,suffix_ed,3,0.0,0.0,1.0
nonce,swap_ends->suffix_ed,swap_ends,suffix_ed,4,0.0,0.0,1.0
nonce,swap_ends->suffix_ed,swap_ends,suffix_ed,5,0.0,0.0,1.0
nonce,swap_ends->suffix_ed,swap_ends,suffix_ed,6,0.0,0.0,1.0
nonce,swap_ends->suffix_ed,swap_ends,suffix_ed,7,0.0,0.0,1.0
nonce,swap_ends->suffix_ed,swap_ends,suffix_ed,8,0.0,0.0,1.0
nonce,swap_ends->suffix_ed,swap_ends,suffix_ed,9,0.0,0.0,1.0
nonce,swap_ends->suffix_ed,swap_ends,suffix_ed,10,0.0,0.0,1.0
nonce,swap_ends->suffix_ed,swap_ends,suffix_ed,11,0.0,0.0,1.0
nonce,swap_ends->suffix_ed,swap_ends,suffix_ed,12,0.0,0.0,1.0
nonce,swap_ends->suffix_ed,swap_ends,suffix_ed,13,0.0,0.0,1.0
nonce,swap_ends->suffix_ed,swap_ends,suffix_ed,14,0.0,0.0,1.0
nonce,swap_ends->suffix_ed,swap_ends,suffix_ed,15,0.0,0.0,1.0
nonce,swap_ends->suffix_ed,swap_ends,suffix_ed,16,0.0,0.0,1.0
nonce,swap_ends->suffix_ed,swap_ends,suffix_ed,17,0.0,0.0,1.0
nonce,swap_ends->suffix_ed,swap_ends,suffix_ed,18,0.0,0.0,1.0
nonce,swap_ends->suffix_ed,swap_ends,suffix_ed,19,0.0,0.0,1.0
nonce,swap_ends->suffix_ed,swap_ends,suffix_ed,20,0.0,0.0,1.0
nonce,swap_ends->suffix_ed,swap_ends,suffix_ed,21,0.0,0.0,1.0
nonce,swap_ends->suffix_ed,swap_ends,suffix_ed,22,0.0,0.0,1.0
nonce,swap_ends->suffix_ed,swap_ends,suffix_ed,23,0.0,0.0,1.0
nonce,swap_ends->suffix_ed,swap_ends,suffix_ed,24,0.0,0.0,1.0
nonce,swap_ends->suffix_ed,swap_ends,suffix_ed,25,0.0,0.0,1.0
nonce,swap_ends->suffix_ed,swap_ends,suffix_ed,26,0.0,0.0,1.0
nonce,swap_ends->suffix_ed,swap_ends,suffix_ed,27,0.0,0.0,1.0
nonce,swap_ends->double_vowels,swap_ends,double_vowels,0,0.0,0.0,1.0
nonce,swap_ends->double_vowels,swap_ends,double_vowels,1,0.0,0.0,1.0
nonce,swap_ends->double_vowels,swap_ends,double_vowels,2,0.0,0.0,1.0
nonce,swap_ends->double_vowels,swap_ends,double_vowels,3,0.0,0.0,1.0
nonce,swap_ends->double_vowels,swap_ends,double_vowels,4,0.0,0.0,1.0
nonce,swap_ends->double_vowels,swap_ends,double_vowels,5,0.0,0.0,1.0
nonce,swap_ends->double_vowels,swap_ends,double_vowels,6,0.0,0.0,1.0
nonce,swap_ends->double_vowels,swap_ends,double_vowels,7,0.0,0.0,1.0
nonce,swap_ends->double_vowels,swap_ends,double_vowels,8,0.0,0.0,1.0
nonce,swap_ends->double_vowels,swap_ends,double_vowels,9,0.0,0.0,1.0
nonce,swap_ends->double_vowels,swap_ends,double_vowels,10,0.0,0.0,1.0
nonce,swap_ends->double_vowels,swap_ends,double_vowels,11,0.0,0.0,1.0
nonce,swap_ends->double_vowels,swap_ends,double_vowels,12,0.0,0.0,1.0
nonce,swap_ends->double_vowels,swap_ends,double_vowels,13,0.0,0.0,1.0
nonce,swap_ends->double_vowels,swap_ends,double_vowels,14,0.0,0.0,1.0
nonce,swap_ends->double_vowels,swap_ends,double_vowels,15,0.0,0.0,1.0
nonce,swap_ends->double_vowels,swap_ends,double_vowels,16,0.0,0.0,1.0
nonce,swap_ends->double_vowels,swap_ends,double_vowels,17,0.0,0.0,1.0
nonce,swap_ends->double_vowels,swap_ends,double_vowels,18,0.0,0.0,1.0
nonce,swap_ends->double_vowels,swap_ends,double_vowels,19,0.0,0.0,1.0
nonce,swap_ends->double_vowels,swap_ends,double_vowels,20,0.0,0.0,1.0
nonce,swap_ends->double_vowels,swap_ends,double_vowels,21,0.0,0.0,1.0
nonce,swap_ends->double_vowels,swap_ends,double_vowels,22,0.0,0.0,1.0
nonce,swap_ends->double_vowels,swap_ends,double_vowels,23,0.0,0.0,1.0
nonce,swap_ends->double_vowels,swap_ends,double_vowels,24,0.0,0.0,1.0
nonce,swap_ends->double_vowels,swap_ends,double_vowels,25,0.0,0.0,1.0
nonce,swap_ends->double_vowels,swap_ends,double_vowels,26,0.0,0.0,1.0
nonce,swap_ends->double_vowels,swap_ends,double_vowels,27,0.0,0.0,1.0
nonce,rotate_left->repetition,rotate_left,repetition,0,0.0,0.0,1.0
nonce,rotate_left->repetition,rotate_left,repetition,1,0.0,0.0,1.0
nonce,rotate_left->repetition,rotate_left,repetition,2,0.0,0.0,1.0
nonce,rotate_left->repetition,rotate_left,repetition,3,0.0,0.0,1.0
nonce,rotate_left->repetition,rotate_left,repetition,4,0.0,0.0,1.0
nonce,rotate_left->repetition,rotate_left,repetition,5,0.0,0.0,1.0
nonce,rotate_left->repetition,rotate_left,repetition,6,0.0,0.0,1.0
nonce,rotate_left->repetition,rotate_left,repetition,7,0.0,0.0,1.0
nonce,rotate_left->repetition,rotate_left,repetition,8,0.0,0.0,1.0
nonce,rotate_left->repetition,rotate_left,repetition,9,0.0,0.0,1.0
nonce,rotate_left->repetition,rotate_left,repetition,10,0.0,0.0,1.0
nonce,rotate_left->repetition,rotate_left,repetition,11,0.0,0.0,1.0
nonce,rotate_left->repetition,rotate_left,repetition,12,0.0,0.0,1.0
nonce,rotate_left->repetition,rotate_left,repetition,13,0.0,0.0,1.0
nonce,rotate_left->repetition,rotate_left,repetition,14,0.0,0.0,1.0
nonce,rotate_left->repetition,rotate_left,repetition,15,0.0,0.0,1.0
nonce,rotate_left->repetition,rotate_left,repetition,16,0.0,0.0,1.0
nonce,rotate_left->repetition,rotate_left,repetition,17,0.0,0.0,1.0
nonce,rotate_left->repetition,rotate_left,repetition,18,0.0,0.0,1.0
nonce,rotate_left->repetition,rotate_left,repetition,19,0.0,0.0,1.0
nonce,rotate_left->repetition,rotate_left,repetition,20,0.0,0.0,1.0
nonce,rotate_left->repetition,rotate_left,repetition,21,0.0,0.0,1.0
nonce,rotate_left->repetition,rotate_left,repetition,22,0.0,0.0,1.0
nonce,rotate_left->repetition,rotate_left,repetition,23,0.0,0.0,1.0
nonce,rotate_left->repetition,rotate_left,repetition,24,0.0,0.0,1.0
nonce,rotate_left->repetition,rotate_left,repetition,25,0.0,0.0,1.0
nonce,rotate_left->repetition,rotate_left,repetition,26,0.0,0.0,1.0
nonce,rotate_left->repetition,rotate_left,repetition,27,0.0,0.0,1.0
nonce,rotate_left->prepend_first,rotate_left,prepend_first,0,0.0,0.0,1.0
nonce,rotate_left->prepend_first,rotate_left,prepend_first,1,0.0,0.0,1.0
nonce,rotate_left->prepend_first,rotate_left,prepend_first,2,0.0,0.0,1.0
nonce,rotate_left->prepend_first,rotate_left,prepend_first,3,0.0,0.0,1.0
nonce,rotate_left->prepend_first,rotate_left,prepend_first,4,0.0,0.0,1.0
nonce,rotate_left->prepend_first,rotate_left,prepend_first,5,0.0,0.0,1.0
nonce,rotate_left->prepend_first,rotate_left,prepend_first,6,0.0,0.0,1.0
nonce,rotate_left->prepend_first,rotate_left,prepend_first,7,0.0,0.0,1.0
nonce,rotate_left->prepend_first,rotate_left,prepend_first,8,0.0,0.0,1.0
nonce,rotate_left->prepend_first,rotate_left,prepend_first,9,0.0,0.0,1.0
nonce,rotate_left->prepend_first,rotate_left,prepend_first,10,0.0,0.0,1.0
nonce,rotate_left->prepend_first,rotate_left,prepend_first,11,0.0,0.0,1.0
nonce,rotate_left->prepend_first,rotate_left,prepend_first,12,0.0,0.0,1.0
nonce,rotate_left->prepend_first,rotate_left,prepend_first,13,0.0,0.0,1.0
nonce,rotate_left->prepend_first,rotate_left,prepend_first,14,0.0,0.0,1.0
nonce,rotate_left->prepend_first,rotate_left,prepend_first,15,0.0,0.0,1.0
nonce,rotate_left->prepend_first,rotate_left,prepend_first,16,0.0,0.0,1.0
nonce,rotate_left->prepend_first,rotate_left,prepend_first,17,0.0,0.0,1.0
nonce,rotate_left->prepend_first,rotate_left,prepend_first,18,0.0,0.0,1.0
nonce,rotate_left->prepend_first,rotate_left,prepend_first,19,0.0,0.0,1.0
nonce,rotate_left->prepend_first,rotate_left,prepend_first,20,0.0,0.0,1.0
nonce,rotate_left->prepend_first,rotate_left,prepend_first,21,0.0,0.0,1.0
nonce,rotate_left->prepend_first,rotate_left,prepend_first,22,0.0,0.0,1.0
nonce,rotate_left->prepend_first,rotate_left,prepend_first,23,0.0,0.0,1.0
nonce,rotate_left->prepend_first,rotate_left,prepend_first,24,0.0,0.0,1.0
nonce,rotate_left->prepend_first,rotate_left,prepend_first,25,0.0,0.0,1.0
nonce,rotate_left->prepend_first,rotate_left,prepend_first,26,0.0,0.0,1.0
nonce,rotate_left->prepend_first,rotate_left,prepend_first,27,0.0,0.0,1.0
nonce,rotate_left->append_last,rotate_left,append_last,0,0.0,0.0,1.0
nonce,rotate_left->append_last,rotate_left,append_last,1,0.0,0.0,1.0
nonce,rotate_left->append_last,rotate_left,append_last,2,0.0,0.0,1.0
nonce,rotate_left->append_last,rotate_left,append_last,3,0.0,0.0,1.0
nonce,rotate_left->append_last,rotate_left,append_last,4,0.0,0.0,1.0
nonce,rotate_left->append_last,rotate_left,append_last,5,0.0,0.0,1.0
nonce,rotate_left->append_last,rotate_left,append_last,6,0.0,0.0,1.0
nonce,rotate_left->append_last,rotate_left,append_last,7,0.0,0.0,1.0
nonce,rotate_left->append_last,rotate_left,append_last,8,0.0,0.0,1.0
nonce,rotate_left->append_last,rotate_left,append_last,9,0.0,0.0,1.0
nonce,rotate_left->append_last,rotate_left,append_last,10,0.0,0.0,1.0
nonce,rotate_left->append_last,rotate_left,append_last,11,0.0,0.0,1.0
nonce,rotate_left->append_last,rotate_left,append_last,12,0.0,0.0,1.0
nonce,rotate_left->append_last,rotate_left,append_last,13,0.0,0.0,1.0
nonce,rotate_left->append_last,rotate_left,append_last,14,0.0,0.0,1.0
nonce,rotate_left->append_last,rotate_left,append_last,15,0.0,0.0,1.0
nonce,rotate_left->append_last,rotate_left,append_last,16,0.0,0.0,1.0
nonce,rotate_left->append_last,rotate_left,append_last,17,0.0,0.0,1.0
nonce,rotate_left->append_last,rotate_left,append_last,18,0.0,0.0,1.0
nonce,rotate_left->append_last,rotate_left,append_last,19,0.0,0.0,1.0
nonce,rotate_left->append_last,rotate_left,append_last,20,0.0,0.0,1.0
nonce,rotate_left->append_last,rotate_left,append_last,21,0.0,0.0,1.0
nonce,rotate_left->append_last,rotate_left,append_last,22,0.0,0.0,1.0
nonce,rotate_left->append_last,rotate_left,append_last,23,0.0,0.0,1.0
nonce,rotate_left->append_last,rotate_left,append_last,24,0.0,0.0,1.0
nonce,rotate_left->append_last,rotate_left,append_last,25,0.0,0.0,1.0
nonce,rotate_left->append_last,rotate_left,append_last,26,0.0,0.0,1.0
nonce,rotate_left->append_last,rotate_left,append_last,27,0.0,0.0,1.0
nonce,rotate_left->drop_first,rotate_left,drop_first,0,0.0,0.0,1.0
nonce,rotate_left->drop_first,rotate_left,drop_first,1,0.0,0.0,1.0
nonce,rotate_left->drop_first,rotate_left,drop_first,2,0.0,0.0,1.0
nonce,rotate_left->drop_first,rotate_left,drop_first,3,0.0,0.0,1.0
nonce,rotate_left->drop_first,rotate_left,drop_first,4,0.0,0.0,1.0
nonce,rotate_left->drop_first,rotate_left,drop_first,5,0.0,0.0,1.0
nonce,rotate_left->drop_first,rotate_left,drop_first,6,0.0,0.0,1.0
nonce,rotate_left->drop_first,rotate_left,drop_first,7,0.0,0.0,1.0
nonce,rotate_left->drop_first,rotate_left,drop_first,8,0.0,0.0,1.0
nonce,rotate_left->drop_first,rotate_left,drop_first,9,0.0,0.0,1.0
nonce,rotate_left->drop_first,rotate_left,drop_first,10,0.0,0.0,1.0
nonce,rotate_left->drop_first,rotate_left,drop_first,11,0.0,0.0,1.0
nonce,rotate_left->drop_first,rotate_left,drop_first,12,0.0,0.0,1.0
nonce,rotate_left->drop_first,rotate_left,drop_first,13,0.0,0.0,1.0
nonce,rotate_left->drop_first,rotate_left,drop_first,14,0.0,0.0,1.0
nonce,rotate_left->drop_first,rotate_left,drop_first,15,0.0,0.0,1.0
nonce,rotate_left->drop_first,rotate_left,drop_first,16,0.0,0.0,1.0
nonce,rotate_left->drop_first,rotate_left,drop_first,17,0.0,0.0,1.0
nonce,rotate_left->drop_first,rotate_left,drop_first,18,0.0,0.0,1.0
nonce,rotate_left->drop_first,rotate_left,drop_first,19,0.0,0.0,1.0
nonce,rotate_left->drop_first,rotate_left,drop_first,20,0.0,0.0,1.0
nonce,rotate_left->drop_first,rotate_left,drop_first,21,0.0,0.0,1.0
nonce,rotate_left->drop_first,rotate_left,drop_first,22,0.0,0.0,1.0
nonce,rotate_left->drop_first,rotate_left,drop_first,23,0.0,0.0,1.0
nonce,rotate_left->drop_first,rotate_left,drop_first,24,0.0,0.0,1.0
nonce,rotate_left->drop_first,rotate_left,drop_first,25,0.0,0.0,1.0
nonce,rotate_left->drop_first,rotate_left,drop_first,26,0.0,0.0,1.0
nonce,rotate_left->drop_first,rotate_left,drop_first,27,0.0,0.0,1.0
nonce,rotate_left->drop_last,rotate_left,drop_last,0,0.0,0.0,1.0
nonce,rotate_left->drop_last,rotate_left,drop_last,1,0.0,0.0,1.0
nonce,rotate_left->drop_last,rotate_left,drop_last,2,0.0,0.0,1.0
nonce,rotate_left->drop_last,rotate_left,drop_last,3,0.0,0.0,1.0
nonce,rotate_left->drop_last,rotate_left,drop_last,4,0.0,0.0,1.0
nonce,rotate_left->drop_last,rotate_left,drop_last,5,0.0,0.0,1.0
nonce,rotate_left->drop_last,rotate_left,drop_last,6,0.0,0.0,1.0
nonce,rotate_left->drop_last,rotate_left,drop_last,7,0.0,0.0,1.0
nonce,rotate_left->drop_last,rotate_left,drop_last,8,0.0,0.0,1.0
nonce,rotate_left->drop_last,rotate_left,drop_last,9,0.0,0.0,1.0
nonce,rotate_left->drop_last,rotate_left,drop_last,10,0.0,0.0,1.0
nonce,rotate_left->drop_last,rotate_left,drop_last,11,0.0,0.0,1.0
nonce,rotate_left->drop_last,rotate_left,drop_last,12,0.0,0.0,1.0
nonce,rotate_left->drop_last,rotate_left,drop_last,13,0.0,0.0,1.0
nonce,rotate_left->drop_last,rotate_left,drop_last,14,0.0,0.0,1.0
nonce,rotate_left->drop_last,rotate_left,drop_last,15,0.0,0.0,1.0
nonce,rotate_left->drop_last,rotate_left,drop_last,16,0.0,0.0,1.0
nonce,rotate_left->drop_last,rotate_left,drop_last,17,0.0,0.0,1.0
nonce,rotate_left->drop_last,rotate_left,drop_last,18,0.0,0.0,1.0
nonce,rotate_left->drop_last,rotate_left,drop_last,19,0.0,0.0,1.0
nonce,rotate_left->drop_last,rotate_left,drop_last,20,0.0,0.0,1.0
nonce,rotate_left->drop_last,rotate_left,drop_last,21,0.0,0.0,1.0
nonce,rotate_left->drop_last,rotate_left,drop_last,22,0.0,0.0,1.0
nonce,rotate_left->drop_last,rotate_left,drop_last,23,0.0,0.0,1.0
nonce,rotate_left->drop_last,rotate_left,drop_last,24,0.0,0.0,1.0
nonce,rotate_left->drop_last,rotate_left,drop_last,25,0.0,0.0,1.0
nonce,rotate_left->drop_last,rotate_left,drop_last,26,0.0,0.0,1.0
nonce,rotate_left->drop_last,rotate_left,drop_last,27,0.0,0.0,1.0
nonce,rotate_left->reverse,rotate_left,reverse,0,0.0,0.0,1.0
nonce,rotate_left->reverse,rotate_left,reverse,1,0.0,0.0,1.0
nonce,rotate_left->reverse,rotate_left,reverse,2,0.0,0.0,1.0
nonce,rotate_left->reverse,rotate_left,reverse,3,0.0,0.0,1.0
nonce,rotate_left->reverse,rotate_left,reverse,4,0.0,0.0,1.0
nonce,rotate_left->reverse,rotate_left,reverse,5,0.0,0.0,1.0
nonce,rotate_left->reverse,rotate_left,reverse,6,0.0,0.0,1.0
nonce,rotate_left->reverse,rotate_left,reverse,7,0.0,0.0,1.0
nonce,rotate_left->reverse,rotate_left,reverse,8,0.0,0.0,1.0
nonce,rotate_left->reverse,rotate_left,reverse,9,0.0,0.0,1.0
nonce,rotate_left->reverse,rotate_left,reverse,10,0.0,0.0,1.0
nonce,rotate_left->reverse,rotate_left,reverse,11,0.0,0.0,1.0
nonce,rotate_left->reverse,rotate_left,reverse,12,0.0,0.0,1.0
nonce,rotate_left->reverse,rotate_left,reverse,13,0.0,0.0,1.0
nonce,rotate_left->reverse,rotate_left,reverse,14,0.0,0.0,1.0
nonce,rotate_left->reverse,rotate_left,reverse,15,0.0,0.0,1.0
nonce,rotate_left->reverse,rotate_left,reverse,16,0.0,0.0,1.0
nonce,rotate_left->reverse,rotate_left,reverse,17,0.0,0.0,1.0
nonce,rotate_left->reverse,rotate_left,reverse,18,0.0,0.0,1.0
nonce,rotate_left->reverse,rotate_left,reverse,19,0.0,0.0,1.0
nonce,rotate_left->reverse,rotate_left,reverse,20,0.0,0.0,1.0
nonce,rotate_left->reverse,rotate_left,reverse,21,0.0,0.0,1.0
nonce,rotate_left->reverse,rotate_left,reverse,22,0.0,0.0,1.0
nonce,rotate_left->reverse,rotate_left,reverse,23,0.0,0.0,1.0
nonce,rotate_left->reverse,rotate_left,reverse,24,0.0,0.0,1.0
nonce,rotate_left->reverse,rotate_left,reverse,25,0.0,0.0,1.0
nonce,rotate_left->reverse,rotate_left,reverse,26,0.0,0.0,1.0
nonce,rotate_left->reverse,rotate_left,reverse,27,0.0,0.0,1.0
nonce,rotate_left->swap_ends,rotate_left,swap_ends,0,0.0,0.0,1.0
nonce,rotate_left->swap_ends,rotate_left,swap_ends,1,0.0,0.0,1.0
nonce,rotate_left->swap_ends,rotate_left,swap_ends,2,0.0,0.0,1.0
nonce,rotate_left->swap_ends,rotate_left,swap_ends,3,0.0,0.0,1.0
nonce,rotate_left->swap_ends,rotate_left,swap_ends,4,0.0,0.0,1.0
nonce,rotate_left->swap_ends,rotate_left,swap_ends,5,0.0,0.0,1.0
nonce,rotate_left->swap_ends,rotate_left,swap_ends,6,0.0,0.0,1.0
nonce,rotate_left->swap_ends,rotate_left,swap_ends,7,0.0,0.0,1.0
nonce,rotate_left->swap_ends,rotate_left,swap_ends,8,0.0,0.0,1.0
nonce,rotate_left->swap_ends,rotate_left,swap_ends,9,0.0,0.0,1.0
nonce,rotate_left->swap_ends,rotate_left,swap_ends,10,0.0,0.0,1.0
nonce,rotate_left->swap_ends,rotate_left,swap_ends,11,0.0,0.0,1.0
nonce,rotate_left->swap_ends,rotate_left,swap_ends,12,0.0,0.0,1.0
nonce,rotate_left->swap_ends,rotate_left,swap_ends,13,0.0,0.0,1.0
nonce,rotate_left->swap_ends,rotate_left,swap_ends,14,0.0,0.0,1.0
nonce,rotate_left->swap_ends,rotate_left,swap_ends,15,0.0,0.0,1.0
nonce,rotate_left->swap_ends,rotate_left,swap_ends,16,0.0,0.0,1.0
nonce,rotate_left->swap_ends,rotate_left,swap_ends,17,0.0,0.0,1.0
nonce,rotate_left->swap_ends,rotate_left,swap_ends,18,0.0,0.0,1.0
nonce,rotate_left->swap_ends,rotate_left,swap_ends,19,0.0,0.0,1.0
nonce,rotate_left->swap_ends,rotate_left,swap_ends,20,0.0,0.0,1.0
nonce,rotate_left->swap_ends,rotate_left,swap_ends,21,0.0,0.0,1.0
nonce,rotate_left->swap_ends,rotate_left,swap_ends,22,0.0,0.0,1.0
nonce,rotate_left->swap_ends,rotate_left,swap_ends,23,0.0,0.0,1.0
nonce,rotate_left->swap_ends,rotate_left,swap_ends,24,0.0,0.0,1.0
nonce,rotate_left->swap_ends,rotate_left,swap_ends,25,0.0,0.0,1.0
nonce,rotate_left->swap_ends,rotate_left,swap_ends,26,0.0,0.0,1.0
nonce,rotate_left->swap_ends,rotate_left,swap_ends,27,0.0,0.0,1.0
nonce,rotate_left->suffix_ed,rotate_left,suffix_ed,0,0.0,0.0,1.0
nonce,rotate_left->suffix_ed,rotate_left,suffix_ed,1,0.0,0.0,1.0
nonce,rotate_left->suffix_ed,rotate_left,suffix_ed,2,0.0,0.0,1.0
nonce,rotate_left->suffix_ed,rotate_left,suffix_ed,3,0.0,0.0,1.0
nonce,rotate_left->suffix_ed,rotate_left,suffix_ed,4,0.0,0.0,1.0
nonce,rotate_left->suffix_ed,rotate_left,suffix_ed,5,0.0,0.0,1.0
nonce,rotate_left->suffix_ed,rotate_left,suffix_ed,6,0.0,0.0,1.0
nonce,rotate_left->suffix_ed,rotate_left,suffix_ed,7,0.0,0.0,1.0
nonce,rotate_left->suffix_ed,rotate_left,suffix_ed,8,0.0,0.0,1.0
nonce,rotate_left->suffix_ed,rotate_left,suffix_ed,9,0.0,0.0,1.0
nonce,rotate_left->suffix_ed,rotate_left,suffix_ed,10,0.0,0.0,1.0
nonce,rotate_left->suffix_ed,rotate_left,suffix_ed,11,0.0,0.0,1.0
nonce,rotate_left->suffix_ed,rotate_left,suffix_ed,12,0.0,0.0,1.0
nonce,rotate_left->suffix_ed,rotate_left,suffix_ed,13,0.0,0.0,1.0
nonce,rotate_left->suffix_ed,rotate_left,suffix_ed,14,0.0,0.0,1.0
nonce,rotate_left->suffix_ed,rotate_left,suffix_ed,15,0.0,0.0,1.0
nonce,rotate_left->suffix_ed,rotate_left,suffix_ed,16,0.0,0.0,1.0
nonce,rotate_left->suffix_ed,rotate_left,suffix_ed,17,0.0,0.0,1.0
nonce,rotate_left->suffix_ed,rotate_left,suffix_ed,18,0.0,0.0,1.0
nonce,rotate_left->suffix_ed,rotate_left,suffix_ed,19,0.0,0.0,1.0
nonce,rotate_left->suffix_ed,rotate_left,suffix_ed,20,0.0,0.0,1.0
nonce,rotate_left->suffix_ed,rotate_left,suffix_ed,21,0.0,0.0,1.0
nonce,rotate_left->suffix_ed,rotate_left,suffix_ed,22,0.0,0.0,1.0
nonce,rotate_left->suffix_ed,rotate_left,suffix_ed,23,0.0,0.0,1.0
nonce,rotate_left->suffix_ed,rotate_left,suffix_ed,24,0.0,0.0,1.0
nonce,rotate_left->suffix_ed,rotate_left,suffix_ed,25,0.0,0.0,1.0
nonce,rotate_left->suffix_ed,rotate_left,suffix_ed,26,0.0,0.0,1.0
nonce,rotate_left->suffix_ed,rotate_left,suffix_ed,27,0.0,0.0,1.0
nonce,rotate_left->double_vowels,rotate_left,double_vowels,0,0.0,0.0,1.0
nonce,rotate_left->double_vowels,rotate_left,double_vowels,1,0.0,0.0,1.0
nonce,rotate_left->double_vowels,rotate_left,double_vowels,2,0.0,0.0,1.0
nonce,rotate_left->double_vowels,rotate_left,double_vowels,3,0.0,0.0,1.0
nonce,rotate_left->double_vowels,rotate_left,double_vowels,4,0.0,0.0,1.0
nonce,rotate_left->double_vowels,rotate_left,double_vowels,5,0.0,0.0,1.0
nonce,rotate_left->double_vowels,rotate_left,double_vowels,6,0.0,0.0,1.0
nonce,rotate_left->double_vowels,rotate_left,double_vowels,7,0.0,0.0,1.0
nonce,rotate_left->double_vowels,rotate_left,double_vowels,8,0.0,0.0,1.0
nonce,rotate_left->double_vowels,rotate_left,double_vowels,9,0.0,0.0,1.0
nonce,rotate_left->double_vowels,rotate_left,double_vowels,10,0.0,0.0,1.0
nonce,rotate_left->double_vowels,rotate_left,double_vowels,11,0.0,0.0,1.0
nonce,rotate_left->double_vowels,rotate_left,double_vowels,12,0.0,0.0,1.0
nonce,rotate_left->double_vowels,rotate_left,double_vowels,13,0.0,0.0,1.0
nonce,rotate_left->double_vowels,rotate_left,double_vowels,14,0.0,0.0,1.0
nonce,rotate_left->double_vowels,rotate_left,double_vowels,15,0.0,0.0,1.0
nonce,rotate_left->double_vowels,rotate_left,double_vowels,16,0.0,0.0,1.0
nonce,rotate_left->double_vowels,rotate_left,double_vowels,17,0.0,0.0,1.0
nonce,rotate_left->double_vowels,rotate_left,double_vowels,18,0.0,0.0,1.0
nonce,rotate_left->double_vowels,rotate_left,double_vowels,19,0.0,0.0,1.0
nonce,rotate_left->double_vowels,rotate_left,double_vowels,20,0.0,0.0,1.0
nonce,rotate_left->double_vowels,rotate_left,double_vowels,21,0.0,0.0,1.0
nonce,rotate_left->double_vowels,rotate_left,double_vowels,22,0.0,0.0,1.0
nonce,rotate_left->double_vowels,rotate_left,double_vowels,23,0.0,0.0,1.0
nonce,rotate_left->double_vowels,rotate_left,double_vowels,24,0.0,0.0,1.0
nonce,rotate_left->double_vowels,rotate_left,double_vowels,25,0.0,0.0,1.0
nonce,rotate_left->double_vowels,rotate_left,double_vowels,26,0.0,0.0,1.0
nonce,rotate_left->double_vowels,rotate_left,double_vowels,27,0.0,0.0,1.0
nonce,suffix_ed->repetition,suffix_ed,repetition,0,0.0,0.0,1.0
nonce,suffix_ed->repetition,suffix_ed,repetition,1,0.0,0.0,1.0
nonce,suffix_ed->repetition,suffix_ed,repetition,2,0.0,0.0,1.0
nonce,suffix_ed->repetition,suffix_ed,repetition,3,0.0,0.0,1.0
nonce,suffix_ed->repetition,suffix_ed,repetition,4,0.0,0.0,1.0
nonce,suffix_ed->repetition,suffix_ed,repetition,5,0.0,0.0,1.0
nonce,suffix_ed->repetition,suffix_ed,repetition,6,0.0,0.0,1.0
nonce,suffix_ed->repetition,suffix_ed,repetition,7,0.0,0.0,1.0
nonce,suffix_ed->repetition,suffix_ed,repetition,8,0.0,0.0,1.0
nonce,suffix_ed->repetition,suffix_ed,repetition,9,0.0,0.0,1.0
nonce,suffix_ed->repetition,suffix_ed,repetition,10,0.0,0.0,1.0
nonce,suffix_ed->repetition,suffix_ed,repetition,11,0.0,0.0,1.0
nonce,suffix_ed->repetition,suffix_ed,repetition,12,0.0,0.0,1.0
nonce,suffix_ed->repetition,suffix_ed,repetition,13,0.0,0.0,1.0
nonce,suffix_ed->repetition,suffix_ed,repetition,14,0.0,0.0,1.0
nonce,suffix_ed->repetition,suffix_ed,repetition,15,0.0,0.0,1.0
nonce,suffix_ed->repetition,suffix_ed,repetition,16,0.0,0.0,1.0
nonce,suffix_ed->repetition,suffix_ed,repetition,17,0.0,0.0,1.0
nonce,suffix_ed->repetition,suffix_ed,repetition,18,0.0,0.0,1.0
nonce,suffix_ed->repetition,suffix_ed,repetition,19,0.0,0.0,1.0
nonce,suffix_ed->repetition,suffix_ed,repetition,20,0.0,0.0,1.0
nonce,suffix_ed->repetition,suffix_ed,repetition,21,0.0,0.0,1.0
nonce,suffix_ed->repetition,suffix_ed,repetition,22,0.0,0.0,1.0
nonce,suffix_ed->repetition,suffix_ed,repetition,23,0.0,0.0,1.0
nonce,suffix_ed->repetition,suffix_ed,repetition,24,0.0,0.0,1.0
nonce,suffix_ed->repetition,suffix_ed,repetition,25,0.0,0.0,1.0
nonce,suffix_ed->repetition,suffix_ed,repetition,26,0.0,0.0,1.0
nonce,suffix_ed->repetition,suffix_ed,repetition,27,0.0,0.0,1.0
nonce,suffix_ed->prepend_first,suffix_ed,prepend_first,0,0.0,0.0,1.0
nonce,suffix_ed->prepend_first,suffix_ed,prepend_first,1,0.0,0.0,1.0
nonce,suffix_ed->prepend_first,suffix_ed,prepend_first,2,0.0,0.0,1.0
nonce,suffix_ed->prepend_first,suffix_ed,prepend_first,3,0.0,0.0,1.0
nonce,suffix_ed->prepend_first,suffix_ed,prepend_first,4,0.0,0.0,1.0
nonce,suffix_ed->prepend_first,suffix_ed,prepend_first,5,0.0,0.0,1.0
nonce,suffix_ed->prepend_first,suffix_ed,prepend_first,6,0.0,0.0,1.0
nonce,suffix_ed->prepend_first,suffix_ed,prepend_first,7,0.0,0.0,1.0
nonce,suffix_ed->prepend_first,suffix_ed,prepend_first,8,0.0,0.0,1.0
nonce,suffix_ed->prepend_first,suffix_ed,prepend_first,9,0.0,0.0,1.0
nonce,suffix_ed->prepend_first,suffix_ed,prepend_first,10,0.0,0.0,1.0
nonce,suffix_ed->prepend_first,suffix_ed,prepend_first,11,0.0,0.0,1.0
nonce,suffix_ed->prepend_first,suffix_ed,prepend_first,12,0.0,0.0,1.0
nonce,suffix_ed->prepend_first,suffix_ed,prepend_first,13,0.0,0.0,1.0
nonce,suffix_ed->prepend_first,suffix_ed,prepend_first,14,0.0,0.0,1.0
nonce,suffix_ed->prepend_first,suffix_ed,prepend_first,15,0.0,0.0,1.0
nonce,suffix_ed->prepend_first,suffix_ed,prepend_first,16,0.0,0.0,1.0
nonce,suffix_ed->prepend_first,suffix_ed,prepend_first,17,0.0,0.0,1.0
nonce,suffix_ed->prepend_first,suffix_ed,prepend_first,18,0.0,0.0,1.0
nonce,suffix_ed->prepend_first,suffix_ed,prepend_first,19,0.0,0.0,1.0
nonce,suffix_ed->prepend_first,suffix_ed,prepend_first,20,0.0,0.0,1.0
nonce,suffix_ed->prepend_first,suffix_ed,prepend_first,21,0.0,0.0,1.0
nonce,suffix_ed->prepend_first,suffix_ed,prepend_first,22,0.0,0.0,1.0
nonce,suffix_ed->prepend_first,suffix_ed,prepend_first,23,0.0,0.0,1.0
nonce,suffix_ed->prepend_first,suffix_ed,prepend_first,24,0.0,0.0,1.0
nonce,suffix_ed->prepend_first,suffix_ed,prepend_first,25,0.0,0.0,1.0
nonce,suffix_ed->prepend_first,suffix_ed,prepend_first,26,0.0,0.0,1.0
nonce,suffix_ed->prepend_first,suffix_ed,prepend_first,27,0.0,0.0,1.0
nonce,suffix_ed->append_last,suffix_ed,append_last,0,0.0,0.0,1.0
nonce,suffix_ed->append_last,suffix_ed,append_last,1,0.0,0.0,1.0
nonce,suffix_ed->append_last,suffix_ed,append_last,2,0.0,0.0,1.0
nonce,suffix_ed->append_last,suffix_ed,append_last,3,0.0,0.0,1.0
nonce,suffix_ed->append_last,suffix_ed,append_last,4,0.0,0.0,1.0
nonce,suffix_ed->append_last,suffix_ed,append_last,5,0.0,0.0,1.0
nonce,suffix_ed->append_last,suffix_ed,append_last,6,0.0,0.0,1.0
nonce,suffix_ed->append_last,suffix_ed,append_last,7,0.0,0.0,1.0
nonce,suffix_ed->append_last,suffix_ed,append_last,8,0.0,0.0,1.0
nonce,suffix_ed->append_last,suffix_ed,append_last,9,0.0,0.0,1.0
nonce,suffix_ed->append_last,suffix_ed,append_last,10,0.0,0.0,1.0
nonce,suffix_ed->append_last,suffix_ed,append_last,11,0.0,0.0,1.0
nonce,suffix_ed->append_last,suffix_ed,append_last,12,0.0,0.0,1.0
nonce,suffix_ed->append_last,suffix_ed,append_last,13,0.0,0.0,1.0
nonce,suffix_ed->append_last,suffix_ed,append_last,14,0.0,0.0,1.0
nonce,suffix_ed->append_last,suffix_ed,append_last,15,0.0,0.0,1.0
nonce,suffix_ed->append_last,suffix_ed,append_last,16,0.0,0.0,1.0
nonce,suffix_ed->append_last,suffix_ed,append_last,17,0.0,0.0,1.0
nonce,suffix_ed->append_last,suffix_ed,append_last,18,0.0,0.0,1.0
nonce,suffix_ed->append_last,suffix_ed,append_last,19,0.0,0.0,1.0
nonce,suffix_ed->append_last,suffix_ed,append_last,20,0.0,0.0,1.0
nonce,suffix_ed->append_last,suffix_ed,append_last,21,0.0,0.0,1.0
nonce,suffix_ed->append_last,suffix_ed,append_last,22,0.0,0.0,1.0
nonce,suffix_ed->append_last,suffix_ed,append_last,23,0.0,0.0,1.0
nonce,suffix_ed->append_last,suffix_ed,append_last,24,0.0,0.0,1.0
nonce,suffix_ed->append_last,suffix_ed,append_last,25,0.0,0.0,1.0
nonce,suffix_ed->append_last,suffix_ed,append_last,26,0.0,0.0,1.0
nonce,suffix_ed->append_last,suffix_ed,append_last,27,0.0,0.0,1.0
nonce,suffix_ed->drop_first,suffix_ed,drop_first,0,0.0,0.0,1.0
nonce,suffix_ed->drop_first,suffix_ed,drop_first,1,0.0,0.0,1.0
nonce,suffix_ed->drop_first,suffix_ed,drop_first,2,0.0,0.0,1.0
nonce,suffix_ed->drop_first,suffix_ed,drop_first,3,0.0,0.0,1.0
nonce,suffix_ed->drop_first,suffix_ed,drop_first,4,0.0,0.0,1.0
nonce,suffix_ed->drop_first,suffix_ed,drop_first,5,0.0,0.0,1.0
nonce,suffix_ed->drop_first,suffix_ed,drop_first,6,0.0,0.0,1.0
nonce,suffix_ed->drop_first,suffix_ed,drop_first,7,0.0,0.0,1.0
nonce,suffix_ed->drop_first,suffix_ed,drop_first,8,0.0,0.0,1.0
nonce,suffix_ed->drop_first,suffix_ed,drop_first,9,0.0,0.0,1.0
nonce,suffix_ed->drop_first,suffix_ed,drop_first,10,0.0,0.0,1.0
nonce,suffix_ed->drop_first,suffix_ed,drop_first,11,0.0,0.0,1.0
nonce,suffix_ed->drop_first,suffix_ed,drop_first,12,0.0,0.0,1.0
nonce,suffix_ed->drop_first,suffix_ed,drop_first,13,0.0,0.0,1.0
nonce,suffix_ed->drop_first,suffix_ed,drop_first,14,0.0,0.0,1.0
nonce,suffix_ed->drop_first,suffix_ed,drop_first,15,0.0,0.0,1.0
nonce,suffix_ed->drop_first,suffix_ed,drop_first,16,0.0,0.0,1.0
nonce,suffix_ed->drop_first,suffix_ed,drop_first,17,0.0,0.0,1.0
nonce,suffix_ed->drop_first,suffix_ed,drop_first,18,0.0,0.0,1.0
nonce,suffix_ed->drop_first,suffix_ed,drop_first,19,0.0,0.0,1.0
nonce,suffix_ed->drop_first,suffix_ed,drop_first,20,0.0,0.0,1.0
nonce,suffix_ed->drop_first,suffix_ed,drop_first,21,0.0,0.0,1.0
nonce,suffix_ed->drop_first,suffix_ed,drop_first,22,0.0,0.0,1.0
nonce,suffix_ed->drop_first,suffix_ed,drop_first,23,0.0,0.0,1.0
nonce,suffix_ed->drop_first,suffix_ed,drop_first,24,0.0,0.0,1.0
nonce,suffix_ed->drop_first,suffix_ed,drop_first,25,0.0,0.0,1.0
nonce,suffix_ed->drop_first,suffix_ed,drop_first,26,0.0,0.0,1.0
nonce,suffix_ed->drop_first,suffix_ed,drop_first,27,0.0,0.0,1.0
nonce,suffix_ed->drop_last,suffix_ed,drop_last,0,0.0,0.0,1.0
nonce,suffix_ed->drop_last,suffix_ed,drop_last,1,0.0,0.0,1.0
nonce,suffix_ed->drop_last,suffix_ed,drop_last,2,0.0,0.0,1.0
nonce,suffix_ed->drop_last,suffix_ed,drop_last,3,0.0,0.0,1.0
nonce,suffix_ed->drop_last,suffix_ed,drop_last,4,0.0,0.0,1.0
nonce,suffix_ed->drop_last,suffix_ed,drop_last,5,0.0,0.0,1.0
nonce,suffix_ed->drop_last,suffix_ed,drop_last,6,0.0,0.0,1.0
nonce,suffix_ed->drop_last,suffix_ed,drop_last,7,0.0,0.0,1.0
nonce,suffix_ed->drop_last,suffix_ed,drop_last,8,0.0,0.0,1.0
nonce,suffix_ed->drop_last,suffix_ed,drop_last,9,0.0,0.0,1.0
nonce,suffix_ed->drop_last,suffix_ed,drop_last,10,0.0,0.0,1.0
nonce,suffix_ed->drop_last,suffix_ed,drop_last,11,0.0,0.0,1.0
nonce,suffix_ed->drop_last,suffix_ed,drop_last,12,0.0,0.0,1.0
nonce,suffix_ed->drop_last,suffix_ed,drop_last,13,0.0,0.0,1.0
nonce,suffix_ed->drop_last,suffix_ed,drop_last,14,0.0,0.0,1.0
nonce,suffix_ed->drop_last,suffix_ed,drop_last,15,0.0,0.0,1.0
nonce,suffix_ed->drop_last,suffix_ed,drop_last,16,0.0,0.0,1.0
nonce,suffix_ed->drop_last,suffix_ed,drop_last,17,0.0,0.0,1.0
nonce,suffix_ed->drop_last,suffix_ed,drop_last,18,0.0,0.0,1.0
nonce,suffix_ed->drop_last,suffix_ed,drop_last,19,0.0,0.0,1.0
nonce,suffix_ed->drop_last,suffix_ed,drop_last,20,0.0,0.0,1.0
nonce,suffix_ed->drop_last,suffix_ed,drop_last,21,0.0,0.0,1.0
nonce,suffix_ed->drop_last,suffix_ed,drop_last,22,0.0,0.0,1.0
nonce,suffix_ed->drop_last,suffix_ed,drop_last,23,0.0,0.0,1.0
nonce,suffix_ed->drop_last,suffix_ed,drop_last,24,0.0,0.0,1.0
nonce,suffix_ed->drop_last,suffix_ed,drop_last,25,0.0,0.0,1.0
nonce,suffix_ed->drop_last,suffix_ed,drop_last,26,0.0,0.0,1.0
nonce,suffix_ed->drop_last,suffix_ed,drop_last,27,0.0,0.0,1.0
nonce,suffix_ed->reverse,suffix_ed,reverse,0,0.0,0.0,1.0
nonce,suffix_ed->reverse,suffix_ed,reverse,1,0.0,0.0,1.0
nonce,suffix_ed->reverse,suffix_ed,reverse,2,0.0,0.0,1.0
nonce,suffix_ed->reverse,suffix_ed,reverse,3,0.0,0.0,1.0
nonce,suffix_ed->reverse,suffix_ed,reverse,4,0.0,0.0,1.0
nonce,suffix_ed->reverse,suffix_ed,reverse,5,0.0,0.0,1.0
nonce,suffix_ed->reverse,suffix_ed,reverse,6,0.0,0.0,1.0
nonce,suffix_ed->reverse,suffix_ed,reverse,7,0.0,0.0,1.0
nonce,suffix_ed->reverse,suffix_ed,reverse,8,0.0,0.0,1.0
nonce,suffix_ed->reverse,suffix_ed,reverse,9,0.0,0.0,1.0
nonce,suffix_ed->reverse,suffix_ed,reverse,10,0.0,0.0,1.0
nonce,suffix_ed->reverse,suffix_ed,reverse,11,0.0,0.0,1.0
nonce,suffix_ed->reverse,suffix_ed,reverse,12,0.0,0.0,1.0
nonce,suffix_ed->reverse,suffix_ed,reverse,13,0.0,0.0,1.0
nonce,suffix_ed->reverse,suffix_ed,reverse,14,0.0,0.0,1.0
nonce,suffix_ed->reverse,suffix_ed,reverse,15,0.0,0.0,1.0
nonce,suffix_ed->reverse,suffix_ed,reverse,16,0.0,0.0,1.0
nonce,suffix_ed->reverse,suffix_ed,reverse,17,0.0,0.0,1.0
nonce,suffix_ed->reverse,suffix_ed,reverse,18,0.0,0.0,1.0
nonce,suffix_ed->reverse,suffix_ed,reverse,19,0.0,0.0,1.0
nonce,suffix_ed->reverse,suffix_ed,reverse,20,0.0,0.0,1.0
nonce,suffix_ed->reverse,suffix_ed,reverse,21,0.0,0.0,1.0
nonce,suffix_ed->reverse,suffix_ed,reverse,22,0.0,0.0,1.0
nonce,suffix_ed->reverse,suffix_ed,reverse,23,0.0,0.0,1.0
nonce,suffix_ed->reverse,suffix_ed,reverse,24,0.0,0.0,1.0
nonce,suffix_ed->reverse,suffix_ed,reverse,25,0.0,0.0,1.0
nonce,suffix_ed->reverse,suffix_ed,reverse,26,0.0,0.0,1.0
nonce,suffix_ed->reverse,suffix_ed,reverse,27,0.0,0.0,1.0
nonce,suffix_ed->swap_ends,suffix_ed,swap_ends,0,0.0,0.0,1.0
nonce,suffix_ed->swap_ends,suffix_ed,swap_ends,1,0.0,0.0,1.0
nonce,suffix_ed->swap_ends,suffix_ed,swap_ends,2,0.0,0.0,1.0
nonce,suffix_ed->swap_ends,suffix_ed,swap_ends,3,0.0,0.0,1.0
nonce,suffix_ed->swap_ends,suffix_ed,swap_ends,4,0.0,0.0,1.0
nonce,suffix_ed->swap_ends,suffix_ed,swap_ends,5,0.0,0.0,1.0
nonce,suffix_ed->swap_ends,suffix_ed,swap_ends,6,0.0,0.0,1.0
nonce,suffix_ed->swap_ends,suffix_ed,swap_ends,7,0.0,0.0,1.0
nonce,suffix_ed->swap_ends,suffix_ed,swap_ends,8,0.0,0.0,1.0
nonce,suffix_ed->swap_ends,suffix_ed,swap_ends,9,0.0,0.0,1.0
nonce,suffix_ed->swap_ends,suffix_ed,swap_ends,10,0.0,0.0,1.0
nonce,suffix_ed->swap_ends,suffix_ed,swap_ends,11,0.0,0.0,1.0
nonce,suffix_ed->swap_ends,suffix_ed,swap_ends,12,0.0,0.0,1.0
nonce,suffix_ed->swap_ends,suffix_ed,swap_ends,13,0.0,0.0,1.0
nonce,suffix_ed->swap_ends,suffix_ed,swap_ends,14,0.0,0.0,1.0
nonce,suffix_ed->swap_ends,suffix_ed,swap_ends,15,0.0,0.0,1.0
nonce,suffix_ed->swap_ends,suffix_ed,swap_ends,16,0.0,0.0,1.0
nonce,suffix_ed->swap_ends,suffix_ed,swap_ends,17,0.0,0.0,1.0
nonce,suffix_ed->swap_ends,suffix_ed,swap_ends,18,0.0,0.0,1.0
nonce,suffix_ed->swap_ends,suffix_ed,swap_ends,19,0.0,0.0,1.0
nonce,suffix_ed->swap_ends,suffix_ed,swap_ends,20,0.0,0.0,1.0
nonce,suffix_ed->swap_ends,suffix_ed,swap_ends,21,0.0,0.0,1.0
nonce,suffix_ed->swap_ends,suffix_ed,swap_ends,22,0.0,0.0,1.0
nonce,suffix_ed->swap_ends,suffix_ed,swap_ends,23,0.0,0.0,1.0
nonce,suffix_ed->swap_ends,suffix_ed,swap_ends,24,0.0,0.0,1.0
nonce,suffix_ed->swap_ends,suffix_ed,swap_ends,25,0.0,0.0,1.0
nonce,suffix_ed->swap_ends,suffix_ed,swap_ends,26,0.0,0.0,1.0
nonce,suffix_ed->swap_ends,suffix_ed,swap_ends,27,0.0,0.0,1.0
nonce,suffix_ed->rotate_left,suffix_ed,rotate_left,0,0.0,0.0,1.0
nonce,suffix_ed->rotate_left,suffix_ed,rotate_left,1,0.0,0.0,1.0
nonce,suffix_ed->rotate_left,suffix_ed,rotate_left,2,0.0,0.0,1.0
nonce,suffix_ed->rotate_left,suffix_ed,rotate_left,3,0.0,0.0,1.0
nonce,suffix_ed->rotate_left,suffix_ed,rotate_left,4,0.0,0.0,1.0
nonce,suffix_ed->rotate_left,suffix_ed,rotate_left,5,0.0,0.0,1.0
nonce,suffix_ed->rotate_left,suffix_ed,rotate_left,6,0.0,0.0,1.0
nonce,suffix_ed->rotate_left,suffix_ed,rotate_left,7,0.0,0.0,1.0
nonce,suffix_ed->rotate_left,suffix_ed,rotate_left,8,0.0,0.0,1.0
nonce,suffix_ed->rotate_left,suffix_ed,rotate_left,9,0.0,0.0,1.0
nonce,suffix_ed->rotate_left,suffix_ed,rotate_left,10,0.0,0.0,1.0
nonce,suffix_ed->rotate_left,suffix_ed,rotate_left,11,0.0,0.0,1.0
nonce,suffix_ed->rotate_left,suffix_ed,rotate_left,12,0.0,0.0,1.0
nonce,suffix_ed->rotate_left,suffix_ed,rotate_left,13,0.0,0.0,1.0
nonce,suffix_ed->rotate_left,suffix_ed,rotate_left,14,0.0,0.0,1.0
nonce,suffix_ed->rotate_left,suffix_ed,rotate_left,15,0.0,0.0,1.0
nonce,suffix_ed->rotate_left,suffix_ed,rotate_left,16,0.0,0.0,1.0
nonce,suffix_ed->rotate_left,suffix_ed,rotate_left,17,0.0,0.0,1.0
nonce,suffix_ed->rotate_left,suffix_ed,rotate_left,18,0.0,0.0,1.0
nonce,suffix_ed->rotate_left,suffix_ed,rotate_left,19,0.0,0.0,1.0
nonce,suffix_ed->rotate_left,suffix_ed,rotate_left,20,0.0,0.0,1.0
nonce,suffix_ed->rotate_left,suffix_ed,rotate_left,21,0.0,0.0,1.0
nonce,suffix_ed->rotate_left,suffix_ed,rotate_left,22,0.0,0.0,1.0
nonce,suffix_ed->rotate_left,suffix_ed,rotate_left,23,0.0,0.0,1.0
nonce,suffix_ed->rotate_left,suffix_ed,rotate_left,24,0.0,0.0,1.0
nonce,suffix_ed->rotate_left,suffix_ed,rotate_left,25,0.0,0.0,1.0
nonce,suffix_ed->rotate_left,suffix_ed,rotate_left,26,0.0,0.0,1.0
nonce,suffix_ed->rotate_left,suffix_ed,rotate_left,27,0.0,0.0,1.0
nonce,suffix_ed->double_vowels,suffix_ed,double_vowels,0,0.0,0.0,1.0
nonce,suffix_ed->double_vowels,suffix_ed,double_vowels,1,0.0,0.0,1.0
nonce,suffix_ed->double_vowels,suffix_ed,double_vowels,2,0.0,0.0,1.0
nonce,suffix_ed->double_vowels,suffix_ed,double_vowels,3,0.0,0.0,1.0
nonce,suffix_ed->double_vowels,suffix_ed,double_vowels,4,0.0,0.0,1.0
nonce,suffix_ed->double_vowels,suffix_ed,double_vowels,5,0.0,0.0,1.0
nonce,suffix_ed->double_vowels,suffix_ed,double_vowels,6,0.0,0.0,1.0
nonce,suffix_ed->double_vowels,suffix_ed,double_vowels,7,0.0,0.0,1.0
nonce,suffix_ed->double_vowels,suffix_ed,double_vowels,8,0.0,0.0,1.0
nonce,suffix_ed->double_vowels,suffix_ed,double_vowels,9,0.0,0.0,1.0
nonce,suffix_ed->double_vowels,suffix_ed,double_vowels,10,0.0,0.0,1.0
nonce,suffix_ed->double_vowels,suffix_ed,double_vowels,11,0.0,0.0,1.0
nonce,suffix_ed->double_vowels,suffix_ed,double_vowels,12,0.0,0.0,1.0
nonce,suffix_ed->double_vowels,suffix_ed,double_vowels,13,0.0,0.0,1.0
nonce,suffix_ed->double_vowels,suffix_ed,double_vowels,14,0.0,0.0,1.0
nonce,suffix_ed->double_vowels,suffix_ed,double_vowels,15,0.0,0.0,1.0
nonce,suffix_ed->double_vowels,suffix_ed,double_vowels,16,0.0,0.0,1.0
nonce,suffix_ed->double_vowels,suffix_ed,double_vowels,17,0.0,0.0,1.0
nonce,suffix_ed->double_vowels,suffix_ed,double_vowels,18,0.0,0.0,1.0
nonce,suffix_ed->double_vowels,suffix_ed,double_vowels,19,0.0,0.0,1.0
nonce,suffix_ed->double_vowels,suffix_ed,double_vowels,20,0.0,0.0,1.0
nonce,suffix_ed->double_vowels,suffix_ed,double_vowels,21,0.0,0.0,1.0
nonce,suffix_ed->double_vowels,suffix_ed,double_vowels,22,0.0,0.0,1.0
nonce,suffix_ed->double_vowels,suffix_ed,double_vowels,23,0.0,0.0,1.0
nonce,suffix_ed->double_vowels,suffix_ed,double_vowels,24,0.0,0.0,1.0
nonce,suffix_ed->double_vowels,suffix_ed,double_vowels,25,0.0,0.0,1.0
nonce,suffix_ed->double_vowels,suffix_ed,double_vowels,26,0.0,0.0,1.0
nonce,suffix_ed->double_vowels,suffix_ed,double_vowels,27,0.0,0.0,1.0
nonce,double_vowels->repetition,double_vowels,repetition,0,0.0,0.0,1.0
nonce,double_vowels->repetition,double_vowels,repetition,1,0.0,0.0,1.0
nonce,double_vowels->repetition,double_vowels,repetition,2,0.0,0.0,1.0
nonce,double_vowels->repetition,double_vowels,repetition,3,0.0,0.0,1.0
nonce,double_vowels->repetition,double_vowels,repetition,4,0.0,0.0,1.0
nonce,double_vowels->repetition,double_vowels,repetition,5,0.0,0.0,1.0
nonce,double_vowels->repetition,double_vowels,repetition,6,0.0,0.0,1.0
nonce,double_vowels->repetition,double_vowels,repetition,7,0.0,0.0,1.0
nonce,double_vowels->repetition,double_vowels,repetition,8,0.0,0.0,1.0
nonce,double_vowels->repetition,double_vowels,repetition,9,0.0,0.0,1.0
nonce,double_vowels->repetition,double_vowels,repetition,10,0.0,0.0,1.0
nonce,double_vowels->repetition,double_vowels,repetition,11,0.0,0.0,1.0
nonce,double_vowels->repetition,double_vowels,repetition,12,0.0,0.0,1.0
nonce,double_vowels->repetition,double_vowels,repetition,13,0.0,0.0,1.0
nonce,double_vowels->repetition,double_vowels,repetition,14,0.0,0.0,1.0
nonce,double_vowels->repetition,double_vowels,repetition,15,0.0,0.0,1.0
nonce,double_vowels->repetition,double_vowels,repetition,16,0.0,0.0,1.0
nonce,double_vowels->repetition,double_vowels,repetition,17,0.0,0.0,1.0
nonce,double_vowels->repetition,double_vowels,repetition,18,0.0,0.0,1.0
nonce,double_vowels->repetition,double_vowels,repetition,19,0.0,0.0,1.0
nonce,double_vowels->repetition,double_vowels,repetition,20,0.0,0.0,1.0
nonce,double_vowels->repetition,double_vowels,repetition,21,0.0,0.0,1.0
nonce,double_vowels->repetition,double_vowels,repetition,22,0.0,0.0,1.0
nonce,double_vowels->repetition,double_vowels,repetition,23,0.0,0.0,1.0
nonce,double_vowels->repetition,double_vowels,repetition,24,0.0,0.0,1.0
nonce,double_vowels->repetition,double_vowels,repetition,25,0.0,0.0,1.0
nonce,double_vowels->repetition,double_vowels,repetition,26,0.0,0.0,1.0
nonce,double_vowels->repetition,double_vowels,repetition,27,0.0,0.0,1.0
nonce,double_vowels->prepend_first,double_vowels,prepend_first,0,0.0,0.0,1.0
nonce,double_vowels->prepend_first,double_vowels,prepend_first,1,0.0,0.0,1.0
nonce,double_vowels->prepend_first,double_vowels,prepend_first,2,0.0,0.0,1.0
nonce,double_vowels->prepend_first,double_vowels,prepend_first,3,0.0,0.0,1.0
nonce,double_vowels->prepend_first,double_vowels,prepend_first,4,0.0,0.0,1.0
nonce,double_vowels->prepend_first,double_vowels,prepend_first,5,0.0,0.0,1.0
nonce,double_vowels->prepend_first,double_vowels,prepend_first,6,0.0,0.0,1.0
nonce,double_vowels->prepend_first,double_vowels,prepend_first,7,0.0,0.0,1.0
nonce,double_vowels->prepend_first,double_vowels,prepend_first,8,0.0,0.0,1.0
nonce,double_vowels->prepend_first,double_vowels,prepend_first,9,0.0,0.0,1.0
nonce,double_vowels->prepend_first,double_vowels,prepend_first,10,0.0,0.0,1.0
nonce,double_vowels->prepend_first,double_vowels,prepend_first,11,0.0,0.0,1.0
nonce,double_vowels->prepend_first,double_vowels,prepend_first,12,0.0,0.0,1.0
nonce,double_vowels->prepend_first,double_vowels,prepend_first,13,0.0,0.0,1.0
nonce,double_vowels->prepend_first,double_vowels,prepend_first,14,0.0,0.0,1.0
nonce,double_vowels->prepend_first,double_vowels,prepend_first,15,0.0,0.0,1.0
nonce,double_vowels->prepend_first,double_vowels,prepend_first,16,0.0,0.0,1.0
nonce,double_vowels->prepend_first,double_vowels,prepend_first,17,0.0,0.0,1.0
nonce,double_vowels->prepend_first,double_vowels,prepend_first,18,0.0,0.0,1.0
nonce,double_vowels->prepend_first,double_vowels,prepend_first,19,0.0,0.0,1.0
nonce,double_vowels->prepend_first,double_vowels,prepend_first,20,0.0,0.0,1.0
nonce,double_vowels->prepend_first,double_vowels,prepend_first,21,0.0,0.0,1.0
nonce,double_vowels->prepend_first,double_vowels,prepend_first,22,0.0,0.0,1.0
nonce,double_vowels->prepend_first,double_vowels,prepend_first,23,0.0,0.0,1.0
nonce,double_vowels->prepend_first,double_vowels,prepend_first,24,0.0,0.0,1.0
nonce,double_vowels->prepend_first,double_vowels,prepend_first,25,0.0,0.0,1.0
nonce,double_vowels->prepend_first,double_vowels,prepend_first,26,0.0,0.0,1.0
nonce,double_vowels->prepend_first,double_vowels,prepend_first,27,0.0,0.0,1.0
nonce,double_vowels->append_last,double_vowels,append_last,0,0.0,0.0,1.0
nonce,double_vowels->append_last,double_vowels,append_last,1,0.0,0.0,1.0
nonce,double_vowels->append_last,double_vowels,append_last,2,0.0,0.0,1.0
nonce,double_vowels->append_last,double_vowels,append_last,3,0.0,0.0,1.0
nonce,double_vowels->append_last,double_vowels,append_last,4,0.0,0.0,1.0
nonce,double_vowels->append_last,double_vowels,append_last,5,0.0,0.0,1.0
nonce,double_vowels->append_last,double_vowels,append_last,6,0.0,0.0,1.0
nonce,double_vowels->append_last,double_vowels,append_last,7,0.0,0.0,1.0
nonce,double_vowels->append_last,double_vowels,append_last,8,0.0,0.0,1.0
nonce,double_vowels->append_last,double_vowels,append_last,9,0.0,0.0,1.0
nonce,double_vowels->append_last,double_vowels,append_last,10,0.0,0.0,1.0
nonce,double_vowels->append_last,double_vowels,append_last,11,0.0,0.0,1.0
nonce,double_vowels->append_last,double_vowels,append_last,12,0.0,0.0,1.0
nonce,double_vowels->append_last,double_vowels,append_last,13,0.0,0.0,1.0
nonce,double_vowels->append_last,double_vowels,append_last,14,0.0,0.0,1.0
nonce,double_vowels->append_last,double_vowels,append_last,15,0.0,0.0,1.0
nonce,double_vowels->append_last,double_vowels,append_last,16,0.0,0.0,1.0
nonce,double_vowels->append_last,double_vowels,append_last,17,0.0,0.0,1.0
nonce,double_vowels->append_last,double_vowels,append_last,18,0.0,0.0,1.0
nonce,double_vowels->append_last,double_vowels,append_last,19,0.0,0.0,1.0
nonce,double_vowels->append_last,double_vowels,append_last,20,0.0,0.0,1.0
nonce,double_vowels->append_last,double_vowels,append_last,21,0.0,0.0,1.0
nonce,double_vowels->append_last,double_vowels,append_last,22,0.0,0.0,1.0
nonce,double_vowels->append_last,double_vowels,append_last,23,0.0,0.0,1.0
nonce,double_vowels->append_last,double_vowels,append_last,24,0.0,0.0,1.0
nonce,double_vowels->append_last,double_vowels,append_last,25,0.0,0.0,1.0
nonce,double_vowels->append_last,double_vowels,append_last,26,0.0,0.0,1.0
nonce,double_vowels->append_last,double_vowels,append_last,27,0.0,0.0,1.0
nonce,double_vowels->drop_first,double_vowels,drop_first,0,0.0,0.0,1.0
nonce,double_vowels->drop_first,double_vowels,drop_first,1,0.0,0.0,1.0
nonce,double_vowels->drop_first,double_vowels,drop_first,2,0.0,0.0,1.0
nonce,double_vowels->drop_first,double_vowels,drop_first,3,0.0,0.0,1.0
nonce,double_vowels->drop_first,double_vowels,drop_first,4,0.0,0.0,1.0
nonce,double_vowels->drop_first,double_vowels,drop_first,5,0.0,0.0,1.0
nonce,double_vowels->drop_first,double_vowels,drop_first,6,0.0,0.0,1.0
nonce,double_vowels->drop_first,double_vowels,drop_first,7,0.0,0.0,1.0
nonce,double_vowels->drop_first,double_vowels,drop_first,8,0.0,0.0,1.0
nonce,double_vowels->drop_first,double_vowels,drop_first,9,0.0,0.0,1.0
nonce,double_vowels->drop_first,double_vowels,drop_first,10,0.0,0.0,1.0
nonce,double_vowels->drop_first,double_vowels,drop_first,11,0.0,0.0,1.0
nonce,double_vowels->drop_first,double_vowels,drop_first,12,0.0,0.0,1.0
nonce,double_vowels->drop_first,double_vowels,drop_first,13,0.0,0.0,1.0
nonce,double_vowels->drop_first,double_vowels,drop_first,14,0.0,0.0,1.0
nonce,double_vowels->drop_first,double_vowels,drop_first,15,0.0,0.0,1.0
nonce,double_vowels->drop_first,double_vowels,drop_first,16,0.0,0.0,1.0
nonce,double_vowels->drop_first,double_vowels,drop_first,17,0.0,0.0,1.0
nonce,double_vowels->drop_first,double_vowels,drop_first,18,0.0,0.0,1.0
nonce,double_vowels->drop_first,double_vowels,drop_first,19,0.0,0.0,1.0
nonce,double_vowels->drop_first,double_vowels,drop_first,20,0.0,0.0,1.0
nonce,double_vowels->drop_first,double_vowels,drop_first,21,0.0,0.0,1.0
nonce,double_vowels->drop_first,double_vowels,drop_first,22,0.0,0.0,1.0
nonce,double_vowels->drop_first,double_vowels,drop_first,23,0.0,0.0,1.0
nonce,double_vowels->drop_first,double_vowels,drop_first,24,0.0,0.0,1.0
nonce,double_vowels->drop_first,double_vowels,drop_first,25,0.0,0.0,1.0
nonce,double_vowels->drop_first,double_vowels,drop_first,26,0.0,0.0,1.0
nonce,double_vowels->drop_first,double_vowels,drop_first,27,0.0,0.0,1.0
nonce,double_vowels->drop_last,double_vowels,drop_last,0,0.0,0.0,1.0
nonce,double_vowels->drop_last,double_vowels,drop_last,1,0.0,0.0,1.0
nonce,double_vowels->drop_last,double_vowels,drop_last,2,0.0,0.0,1.0
nonce,double_vowels->drop_last,double_vowels,drop_last,3,0.0,0.0,1.0
nonce,double_vowels->drop_last,double_vowels,drop_last,4,0.0,0.0,1.0
nonce,double_vowels->drop_last,double_vowels,drop_last,5,0.0,0.0,1.0
nonce,double_vowels->drop_last,double_vowels,drop_last,6,0.0,0.0,1.0
nonce,double_vowels->drop_last,double_vowels,drop_last,7,0.0,0.0,1.0
nonce,double_vowels->drop_last,double_vowels,drop_last,8,0.0,0.0,1.0
nonce,double_vowels->drop_last,double_vowels,drop_last,9,0.0,0.0,1.0
nonce,double_vowels->drop_last,double_vowels,drop_last,10,0.0,0.0,1.0
nonce,double_vowels->drop_last,double_vowels,drop_last,11,0.0,0.0,1.0
nonce,double_vowels->drop_last,double_vowels,drop_last,12,0.0,0.0,1.0
nonce,double_vowels->drop_last,double_vowels,drop_last,13,0.0,0.0,1.0
nonce,double_vowels->drop_last,double_vowels,drop_last,14,0.0,0.0,1.0
nonce,double_vowels->drop_last,double_vowels,drop_last,15,0.0,0.0,1.0
nonce,double_vowels->drop_last,double_vowels,drop_last,16,0.0,0.0,1.0
nonce,double_vowels->drop_last,double_vowels,drop_last,17,0.0,0.0,1.0
nonce,double_vowels->drop_last,double_vowels,drop_last,18,0.0,0.0,1.0
nonce,double_vowels->drop_last,double_vowels,drop_last,19,0.0,0.0,1.0
nonce,double_vowels->drop_last,double_vowels,drop_last,20,0.0,0.0,1.0
nonce,double_vowels->drop_last,double_vowels,drop_last,21,0.0,0.0,1.0
nonce,double_vowels->drop_last,double_vowels,drop_last,22,0.0,0.0,1.0
nonce,double_vowels->drop_last,double_vowels,drop_last,23,0.0,0.0,1.0
nonce,double_vowels->drop_last,double_vowels,drop_last,24,0.0,0.0,1.0
nonce,double_vowels->drop_last,double_vowels,drop_last,25,0.0,0.0,1.0
nonce,double_vowels->drop_last,double_vowels,drop_last,26,0.0,0.0,1.0
nonce,double_vowels->drop_last,double_vowels,drop_last,27,0.0,0.0,1.0
nonce,double_vowels->reverse,double_vowels,reverse,0,0.0,0.0,1.0
nonce,double_vowels->reverse,double_vowels,reverse,1,0.0,0.0,1.0
nonce,double_vowels->reverse,double_vowels,reverse,2,0.0,0.0,1.0
nonce,double_vowels->reverse,double_vowels,reverse,3,0.0,0.0,1.0
nonce,double_vowels->reverse,double_vowels,reverse,4,0.0,0.0,1.0
nonce,double_vowels->reverse,double_vowels,reverse,5,0.0,0.0,1.0
nonce,double_vowels->reverse,double_vowels,reverse,6,0.0,0.0,1.0
nonce,double_vowels->reverse,double_vowels,reverse,7,0.0,0.0,1.0
nonce,double_vowels->reverse,double_vowels,reverse,8,0.0,0.0,1.0
nonce,double_vowels->reverse,double_vowels,reverse,9,0.0,0.0,1.0
nonce,double_vowels->reverse,double_vowels,reverse,10,0.0,0.0,1.0
nonce,double_vowels->reverse,double_vowels,reverse,11,0.0,0.0,1.0
nonce,double_vowels->reverse,double_vowels,reverse,12,0.0,0.0,1.0
nonce,double_vowels->reverse,double_vowels,reverse,13,0.0,0.0,1.0
nonce,double_vowels->reverse,double_vowels,reverse,14,0.0,0.0,1.0
nonce,double_vowels->reverse,double_vowels,reverse,15,0.0,0.0,1.0
nonce,double_vowels->reverse,double_vowels,reverse,16,0.0,0.0,1.0
nonce,double_vowels->reverse,double_vowels,reverse,17,0.0,0.0,1.0
nonce,double_vowels->reverse,double_vowels,reverse,18,0.0,0.0,1.0
nonce,double_vowels->reverse,double_vowels,reverse,19,0.0,0.0,1.0
nonce,double_vowels->reverse,double_vowels,reverse,20,0.0,0.0,1.0
nonce,double_vowels->reverse,double_vowels,reverse,21,0.0,0.0,1.0
nonce,double_vowels->reverse,double_vowels,reverse,22,0.0,0.0,1.0
nonce,double_vowels->reverse,double_vowels,reverse,23,0.0,0.0,1.0
nonce,double_vowels->reverse,double_vowels,reverse,24,0.0,0.0,1.0
nonce,double_vowels->reverse,double_vowels,reverse,25,0.0,0.0,1.0
nonce,double_vowels->reverse,double_vowels,reverse,26,0.0,0.0,1.0
nonce,double_vowels->reverse,double_vowels,reverse,27,0.0,0.0,1.0
nonce,double_vowels->swap_ends,double_vowels,swap_ends,0,0.0,0.0,1.0
nonce,double_vowels->swap_ends,double_vowels,swap_ends,1,0.0,0.0,1.0
nonce,double_vowels->swap_ends,double_vowels,swap_ends,2,0.0,0.0,1.0
nonce,double_vowels->swap_ends,double_vowels,swap_ends,3,0.0,0.0,1.0
nonce,double_vowels->swap_ends,double_vowels,swap_ends,4,0.0,0.0,1.0
nonce,double_vowels->swap_ends,double_vowels,swap_ends,5,0.0,0.0,1.0
nonce,double_vowels->swap_ends,double_vowels,swap_ends,6,0.0,0.0,1.0
nonce,double_vowels->swap_ends,double_vowels,swap_ends,7,0.0,0.0,1.0
nonce,double_vowels->swap_ends,double_vowels,swap_ends,8,0.0,0.0,1.0
nonce,double_vowels->swap_ends,double_vowels,swap_ends,9,0.0,0.0,1.0
nonce,double_vowels->swap_ends,double_vowels,swap_ends,10,0.0,0.0,1.0
nonce,double_vowels->swap_ends,double_vowels,swap_ends,11,0.0,0.0,1.0
nonce,double_vowels->swap_ends,double_vowels,swap_ends,12,0.0,0.0,1.0
nonce,double_vowels->swap_ends,double_vowels,swap_ends,13,0.0,0.0,1.0
nonce,double_vowels->swap_ends,double_vowels,swap_ends,14,0.0,0.0,1.0
nonce,double_vowels->swap_ends,double_vowels,swap_ends,15,0.0,0.0,1.0
nonce,double_vowels->swap_ends,double_vowels,swap_ends,16,0.0,0.0,1.0
nonce,double_vowels->swap_ends,double_vowels,swap_ends,17,0.0,0.0,1.0
nonce,double_vowels->swap_ends,double_vowels,swap_ends,18,0.0,0.0,1.0
nonce,double_vowels->swap_ends,double_vowels,swap_ends,19,0.0,0.0,1.0
nonce,double_vowels->swap_ends,double_vowels,swap_ends,20,0.0,0.0,1.0
nonce,double_vowels->swap_ends,double_vowels,swap_ends,21,0.0,0.0,1.0
nonce,double_vowels->swap_ends,double_vowels,swap_ends,22,0.0,0.0,1.0
nonce,double_vowels->swap_ends,double_vowels,swap_ends,23,0.0,0.0,1.0
nonce,double_vowels->swap_ends,double_vowels,swap_ends,24,0.0,0.0,1.0
nonce,double_vowels->swap_ends,double_vowels,swap_ends,25,0.0,0.0,1.0
nonce,double_vowels->swap_ends,double_vowels,swap_ends,26,0.0,0.0,1.0
nonce,double_vowels->swap_ends,double_vowels,swap_ends,27,0.0,0.0,1.0
nonce,double_vowels->rotate_left,double_vowels,rotate_left,0,0.0,0.0,1.0
nonce,double_vowels->rotate_left,double_vowels,rotate_left,1,0.0,0.0,1.0
nonce,double_vowels->rotate_left,double_vowels,rotate_left,2,0.0,0.0,1.0
nonce,double_vowels->rotate_left,double_vowels,rotate_left,3,0.0,0.0,1.0
nonce,double_vowels->rotate_left,double_vowels,rotate_left,4,0.0,0.0,1.0
nonce,double_vowels->rotate_left,double_vowels,rotate_left,5,0.0,0.0,1.0
nonce,double_vowels->rotate_left,double_vowels,rotate_left,6,0.0,0.0,1.0
nonce,double_vowels->rotate_left,double_vowels,rotate_left,7,0.0,0.0,1.0
nonce,double_vowels->rotate_left,double_vowels,rotate_left,8,0.0,0.0,1.0
nonce,double_vowels->rotate_left,double_vowels,rotate_left,9,0.0,0.0,1.0
nonce,double_vowels->rotate_left,double_vowels,rotate_left,10,0.0,0.0,1.0
nonce,double_vowels->rotate_left,double_vowels,rotate_left,11,0.0,0.0,1.0
nonce,double_vowels->rotate_left,double_vowels,rotate_left,12,0.0,0.0,1.0
nonce,double_vowels->rotate_left,double_vowels,rotate_left,13,0.0,0.0,1.0
nonce,double_vowels->rotate_left,double_vowels,rotate_left,14,0.0,0.0,1.0
nonce,double_vowels->rotate_left,double_vowels,rotate_left,15,0.0,0.0,1.0
nonce,double_vowels->rotate_left,double_vowels,rotate_left,16,0.0,0.0,1.0
nonce,double_vowels->rotate_left,double_vowels,rotate_left,17,0.0,0.0,1.0
nonce,double_vowels->rotate_left,double_vowels,rotate_left,18,0.0,0.0,1.0
nonce,double_vowels->rotate_left,double_vowels,rotate_left,19,0.0,0.0,1.0
nonce,double_vowels->rotate_left,double_vowels,rotate_left,20,0.0,0.0,1.0
nonce,double_vowels->rotate_left,double_vowels,rotate_left,21,0.0,0.0,1.0
nonce,double_vowels->rotate_left,double_vowels,rotate_left,22,0.0,0.0,1.0
nonce,double_vowels->rotate_left,double_vowels,rotate_left,23,0.0,0.0,1.0
nonce,double_vowels->rotate_left,double_vowels,rotate_left,24,0.0,0.0,1.0
nonce,double_vowels->rotate_left,double_vowels,rotate_left,25,0.0,0.0,1.0
nonce,double_vowels->rotate_left,double_vowels,rotate_left,26,0.0,0.0,1.0
nonce,double_vowels->rotate_left,double_vowels,rotate_left,27,0.0,0.0,1.0
nonce,double_vowels->suffix_ed,double_vowels,suffix_ed,0,0.0,0.0,1.0
nonce,double_vowels->suffix_ed,double_vowels,suffix_ed,1,0.0,0.0,1.0
nonce,double_vowels->suffix_ed,double_vowels,suffix_ed,2,0.0,0.0,1.0
nonce,double_vowels->suffix_ed,double_vowels,suffix_ed,3,0.0,0.0,1.0
nonce,double_vowels->suffix_ed,double_vowels,suffix_ed,4,0.0,0.0,1.0
nonce,double_vowels->suffix_ed,double_vowels,suffix_ed,5,0.0,0.0,1.0
nonce,double_vowels->suffix_ed,double_vowels,suffix_ed,6,0.0,0.0,1.0
nonce,double_vowels->suffix_ed,double_vowels,suffix_ed,7,0.0,0.0,1.0
nonce,double_vowels->suffix_ed,double_vowels,suffix_ed,8,0.0,0.0,1.0
nonce,double_vowels->suffix_ed,double_vowels,suffix_ed,9,0.0,0.0,1.0
nonce,double_vowels->suffix_ed,double_vowels,suffix_ed,10,0.0,0.0,1.0
nonce,double_vowels->suffix_ed,double_vowels,suffix_ed,11,0.0,0.0,1.0
nonce,double_vowels->suffix_ed,double_vowels,suffix_ed,12,0.0,0.0,1.0
nonce,double_vowels->suffix_ed,double_vowels,suffix_ed,13,0.0,0.0,1.0
nonce,double_vowels->suffix_ed,double_vowels,suffix_ed,14,0.0,0.0,1.0
nonce,double_vowels->suffix_ed,double_vowels,suffix_ed,15,0.0,0.0,1.0
nonce,double_vowels->suffix_ed,double_vowels,suffix_ed,16,0.0,0.0,1.0
nonce,double_vowels->suffix_ed,double_vowels,suffix_ed,17,0.0,0.0,1.0
nonce,double_vowels->suffix_ed,double_vowels,suffix_ed,18,0.0,0.0,1.0
nonce,double_vowels->suffix_ed,double_vowels,suffix_ed,19,0.0,0.0,1.0
nonce,double_vowels->suffix_ed,double_vowels,suffix_ed,20,0.0,0.0,1.0
nonce,double_vowels->suffix_ed,double_vowels,suffix_ed,21,0.0,0.0,1.0
nonce,double_vowels->suffix_ed,double_vowels,suffix_ed,22,0.0,0.0,1.0
nonce,double_vowels->suffix_ed,double_vowels,suffix_ed,23,0.0,0.0,1.0
nonce,double_vowels->suffix_ed,double_vowels,suffix_ed,24,0.0,0.0,1.0
nonce,double_vowels->suffix_ed,double_vowels,suffix_ed,25,0.0,0.0,1.0
nonce,double_vowels->suffix_ed,double_vowels,suffix_ed,26,0.0,0.0,1.0
nonce,double_vowels->suffix_ed,double_vowels,suffix_ed,27,0.0,0.0,1.0
arith,add_3->add_7,add_3,add_7,0,0.0,0.0,1.0
arith,add_3->add_7,add_3,add_7,1,0.0,0.0,1.0
arith,add_3->add_7,add_3,add_7,2,0.0,0.0,1.0
arith,add_3->add_7,add_3,add_7,3,0.0,0.0,1.0
arith,add_3->add_7,add_3,add_7,4,0.0,0.0,1.0
arith,add_3->add_7,add_3,add_7,5,0.0,0.0,1.0
arith,add_3->add_7,add_3,add_7,6,0.0,0.0,1.0
arith,add_3->add_7,add_3,add_7,7,0.0,0.0,1.0
arith,add_3->add_7,add_3,add_7,8,0.0,0.0,1.0
arith,add_3->add_7,add_3,add_7,9,0.0,0.0,1.0
arith,add_3->add_7,add_3,add_7,10,0.0,0.0,1.0
arith,add_3->add_7,add_3,add_7,11,0.0,0.0,1.0
arith,add_3->add_7,add_3,add_7,12,0.0,0.0,1.0
arith,add_3->add_7,add_3,add_7,13,0.0,0.0,1.0
arith,add_3->add_7,add_3,add_7,14,0.0,0.0,1.0
arith,add_3->add_7,add_3,add_7,15,0.0,0.0,1.0
arith,add_3->add_7,add_3,add_7,16,0.0,0.0,1.0
arith,add_3->add_7,add_3,add_7,17,0.0,0.0,1.0
arith,add_3->add_7,add_3,add_7,18,0.0,0.0,1.0
arith,add_3->add_7,add_3,add_7,19,0.0,0.0,1.0
arith,add_3->add_7,add_3,add_7,20,0.0,0.0,1.0
arith,add_3->add_7,add_3,add_7,21,0.0,0.0,1.0
arith,add_3->add_7,add_3,add_7,22,0.0,0.0,1.0
arith,add_3->add_7,add_3,add_7,23,0.0,0.0,1.0
arith,add_3->add_7,add_3,add_7,24,0.0,0.0,1.0
arith,add_3->add_7,add_3,add_7,25,0.0,0.0,1.0
arith,add_3->add_7,add_3,add_7,26,0.0,0.0,1.0
arith,add_3->add_7,add_3,add_7,27,0.0,0.0,1.0
arith,add_3->add_13,add_3,add_13,0,0.0,0.0,1.0
arith,add_3->add_13,add_3,add_13,1,0.0,0.0,1.0
arith,add_3->add_13,add_3,add_13,2,0.0,0.0,1.0
arith,add_3->add_13,add_3,add_13,3,0.0,0.0,1.0
arith,add_3->add_13,add_3,add_13,4,0.0,0.0,1.0
arith,add_3->add_13,add_3,add_13,5,0.0,0.0,1.0
arith,add_3->add_13,add_3,add_13,6,0.0,0.0,1.0
arith,add_3->add_13,add_3,add_13,7,0.0,0.0,1.0
arith,add_3->add_13,add_3,add_13,8,0.0,0.0,1.0
arith,add_3->add_13,add_3,add_13,9,0.0,0.0,1.0
arith,add_3->add_13,add_3,add_13,10,0.0,0.0,1.0
arith,add_3->add_13,add_3,add_13,11,0.0,0.0,1.0
arith,add_3->add_13,add_3,add_13,12,0.0,0.0,1.0
arith,add_3->add_13,add_3,add_13,13,0.0,0.0,1.0
arith,add_3->add_13,add_3,add_13,14,0.0,0.0,1.0
arith,add_3->add_13,add_3,add_13,15,0.0,0.0,1.0
arith,add_3->add_13,add_3,add_13,16,0.0,0.0,1.0
arith,add_3->add_13,add_3,add_13,17,0.0,0.0,1.0
arith,add_3->add_13,add_3,add_13,18,0.0,0.0,1.0
arith,add_3->add_13,add_3,add_13,19,0.0,0.0,1.0
arith,add_3->add_13,add_3,add_13,20,0.0,0.0,1.0
arith,add_3->add_13,add_3,add_13,21,0.0,0.0,1.0
arith,add_3->add_13,add_3,add_13,22,0.0,0.0,1.0
arith,add_3->add_13,add_3,add_13,23,0.0,0.0,1.0
arith,add_3->add_13,add_3,add_13,24,0.0,0.0,1.0
arith,add_3->add_13,add_3,add_13,25,0.0,0.0,1.0
arith,add_3->add_13,add_3,add_13,26,0.0,0.0,1.0
arith,add_3->add_13,add_3,add_13,27,0.0,0.0,1.0
arith,add_3->mul_5,add_3,mul_5,0,0.0,0.0,1.0
arith,add_3->mul_5,add_3,mul_5,1,0.0,0.0,1.0
arith,add_3->mul_5,add_3,mul_5,2,0.0,0.0,1.0
arith,add_3->mul_5,add_3,mul_5,3,0.0,0.0,1.0
arith,add_3->mul_5,add_3,mul_5,4,0.0,0.0,1.0
arith,add_3->mul_5,add_3,mul_5,5,0.0,0.0,1.0
arith,add_3->mul_5,add_3,mul_5,6,0.0,0.0,1.0
arith,add_3->mul_5,add_3,mul_5,7,0.0,0.0,1.0
arith,add_3->mul_5,add_3,mul_5,8,0.0,0.0,1.0
arith,add_3->mul_5,add_3,mul_5,9,0.0,0.0,1.0
arith,add_3->mul_5,add_3,mul_5,10,0.0,0.0,1.0
arith,add_3->mul_5,add_3,mul_5,11,0.0,0.0,1.0
arith,add_3->mul_5,add_3,mul_5,12,0.0,0.0,1.0
arith,add_3->mul_5,add_3,mul_5,13,0.0,0.0,1.0
arith,add_3->mul_5,add_3,mul_5,14,0.0,0.0,1.0
arith,add_3->mul_5,add_3,mul_5,15,0.0,0.0,1.0
arith,add_3->mul_5,add_3,mul_5,16,0.0,0.0,1.0
arith,add_3->mul_5,add_3,mul_5,17,0.0,0.0,1.0
arith,add_3->mul_5,add_3,mul_5,18,0.0,0.0,1.0
arith,add_3->mul_5,add_3,mul_5,19,0.0,0.0,1.0
arith,add_3->mul_5,add_3,mul_5,20,0.0,0.0,1.0
arith,add_3->mul_5,add_3,mul_5,21,0.0,0.0,1.0
arith,add_3->mul_5,add_3,mul_5,22,0.0,0.0,1.0
arith,add_3->mul_5,add_3,mul_5,23,0.0,0.0,1.0
arith,add_3->mul_5,add_3,mul_5,24,0.0,0.0,1.0
arith,add_3->mul_5,add_3,mul_5,25,0.0,0.0,1.0
arith,add_3->mul_5,add_3,mul_5,26,0.0,0.0,1.0
arith,add_3->mul_5,add_3,mul_5,27,0.0,0.0,1.0
arith,add_3->mul_7,add_3,mul_7,0,0.0,0.0,1.0
arith,add_3->mul_7,add_3,mul_7,1,0.0,0.0,1.0
arith,add_3->mul_7,add_3,mul_7,2,0.0,0.0,1.0
arith,add_3->mul_7,add_3,mul_7,3,0.0,0.0,1.0
arith,add_3->mul_7,add_3,mul_7,4,0.0,0.0,1.0
arith,add_3->mul_7,add_3,mul_7,5,0.0,0.0,1.0
arith,add_3->mul_7,add_3,mul_7,6,0.0,0.0,1.0
arith,add_3->mul_7,add_3,mul_7,7,0.0,0.0,1.0
arith,add_3->mul_7,add_3,mul_7,8,0.0,0.0,1.0
arith,add_3->mul_7,add_3,mul_7,9,0.0,0.0,1.0
arith,add_3->mul_7,add_3,mul_7,10,0.0,0.0,1.0
arith,add_3->mul_7,add_3,mul_7,11,0.0,0.0,1.0
arith,add_3->mul_7,add_3,mul_7,12,0.0,0.0,1.0
arith,add_3->mul_7,add_3,mul_7,13,0.0,0.0,1.0
arith,add_3->mul_7,add_3,mul_7,14,0.0,0.0,1.0
arith,add_3->mul_7,add_3,mul_7,15,0.0,0.0,1.0
arith,add_3->mul_7,add_3,mul_7,16,0.0,0.0,1.0
arith,add_3->mul_7,add_3,mul_7,17,0.0,0.0,1.0
arith,add_3->mul_7,add_3,mul_7,18,0.0,0.0,1.0
arith,add_3->mul_7,add_3,mul_7,19,0.0,0.0,1.0
arith,add_3->mul_7,add_3,mul_7,20,0.0,0.0,1.0
arith,add_3->mul_7,add_3,mul_7,21,0.0,0.0,1.0
arith,add_3->mul_7,add_3,mul_7,22,0.0,0.0,1.0
arith,add_3->mul_7,add_3,mul_7,23,0.0,0.0,1.0
arith,add_3->mul_7,add_3,mul_7,24,0.0,0.0,1.0
arith,add_3->mul_7,add_3,mul_7,25,0.0,0.0,1.0
arith,add_3->mul_7,add_3,mul_7,26,0.0,0.0,1.0
arith,add_3->mul_7,add_3,mul_7,27,0.0,0.0,1.0
arith,add_3->mul_9,add_3,mul_9,0,0.0,0.0,1.0
arith,add_3->mul_9,add_3,mul_9,1,0.0,0.0,1.0
arith,add_3->mul_9,add_3,mul_9,2,0.0,0.0,1.0
arith,add_3->mul_9,add_3,mul_9,3,0.0,0.0,1.0
arith,add_3->mul_9,add_3,mul_9,4,0.0,0.0,1.0
arith,add_3->mul_9,add_3,mul_9,5,0.0,0.0,1.0
arith,add_3->mul_9,add_3,mul_9,6,0.0,0.0,1.0
arith,add_3->mul_9,add_3,mul_9,7,0.0,0.0,1.0
arith,add_3->mul_9,add_3,mul_9,8,0.0,0.0,1.0
arith,add_3->mul_9,add_3,mul_9,9,0.0,0.0,1.0
arith,add_3->mul_9,add_3,mul_9,10,0.0,0.0,1.0
arith,add_3->mul_9,add_3,mul_9,11,0.0,0.0,1.0
arith,add_3->mul_9,add_3,mul_9,12,0.0,0.0,1.0
arith,add_3->mul_9,add_3,mul_9,13,0.0,0.0,1.0
arith,add_3->mul_9,add_3,mul_9,14,0.0,0.0,1.0
arith,add_3->mul_9,add_3,mul_9,15,0.0,0.0,1.0
arith,add_3->mul_9,add_3,mul_9,16,0.0,0.0,1.0
arith,add_3->mul_9,add_3,mul_9,17,0.0,0.0,1.0
arith,add_3->mul_9,add_3,mul_9,18,0.0,0.0,1.0
arith,add_3->mul_9,add_3,mul_9,19,0.0,0.0,1.0
arith,add_3->mul_9,add_3,mul_9,20,0.0,0.0,1.0
arith,add_3->mul_9,add_3,mul_9,21,0.0,0.0,1.0
arith,add_3->mul_9,add_3,mul_9,22,0.0,0.0,1.0
arith,add_3->mul_9,add_3,mul_9,23,0.0,0.0,1.0
arith,add_3->mul_9,add_3,mul_9,24,0.0,0.0,1.0
arith,add_3->mul_9,add_3,mul_9,25,0.0,0.0,1.0
arith,add_3->mul_9,add_3,mul_9,26,0.0,0.0,1.0
arith,add_3->mul_9,add_3,mul_9,27,0.0,0.0,1.0
arith,add_3->mul_4_add_7,add_3,mul_4_add_7,0,0.0,0.0,1.0
arith,add_3->mul_4_add_7,add_3,mul_4_add_7,1,0.0,0.0,1.0
arith,add_3->mul_4_add_7,add_3,mul_4_add_7,2,0.0,0.0,1.0
arith,add_3->mul_4_add_7,add_3,mul_4_add_7,3,0.0,0.0,1.0
arith,add_3->mul_4_add_7,add_3,mul_4_add_7,4,0.0,0.0,1.0
arith,add_3->mul_4_add_7,add_3,mul_4_add_7,5,0.0,0.0,1.0
arith,add_3->mul_4_add_7,add_3,mul_4_add_7,6,0.0,0.0,1.0
arith,add_3->mul_4_add_7,add_3,mul_4_add_7,7,0.0,0.0,1.0
arith,add_3->mul_4_add_7,add_3,mul_4_add_7,8,0.0,0.0,1.0
arith,add_3->mul_4_add_7,add_3,mul_4_add_7,9,0.0,0.0,1.0
arith,add_3->mul_4_add_7,add_3,mul_4_add_7,10,0.0,0.0,1.0
arith,add_3->mul_4_add_7,add_3,mul_4_add_7,11,0.0,0.0,1.0
arith,add_3->mul_4_add_7,add_3,mul_4_add_7,12,0.0,0.0,1.0
arith,add_3->mul_4_add_7,add_3,mul_4_add_7,13,0.0,0.0,1.0
arith,add_3->mul_4_add_7,add_3,mul_4_add_7,14,0.0,0.0,1.0
arith,add_3->mul_4_add_7,add_3,mul_4_add_7,15,0.0,0.0,1.0
arith,add_3->mul_4_add_7,add_3,mul_4_add_7,16,0.0,0.0,1.0
arith,add_3->mul_4_add_7,add_3,mul_4_add_7,17,0.0,0.0,1.0
arith,add_3->mul_4_add_7,add_3,mul_4_add_7,18,0.0,0.0,1.0
arith,add_3->mul_4_add_7,add_3,mul_4_add_7,19,0.0,0.0,1.0
arith,add_3->mul_4_add_7,add_3,mul_4_add_7,20,0.0,0.0,1.0
arith,add_3->mul_4_add_7,add_3,mul_4_add_7,21,0.0,0.0,1.0
arith,add_3->mul_4_add_7,add_3,mul_4_add_7,22,0.0,0.0,1.0
arith,add_3->mul_4_add_7,add_3,mul_4_add_7,23,0.0,0.0,1.0
arith,add_3->mul_4_add_7,add_3,mul_4_add_7,24,0.0,0.0,1.0
arith,add_3->mul_4_add_7,add_3,mul_4_add_7,25,0.0,0.0,1.0
arith,add_3->mul_4_add_7,add_3,mul_4_add_7,26,0.0,0.0,1.0
arith,add_3->mul_4_add_7,add_3,mul_4_add_7,27,0.0,0.0,1.0
arith,add_3->mul_2_add_1,add_3,mul_2_add_1,0,0.0,0.0,1.0
arith,add_3->mul_2_add_1,add_3,mul_2_add_1,1,0.0,0.0,1.0
arith,add_3->mul_2_add_1,add_3,mul_2_add_1,2,0.0,0.0,1.0
arith,add_3->mul_2_add_1,add_3,mul_2_add_1,3,0.0,0.0,1.0
arith,add_3->mul_2_add_1,add_3,mul_2_add_1,4,0.0,0.0,1.0
arith,add_3->mul_2_add_1,add_3,mul_2_add_1,5,0.0,0.0,1.0
arith,add_3->mul_2_add_1,add_3,mul_2_add_1,6,0.0,0.0,1.0
arith,add_3->mul_2_add_1,add_3,mul_2_add_1,7,0.0,0.0,1.0
arith,add_3->mul_2_add_1,add_3,mul_2_add_1,8,0.0,0.0,1.0
arith,add_3->mul_2_add_1,add_3,mul_2_add_1,9,0.0,0.0,1.0
arith,add_3->mul_2_add_1,add_3,mul_2_add_1,10,0.0,0.0,1.0
arith,add_3->mul_2_add_1,add_3,mul_2_add_1,11,0.0,0.0,1.0
arith,add_3->mul_2_add_1,add_3,mul_2_add_1,12,0.0,0.0,1.0
arith,add_3->mul_2_add_1,add_3,mul_2_add_1,13,0.0,0.0,1.0
arith,add_3->mul_2_add_1,add_3,mul_2_add_1,14,0.0,0.0,1.0
arith,add_3->mul_2_add_1,add_3,mul_2_add_1,15,0.0,0.0,1.0
arith,add_3->mul_2_add_1,add_3,mul_2_add_1,16,0.0,0.0,1.0
arith,add_3->mul_2_add_1,add_3,mul_2_add_1,17,0.0,0.0,1.0
arith,add_3->mul_2_add_1,add_3,mul_2_add_1,18,0.0,0.0,1.0
arith,add_3->mul_2_add_1,add_3,mul_2_add_1,19,0.0,0.0,1.0
arith,add_3->mul_2_add_1,add_3,mul_2_add_1,20,0.0,0.0,1.0
arith,add_3->mul_2_add_1,add_3,mul_2_add_1,21,0.0,0.0,1.0
arith,add_3->mul_2_add_1,add_3,mul_2_add_1,22,0.0,0.0,1.0
arith,add_3->mul_2_add_1,add_3,mul_2_add_1,23,0.0,0.0,1.0
arith,add_3->mul_2_add_1,add_3,mul_2_add_1,24,0.0,0.0,1.0
arith,add_3->mul_2_add_1,add_3,mul_2_add_1,25,0.0,0.0,1.0
arith,add_3->mul_2_add_1,add_3,mul_2_add_1,26,0.0,0.0,1.0
arith,add_3->mul_2_add_1,add_3,mul_2_add_1,27,0.0,0.0,1.0
arith,add_3->mul_3_add_2,add_3,mul_3_add_2,0,0.0,0.0,1.0
arith,add_3->mul_3_add_2,add_3,mul_3_add_2,1,0.0,0.0,1.0
arith,add_3->mul_3_add_2,add_3,mul_3_add_2,2,0.0,0.0,1.0
arith,add_3->mul_3_add_2,add_3,mul_3_add_2,3,0.0,0.0,1.0
arith,add_3->mul_3_add_2,add_3,mul_3_add_2,4,0.0,0.0,1.0
arith,add_3->mul_3_add_2,add_3,mul_3_add_2,5,0.0,0.0,1.0
arith,add_3->mul_3_add_2,add_3,mul_3_add_2,6,0.0,0.0,1.0
arith,add_3->mul_3_add_2,add_3,mul_3_add_2,7,0.0,0.0,1.0
arith,add_3->mul_3_add_2,add_3,mul_3_add_2,8,0.0,0.0,1.0
arith,add_3->mul_3_add_2,add_3,mul_3_add_2,9,0.0,0.0,1.0
arith,add_3->mul_3_add_2,add_3,mul_3_add_2,10,0.0,0.0,1.0
arith,add_3->mul_3_add_2,add_3,mul_3_add_2,11,0.0,0.0,1.0
arith,add_3->mul_3_add_2,add_3,mul_3_add_2,12,0.0,0.0,1.0
arith,add_3->mul_3_add_2,add_3,mul_3_add_2,13,0.0,0.0,1.0
arith,add_3->mul_3_add_2,add_3,mul_3_add_2,14,0.0,0.0,1.0
arith,add_3->mul_3_add_2,add_3,mul_3_add_2,15,0.0,0.0,1.0
arith,add_3->mul_3_add_2,add_3,mul_3_add_2,16,0.0,0.0,1.0
arith,add_3->mul_3_add_2,add_3,mul_3_add_2,17,0.0,0.0,1.0
arith,add_3->mul_3_add_2,add_3,mul_3_add_2,18,0.0,0.0,1.0
arith,add_3->mul_3_add_2,add_3,mul_3_add_2,19,0.0,0.0,1.0
arith,add_3->mul_3_add_2,add_3,mul_3_add_2,20,0.0,0.0,1.0
arith,add_3->mul_3_add_2,add_3,mul_3_add_2,21,0.0,0.0,1.0
arith,add_3->mul_3_add_2,add_3,mul_3_add_2,22,0.0,0.0,1.0
arith,add_3->mul_3_add_2,add_3,mul_3_add_2,23,0.0,0.0,1.0
arith,add_3->mul_3_add_2,add_3,mul_3_add_2,24,0.0,0.0,1.0
arith,add_3->mul_3_add_2,add_3,mul_3_add_2,25,0.0,0.0,1.0
arith,add_3->mul_3_add_2,add_3,mul_3_add_2,26,0.0,0.0,1.0
arith,add_3->mul_3_add_2,add_3,mul_3_add_2,27,0.0,0.0,1.0
arith,add_3->mul_2_sub_1,add_3,mul_2_sub_1,0,0.0,0.0,1.0
arith,add_3->mul_2_sub_1,add_3,mul_2_sub_1,1,0.0,0.0,1.0
arith,add_3->mul_2_sub_1,add_3,mul_2_sub_1,2,0.0,0.0,1.0
arith,add_3->mul_2_sub_1,add_3,mul_2_sub_1,3,0.0,0.0,1.0
arith,add_3->mul_2_sub_1,add_3,mul_2_sub_1,4,0.0,0.0,1.0
arith,add_3->mul_2_sub_1,add_3,mul_2_sub_1,5,0.0,0.0,1.0
arith,add_3->mul_2_sub_1,add_3,mul_2_sub_1,6,0.0,0.0,1.0
arith,add_3->mul_2_sub_1,add_3,mul_2_sub_1,7,0.0,0.0,1.0
arith,add_3->mul_2_sub_1,add_3,mul_2_sub_1,8,0.0,0.0,1.0
arith,add_3->mul_2_sub_1,add_3,mul_2_sub_1,9,0.0,0.0,1.0
arith,add_3->mul_2_sub_1,add_3,mul_2_sub_1,10,0.0,0.0,1.0
arith,add_3->mul_2_sub_1,add_3,mul_2_sub_1,11,0.0,0.0,1.0
arith,add_3->mul_2_sub_1,add_3,mul_2_sub_1,12,0.0,0.0,1.0
arith,add_3->mul_2_sub_1,add_3,mul_2_sub_1,13,0.0,0.0,1.0
arith,add_3->mul_2_sub_1,add_3,mul_2_sub_1,14,0.0,0.0,1.0
arith,add_3->mul_2_sub_1,add_3,mul_2_sub_1,15,0.0,0.0,1.0
arith,add_3->mul_2_sub_1,add_3,mul_2_sub_1,16,0.0,0.0,1.0
arith,add_3->mul_2_sub_1,add_3,mul_2_sub_1,17,0.0,0.0,1.0
arith,add_3->mul_2_sub_1,add_3,mul_2_sub_1,18,0.0,0.0,1.0
arith,add_3->mul_2_sub_1,add_3,mul_2_sub_1,19,0.0,0.0,1.0
arith,add_3->mul_2_sub_1,add_3,mul_2_sub_1,20,0.0,0.0,1.0
arith,add_3->mul_2_sub_1,add_3,mul_2_sub_1,21,0.0,0.0,1.0
arith,add_3->mul_2_sub_1,add_3,mul_2_sub_1,22,0.0,0.0,1.0
arith,add_3->mul_2_sub_1,add_3,mul_2_sub_1,23,0.0,0.0,1.0
arith,add_3->mul_2_sub_1,add_3,mul_2_sub_1,24,0.0,0.0,1.0
arith,add_3->mul_2_sub_1,add_3,mul_2_sub_1,25,0.0,0.0,1.0
arith,add_3->mul_2_sub_1,add_3,mul_2_sub_1,26,0.0,0.0,1.0
arith,add_3->mul_2_sub_1,add_3,mul_2_sub_1,27,0.0,0.0,1.0
arith,add_7->add_3,add_7,add_3,0,0.0,0.0,1.0
arith,add_7->add_3,add_7,add_3,1,0.0,0.0,1.0
arith,add_7->add_3,add_7,add_3,2,0.0,0.0,1.0
arith,add_7->add_3,add_7,add_3,3,0.0,0.0,1.0
arith,add_7->add_3,add_7,add_3,4,0.0,0.0,1.0
arith,add_7->add_3,add_7,add_3,5,0.0,0.0,1.0
arith,add_7->add_3,add_7,add_3,6,0.0,0.0,1.0
arith,add_7->add_3,add_7,add_3,7,0.0,0.0,1.0
arith,add_7->add_3,add_7,add_3,8,0.0,0.0,1.0
arith,add_7->add_3,add_7,add_3,9,0.0,0.0,1.0
arith,add_7->add_3,add_7,add_3,10,0.0,0.0,1.0
arith,add_7->add_3,add_7,add_3,11,0.0,0.0,1.0
arith,add_7->add_3,add_7,add_3,12,0.0,0.0,1.0
arith,add_7->add_3,add_7,add_3,13,0.0,0.0,1.0
arith,add_7->add_3,add_7,add_3,14,0.0,0.0,1.0
arith,add_7->add_3,add_7,add_3,15,0.0,0.0,1.0
arith,add_7->add_3,add_7,add_3,16,0.0,0.0,1.0
arith,add_7->add_3,add_7,add_3,17,0.0,0.0,1.0
arith,add_7->add_3,add_7,add_3,18,0.0,0.0,1.0
arith,add_7->add_3,add_7,add_3,19,0.0,0.0,1.0
arith,add_7->add_3,add_7,add_3,20,0.0,0.0,1.0
arith,add_7->add_3,add_7,add_3,21,0.0,0.0,1.0
arith,add_7->add_3,add_7,add_3,22,0.0,0.0,1.0
arith,add_7->add_3,add_7,add_3,23,0.0,0.0,1.0
arith,add_7->add_3,add_7,add_3,24,0.0,0.0,1.0
arith,add_7->add_3,add_7,add_3,25,0.0,0.0,1.0
arith,add_7->add_3,add_7,add_3,26,0.0,0.0,1.0
arith,add_7->add_3,add_7,add_3,27,0.0,0.0,1.0
arith,add_7->add_13,add_7,add_13,0,0.0,0.0,1.0
arith,add_7->add_13,add_7,add_13,1,0.0,0.0,1.0
arith,add_7->add_13,add_7,add_13,2,0.0,0.0,1.0
arith,add_7->add_13,add_7,add_13,3,0.0,0.0,1.0
arith,add_7->add_13,add_7,add_13,4,0.0,0.0,1.0
arith,add_7->add_13,add_7,add_13,5,0.0,0.0,1.0
arith,add_7->add_13,add_7,add_13,6,0.0,0.0,1.0
arith,add_7->add_13,add_7,add_13,7,0.0,0.0,1.0
arith,add_7->add_13,add_7,add_13,8,0.0,0.0,1.0
arith,add_7->add_13,add_7,add_13,9,0.0,0.0,1.0
arith,add_7->add_13,add_7,add_13,10,0.0,0.0,1.0
arith,add_7->add_13,add_7,add_13,11,0.0,0.0,1.0
arith,add_7->add_13,add_7,add_13,12,0.0,0.0,1.0
arith,add_7->add_13,add_7,add_13,13,0.0,0.0,1.0
arith,add_7->add_13,add_7,add_13,14,0.0,0.0,1.0
arith,add_7->add_13,add_7,add_13,15,0.0,0.0,1.0
arith,add_7->add_13,add_7,add_13,16,0.0,0.0,1.0
arith,add_7->add_13,add_7,add_13,17,0.0,0.0,1.0
arith,add_7->add_13,add_7,add_13,18,0.0,0.0,1.0
arith,add_7->add_13,add_7,add_13,19,0.0,0.0,1.0
arith,add_7->add_13,add_7,add_13,20,0.0,0.0,1.0
arith,add_7->add_13,add_7,add_13,21,0.0,0.0,1.0
arith,add_7->add_13,add_7,add_13,22,0.0,0.0,1.0
arith,add_7->add_13,add_7,add_13,23,0.0,0.0,1.0
arith,add_7->add_13,add_7,add_13,24,0.0,0.0,1.0
arith,add_7->add_13,add_7,add_13,25,0.0,0.0,1.0
arith,add_7->add_13,add_7,add_13,26,0.0,0.0,1.0
arith,add_7->add_13,add_7,add_13,27,0.0,0.0,1.0
arith,add_7->mul_5,add_7,mul_5,0,0.0,0.0,1.0
arith,add_7->mul_5,add_7,mul_5,1,0.0,0.0,1.0
arith,add_7->mul_5,add_7,mul_5,2,0.0,0.0,1.0
arith,add_7->mul_5,add_7,mul_5,3,0.0,0.0,1.0
arith,add_7->mul_5,add_7,mul_5,4,0.0,0.0,1.0
arith,add_7->mul_5,add_7,mul_5,5,0.0,0.0,1.0
arith,add_7->mul_5,add_7,mul_5,6,0.0,0.0,1.0
arith,add_7->mul_5,add_7,mul_5,7,0.0,0.0,1.0
arith,add_7->mul_5,add_7,mul_5,8,0.0,0.0,1.0
arith,add_7->mul_5,add_7,mul_5,9,0.0,0.0,1.0
arith,add_7->mul_5,add_7,mul_5,10,0.0,0.0,1.0
arith,add_7->mul_5,add_7,mul_5,11,0.0,0.0,1.0
arith,add_7->mul_5,add_7,mul_5,12,0.0,0.0,1.0
arith,add_7->mul_5,add_7,mul_5,13,0.0,0.0,1.0
arith,add_7->mul_5,add_7,mul_5,14,0.0,0.0,1.0
arith,add_7->mul_5,add_7,mul_5,15,0.0,0.0,1.0
arith,add_7->mul_5,add_7,mul_5,16,0.0,0.0,1.0
arith,add_7->mul_5,add_7,mul_5,17,0.0,0.0,1.0
arith,add_7->mul_5,add_7,mul_5,18,0.0,0.0,1.0
arith,add_7->mul_5,add_7,mul_5,19,0.0,0.0,1.0
arith,add_7->mul_5,add_7,mul_5,20,0.0,0.0,1.0
arith,add_7->mul_5,add_7,mul_5,21,0.0,0.0,1.0
arith,add_7->mul_5,add_7,mul_5,22,0.0,0.0,1.0
arith,add_7->mul_5,add_7,mul_5,23,0.0,0.0,1.0
arith,add_7->mul_5,add_7,mul_5,24,0.0,0.0,1.0
arith,add_7->mul_5,add_7,mul_5,25,0.0,0.0,1.0
arith,add_7->mul_5,add_7,mul_5,26,0.0,0.0,1.0
arith,add_7->mul_5,add_7,mul_5,27,0.0,0.0,1.0
arith,add_7->mul_7,add_7,mul_7,0,0.0,0.0,1.0
arith,add_7->mul_7,add_7,mul_7,1,0.0,0.0,1.0
arith,add_7->mul_7,add_7,mul_7,2,0.0,0.0,1.0
arith,add_7->mul_7,add_7,mul_7,3,0.0,0.0,1.0
arith,add_7->mul_7,add_7,mul_7,4,0.0,0.0,1.0
arith,add_7->mul_7,add_7,mul_7,5,0.0,0.0,1.0
arith,add_7->mul_7,add_7,mul_7,6,0.0,0.0,1.0
arith,add_7->mul_7,add_7,mul_7,7,0.0,0.0,1.0
arith,add_7->mul_7,add_7,mul_7,8,0.0,0.0,1.0
arith,add_7->mul_7,add_7,mul_7,9,0.0,0.0,1.0
arith,add_7->mul_7,add_7,mul_7,10,0.0,0.0,1.0
arith,add_7->mul_7,add_7,mul_7,11,0.0,0.0,1.0
arith,add_7->mul_7,add_7,mul_7,12,0.0,0.0,1.0
arith,add_7->mul_7,add_7,mul_7,13,0.0,0.0,1.0
arith,add_7->mul_7,add_7,mul_7,14,0.0,0.0,1.0
arith,add_7->mul_7,add_7,mul_7,15,0.0,0.0,1.0
arith,add_7->mul_7,add_7,mul_7,16,0.0,0.0,1.0
arith,add_7->mul_7,add_7,mul_7,17,0.0,0.0,1.0
arith,add_7->mul_7,add_7,mul_7,18,0.0,0.0,1.0
arith,add_7->mul_7,add_7,mul_7,19,0.0,0.0,1.0
arith,add_7->mul_7,add_7,mul_7,20,0.0,0.0,1.0
arith,add_7->mul_7,add_7,mul_7,21,0.0,0.0,1.0
arith,add_7->mul_7,add_7,mul_7,22,0.0,0.0,1.0
arith,add_7->mul_7,add_7,mul_7,23,0.0,0.0,1.0
arith,add_7->mul_7,add_7,mul_7,24,0.0,0.0,1.0
arith,add_7->mul_7,add_7,mul_7,25,0.0,0.0,1.0
arith,add_7->mul_7,add_7,mul_7,26,0.0,0.0,1.0
arith,add_7->mul_7,add_7,mul_7,27,0.0,0.0,1.0
arith,add_7->mul_9,add_7,mul_9,0,0.0,0.0,1.0
arith,add_7->mul_9,add_7,mul_9,1,0.0,0.0,1.0
arith,add_7->mul_9,add_7,mul_9,2,0.0,0.0,1.0
arith,add_7->mul_9,add_7,mul_9,3,0.0,0.0,1.0
arith,add_7->mul_9,add_7,mul_9,4,0.0,0.0,1.0
arith,add_7->mul_9,add_7,mul_9,5,0.0,0.0,1.0
arith,add_7->mul_9,add_7,mul_9,6,0.0,0.0,1.0
arith,add_7->mul_9,add_7,mul_9,7,0.0,0.0,1.0
arith,add_7->mul_9,add_7,mul_9,8,0.0,0.0,1.0
arith,add_7->mul_9,add_7,mul_9,9,0.0,0.0,1.0
arith,add_7->mul_9,add_7,mul_9,10,0.0,0.0,1.0
arith,add_7->mul_9,add_7,mul_9,11,0.0,0.0,1.0
arith,add_7->mul_9,add_7,mul_9,12,0.0,0.0,1.0
arith,add_7->mul_9,add_7,mul_9,13,0.0,0.0,1.0
arith,add_7->mul_9,add_7,mul_9,14,0.0,0.0,1.0
arith,add_7->mul_9,add_7,mul_9,15,0.0,0.0,1.0
arith,add_7->mul_9,add_7,mul_9,16,0.0,0.0,1.0
arith,add_7->mul_9,add_7,mul_9,17,0.0,0.0,1.0
arith,add_7->mul_9,add_7,mul_9,18,0.0,0.0,1.0
arith,add_7->mul_9,add_7,mul_9,19,0.0,0.0,1.0
arith,add_7->mul_9,add_7,mul_9,20,0.0,0.0,1.0
arith,add_7->mul_9,add_7,mul_9,21,0.0,0.0,1.0
arith,add_7->mul_9,add_7,mul_9,22,0.0,0.0,1.0
arith,add_7->mul_9,add_7,mul_9,23,0.0,0.0,1.0
arith,add_7->mul_9,add_7,mul_9,24,0.0,0.0,1.0
arith,add_7->mul_9,add_7,mul_9,25,0.0,0.0,1.0
arith,add_7->mul_9,add_7,mul_9,26,0.0,0.0,1.0
arith,add_7->mul_9,add_7,mul_9,27,0.0,0.0,1.0
arith,add_7->mul_4_add_7,add_7,mul_4_add_7,0,0.0,0.0,1.0
arith,add_7->mul_4_add_7,add_7,mul_4_add_7,1,0.0,0.0,1.0
arith,add_7->mul_4_add_7,add_7,mul_4_add_7,2,0.0,0.0,1.0
arith,add_7->mul_4_add_7,add_7,mul_4_add_7,3,0.0,0.0,1.0
arith,add_7->mul_4_add_7,add_7,mul_4_add_7,4,0.0,0.0,1.0
arith,add_7->mul_4_add_7,add_7,mul_4_add_7,5,0.0,0.0,1.0
arith,add_7->mul_4_add_7,add_7,mul_4_add_7,6,0.0,0.0,1.0
arith,add_7->mul_4_add_7,add_7,mul_4_add_7,7,0.0,0.0,1.0
arith,add_7->mul_4_add_7,add_7,mul_4_add_7,8,0.0,0.0,1.0
arith,add_7->mul_4_add_7,add_7,mul_4_add_7,9,0.0,0.0,1.0
arith,add_7->mul_4_add_7,add_7,mul_4_add_7,10,0.0,0.0,1.0
arith,add_7->mul_4_add_7,add_7,mul_4_add_7,11,0.0,0.0,1.0
arith,add_7->mul_4_add_7,add_7,mul_4_add_7,12,0.0,0.0,1.0
arith,add_7->mul_4_add_7,add_7,mul_4_add_7,13,0.0,0.0,1.0
arith,add_7->mul_4_add_7,add_7,mul_4_add_7,14,0.0,0.0,1.0
arith,add_7->mul_4_add_7,add_7,mul_4_add_7,15,0.0,0.0,1.0
arith,add_7->mul_4_add_7,add_7,mul_4_add_7,16,0.0,0.0,1.0
arith,add_7->mul_4_add_7,add_7,mul_4_add_7,17,0.0,0.0,1.0
arith,add_7->mul_4_add_7,add_7,mul_4_add_7,18,0.0,0.0,1.0
arith,add_7->mul_4_add_7,add_7,mul_4_add_7,19,0.0,0.0,1.0
arith,add_7->mul_4_add_7,add_7,mul_4_add_7,20,0.0,0.0,1.0
arith,add_7->mul_4_add_7,add_7,mul_4_add_7,21,0.0,0.0,1.0
arith,add_7->mul_4_add_7,add_7,mul_4_add_7,22,0.0,0.0,1.0
arith,add_7->mul_4_add_7,add_7,mul_4_add_7,23,0.0,0.0,1.0
arith,add_7->mul_4_add_7,add_7,mul_4_add_7,24,0.0,0.0,1.0
arith,add_7->mul_4_add_7,add_7,mul_4_add_7,25,0.0,0.0,1.0
arith,add_7->mul_4_add_7,add_7,mul_4_add_7,26,0.0,0.0,1.0
arith,add_7->mul_4_add_7,add_7,mul_4_add_7,27,0.0,0.0,1.0
arith,add_7->mul_2_add_1,add_7,mul_2_add_1,0,0.0,0.0,1.0
arith,add_7->mul_2_add_1,add_7,mul_2_add_1,1,0.0,0.0,1.0
arith,add_7->mul_2_add_1,add_7,mul_2_add_1,2,0.0,0.0,1.0
arith,add_7->mul_2_add_1,add_7,mul_2_add_1,3,0.0,0.0,1.0
arith,add_7->mul_2_add_1,add_7,mul_2_add_1,4,0.0,0.0,1.0
arith,add_7->mul_2_add_1,add_7,mul_2_add_1,5,0.0,0.0,1.0
arith,add_7->mul_2_add_1,add_7,mul_2_add_1,6,0.0,0.0,1.0
arith,add_7->mul_2_add_1,add_7,mul_2_add_1,7,0.0,0.0,1.0
arith,add_7->mul_2_add_1,add_7,mul_2_add_1,8,0.0,0.0,1.0
arith,add_7->mul_2_add_1,add_7,mul_2_add_1,9,0.0,0.0,1.0
arith,add_7->mul_2_add_1,add_7,mul_2_add_1,10,0.0,0.0,1.0
arith,add_7->mul_2_add_1,add_7,mul_2_add_1,11,0.0,0.0,1.0
arith,add_7->mul_2_add_1,add_7,mul_2_add_1,12,0.0,0.0,1.0
arith,add_7->mul_2_add_1,add_7,mul_2_add_1,13,0.0,0.0,1.0
arith,add_7->mul_2_add_1,add_7,mul_2_add_1,14,0.0,0.0,1.0
arith,add_7->mul_2_add_1,add_7,mul_2_add_1,15,0.0,0.0,1.0
arith,add_7->mul_2_add_1,add_7,mul_2_add_1,16,0.0,0.0,1.0
arith,add_7->mul_2_add_1,add_7,mul_2_add_1,17,0.0,0.0,1.0
arith,add_7->mul_2_add_1,add_7,mul_2_add_1,18,0.0,0.0,1.0
arith,add_7->mul_2_add_1,add_7,mul_2_add_1,19,0.0,0.0,1.0
arith,add_7->mul_2_add_1,add_7,mul_2_add_1,20,0.0,0.0,1.0
arith,add_7->mul_2_add_1,add_7,mul_2_add_1,21,0.0,0.0,1.0
arith,add_7->mul_2_add_1,add_7,mul_2_add_1,22,0.0,0.0,1.0
arith,add_7->mul_2_add_1,add_7,mul_2_add_1,23,0.0,0.0,1.0
arith,add_7->mul_2_add_1,add_7,mul_2_add_1,24,0.0,0.0,1.0
arith,add_7->mul_2_add_1,add_7,mul_2_add_1,25,0.0,0.0,1.0
arith,add_7->mul_2_add_1,add_7,mul_2_add_1,26,0.0,0.0,1.0
arith,add_7->mul_2_add_1,add_7,mul_2_add_1,27,0.0,0.0,1.0
arith,add_7->mul_3_add_2,add_7,mul_3_add_2,0,0.0,0.0,1.0
arith,add_7->mul_3_add_2,add_7,mul_3_add_2,1,0.0,0.0,1.0
arith,add_7->mul_3_add_2,add_7,mul_3_add_2,2,0.0,0.0,1.0
arith,add_7->mul_3_add_2,add_7,mul_3_add_2,3,0.0,0.0,1.0
arith,add_7->mul_3_add_2,add_7,mul_3_add_2,4,0.0,0.0,1.0
arith,add_7->mul_3_add_2,add_7,mul_3_add_2,5,0.0,0.0,1.0
arith,add_7->mul_3_add_2,add_7,mul_3_add_2,6,0.0,0.0,1.0
arith,add_7->mul_3_add_2,add_7,mul_3_add_2,7,0.0,0.0,1.0
arith,add_7->mul_3_add_2,add_7,mul_3_add_2,8,0.0,0.0,1.0
arith,add_7->mul_3_add_2,add_7,mul_3_add_2,9,0.0,0.0,1.0
arith,add_7->mul_3_add_2,add_7,mul_3_add_2,10,0.0,0.0,1.0
arith,add_7->mul_3_add_2,add_7,mul_3_add_2,11,0.0,0.0,1.0
arith,add_7->mul_3_add_2,add_7,mul_3_add_2,12,0.0,0.0,1.0
arith,add_7->mul_3_add_2,add_7,mul_3_add_2,13,0.0,0.0,1.0
arith,add_7->mul_3_add_2,add_7,mul_3_add_2,14,0.0,0.0,1.0
arith,add_7->mul_3_add_2,add_7,mul_3_add_2,15,0.0,0.0,1.0
arith,add_7->mul_3_add_2,add_7,mul_3_add_2,16,0.0,0.0,1.0
arith,add_7->mul_3_add_2,add_7,mul_3_add_2,17,0.0,0.0,1.0
arith,add_7->mul_3_add_2,add_7,mul_3_add_2,18,0.0,0.0,1.0
arith,add_7->mul_3_add_2,add_7,mul_3_add_2,19,0.0,0.0,1.0
arith,add_7->mul_3_add_2,add_7,mul_3_add_2,20,0.0,0.0,1.0
arith,add_7->mul_3_add_2,add_7,mul_3_add_2,21,0.0,0.0,1.0
arith,add_7->mul_3_add_2,add_7,mul_3_add_2,22,0.0,0.0,1.0
arith,add_7->mul_3_add_2,add_7,mul_3_add_2,23,0.0,0.0,1.0
arith,add_7->mul_3_add_2,add_7,mul_3_add_2,24,0.0,0.0,1.0
arith,add_7->mul_3_add_2,add_7,mul_3_add_2,25,0.0,0.0,1.0
arith,add_7->mul_3_add_2,add_7,mul_3_add_2,26,0.0,0.0,1.0
arith,add_7->mul_3_add_2,add_7,mul_3_add_2,27,0.0,0.0,1.0
arith,add_7->mul_2_sub_1,add_7,mul_2_sub_1,0,0.0,0.0,1.0
arith,add_7->mul_2_sub_1,add_7,mul_2_sub_1,1,0.0,0.0,1.0
arith,add_7->mul_2_sub_1,add_7,mul_2_sub_1,2,0.0,0.0,1.0
arith,add_7->mul_2_sub_1,add_7,mul_2_sub_1,3,0.0,0.0,1.0
arith,add_7->mul_2_sub_1,add_7,mul_2_sub_1,4,0.0,0.0,1.0
arith,add_7->mul_2_sub_1,add_7,mul_2_sub_1,5,0.0,0.0,1.0
arith,add_7->mul_2_sub_1,add_7,mul_2_sub_1,6,0.0,0.0,1.0
arith,add_7->mul_2_sub_1,add_7,mul_2_sub_1,7,0.0,0.0,1.0
arith,add_7->mul_2_sub_1,add_7,mul_2_sub_1,8,0.0,0.0,1.0
arith,add_7->mul_2_sub_1,add_7,mul_2_sub_1,9,0.0,0.0,1.0
arith,add_7->mul_2_sub_1,add_7,mul_2_sub_1,10,0.0,0.0,1.0
arith,add_7->mul_2_sub_1,add_7,mul_2_sub_1,11,0.0,0.0,1.0
arith,add_7->mul_2_sub_1,add_7,mul_2_sub_1,12,0.0,0.0,1.0
arith,add_7->mul_2_sub_1,add_7,mul_2_sub_1,13,0.0,0.0,1.0
arith,add_7->mul_2_sub_1,add_7,mul_2_sub_1,14,0.0,0.0,1.0
arith,add_7->mul_2_sub_1,add_7,mul_2_sub_1,15,0.0,0.0,1.0
arith,add_7->mul_2_sub_1,add_7,mul_2_sub_1,16,0.0,0.0,1.0
arith,add_7->mul_2_sub_1,add_7,mul_2_sub_1,17,0.0,0.0,1.0
arith,add_7->mul_2_sub_1,add_7,mul_2_sub_1,18,0.0,0.0,1.0
arith,add_7->mul_2_sub_1,add_7,mul_2_sub_1,19,0.0,0.0,1.0
arith,add_7->mul_2_sub_1,add_7,mul_2_sub_1,20,0.0,0.0,1.0
arith,add_7->mul_2_sub_1,add_7,mul_2_sub_1,21,0.0,0.0,1.0
arith,add_7->mul_2_sub_1,add_7,mul_2_sub_1,22,0.0,0.0,1.0
arith,add_7->mul_2_sub_1,add_7,mul_2_sub_1,23,0.0,0.0,1.0
arith,add_7->mul_2_sub_1,add_7,mul_2_sub_1,24,0.0,0.0,1.0
arith,add_7->mul_2_sub_1,add_7,mul_2_sub_1,25,0.0,0.0,1.0
arith,add_7->mul_2_sub_1,add_7,mul_2_sub_1,26,0.0,0.0,1.0
arith,add_7->mul_2_sub_1,add_7,mul_2_sub_1,27,0.0,0.0,1.0
arith,add_13->add_3,add_13,add_3,0,0.0,0.0,1.0
arith,add_13->add_3,add_13,add_3,1,0.0,0.0,1.0
arith,add_13->add_3,add_13,add_3,2,0.0,0.0,1.0
arith,add_13->add_3,add_13,add_3,3,0.0,0.0,1.0
arith,add_13->add_3,add_13,add_3,4,0.0,0.0,1.0
arith,add_13->add_3,add_13,add_3,5,0.0,0.0,1.0
arith,add_13->add_3,add_13,add_3,6,0.0,0.0,1.0
arith,add_13->add_3,add_13,add_3,7,0.0,0.0,1.0
arith,add_13->add_3,add_13,add_3,8,0.0,0.0,1.0
arith,add_13->add_3,add_13,add_3,9,0.0,0.0,1.0
arith,add_13->add_3,add_13,add_3,10,0.0,0.0,1.0
arith,add_13->add_3,add_13,add_3,11,0.0,0.0,1.0
arith,add_13->add_3,add_13,add_3,12,0.0,0.0,1.0
arith,add_13->add_3,add_13,add_3,13,0.0,0.0,1.0
arith,add_13->add_3,add_13,add_3,14,0.0,0.0,1.0
arith,add_13->add_3,add_13,add_3,15,0.0,0.0,1.0
arith,add_13->add_3,add_13,add_3,16,0.0,0.0,1.0
arith,add_13->add_3,add_13,add_3,17,0.0,0.0,1.0
arith,add_13->add_3,add_13,add_3,18,0.0,0.0,1.0
arith,add_13->add_3,add_13,add_3,19,0.0,0.0,1.0
arith,add_13->add_3,add_13,add_3,20,0.0,0.0,1.0
arith,add_13->add_3,add_13,add_3,21,0.0,0.0,1.0
arith,add_13->add_3,add_13,add_3,22,0.0,0.0,1.0
arith,add_13->add_3,add_13,add_3,23,0.0,0.0,1.0
arith,add_13->add_3,add_13,add_3,24,0.0,0.0,1.0
arith,add_13->add_3,add_13,add_3,25,0.0,0.0,1.0
arith,add_13->add_3,add_13,add_3,26,0.0,0.0,1.0
arith,add_13->add_3,add_13,add_3,27,0.0,0.0,1.0
arith,add_13->add_7,add_13,add_7,0,0.0,0.0,1.0
arith,add_13->add_7,add_13,add_7,1,0.0,0.0,1.0
arith,add_13->add_7,add_13,add_7,2,0.0,0.0,1.0
arith,add_13->add_7,add_13,add_7,3,0.0,0.0,1.0
arith,add_13->add_7,add_13,add_7,4,0.0,0.0,1.0
arith,add_13->add_7,add_13,add_7,5,0.0,0.0,1.0
arith,add_13->add_7,add_13,add_7,6,0.0,0.0,1.0
arith,add_13->add_7,add_13,add_7,7,0.0,0.0,1.0
arith,add_13->add_7,add_13,add_7,8,0.0,0.0,1.0
arith,add_13->add_7,add_13,add_7,9,0.0,0.0,1.0
arith,add_13->add_7,add_13,add_7,10,0.0,0.0,1.0
arith,add_13->add_7,add_13,add_7,11,0.0,0.0,1.0
arith,add_13->add_7,add_13,add_7,12,0.0,0.0,1.0
arith,add_13->add_7,add_13,add_7,13,0.0,0.0,1.0
arith,add_13->add_7,add_13,add_7,14,0.0,0.0,1.0
arith,add_13->add_7,add_13,add_7,15,0.0,0.0,1.0
arith,add_13->add_7,add_13,add_7,16,0.0,0.0,1.0
arith,add_13->add_7,add_13,add_7,17,0.0,0.0,1.0
arith,add_13->add_7,add_13,add_7,18,0.0,0.0,1.0
arith,add_13->add_7,add_13,add_7,19,0.0,0.0,1.0
arith,add_13->add_7,add_13,add_7,20,0.0,0.0,1.0
arith,add_13->add_7,add_13,add_7,21,0.0,0.0,1.0
arith,add_13->add_7,add_13,add_7,22,0.0,0.0,1.0
arith,add_13->add_7,add_13,add_7,23,0.0,0.0,1.0
arith,add_13->add_7,add_13,add_7,24,0.0,0.0,1.0
arith,add_13->add_7,add_13,add_7,25,0.0,0.0,1.0
arith,add_13->add_7,add_13,add_7,26,0.0,0.0,1.0
arith,add_13->add_7,add_13,add_7,27,0.0,0.0,1.0
arith,add_13->mul_5,add_13,mul_5,0,0.0,0.0,1.0
arith,add_13->mul_5,add_13,mul_5,1,0.0,0.0,1.0
arith,add_13->mul_5,add_13,mul_5,2,0.0,0.0,1.0
arith,add_13->mul_5,add_13,mul_5,3,0.0,0.0,1.0
arith,add_13->mul_5,add_13,mul_5,4,0.0,0.0,1.0
arith,add_13->mul_5,add_13,mul_5,5,0.0,0.0,1.0
arith,add_13->mul_5,add_13,mul_5,6,0.0,0.0,1.0
arith,add_13->mul_5,add_13,mul_5,7,0.0,0.0,1.0
arith,add_13->mul_5,add_13,mul_5,8,0.0,0.0,1.0
arith,add_13->mul_5,add_13,mul_5,9,0.0,0.0,1.0
arith,add_13->mul_5,add_13,mul_5,10,0.0,0.0,1.0
arith,add_13->mul_5,add_13,mul_5,11,0.0,0.0,1.0
arith,add_13->mul_5,add_13,mul_5,12,0.0,0.0,1.0
arith,add_13->mul_5,add_13,mul_5,13,0.0,0.0,1.0
arith,add_13->mul_5,add_13,mul_5,14,0.0,0.0,1.0
arith,add_13->mul_5,add_13,mul_5,15,0.0,0.0,1.0
arith,add_13->mul_5,add_13,mul_5,16,0.0,0.0,1.0
arith,add_13->mul_5,add_13,mul_5,17,0.0,0.0,1.0
arith,add_13->mul_5,add_13,mul_5,18,0.0,0.0,1.0
arith,add_13->mul_5,add_13,mul_5,19,0.0,0.0,1.0
arith,add_13->mul_5,add_13,mul_5,20,0.0,0.0,1.0
arith,add_13->mul_5,add_13,mul_5,21,0.0,0.0,1.0
arith,add_13->mul_5,add_13,mul_5,22,0.0,0.0,1.0
arith,add_13->mul_5,add_13,mul_5,23,0.0,0.0,1.0
arith,add_13->mul_5,add_13,mul_5,24,0.0,0.0,1.0
arith,add_13->mul_5,add_13,mul_5,25,0.0,0.0,1.0
arith,add_13->mul_5,add_13,mul_5,26,0.0,0.0,1.0
arith,add_13->mul_5,add_13,mul_5,27,0.0,0.0,1.0
arith,add_13->mul_7,add_13,mul_7,0,0.0,0.0,1.0
arith,add_13->mul_7,add_13,mul_7,1,0.0,0.0,1.0
arith,add_13->mul_7,add_13,mul_7,2,0.0,0.0,1.0
arith,add_13->mul_7,add_13,mul_7,3,0.0,0.0,1.0
arith,add_13->mul_7,add_13,mul_7,4,0.0,0.0,1.0
arith,add_13->mul_7,add_13,mul_7,5,0.0,0.0,1.0
arith,add_13->mul_7,add_13,mul_7,6,0.0,0.0,1.0
arith,add_13->mul_7,add_13,mul_7,7,0.0,0.0,1.0
arith,add_13->mul_7,add_13,mul_7,8,0.0,0.0,1.0
arith,add_13->mul_7,add_13,mul_7,9,0.0,0.0,1.0
arith,add_13->mul_7,add_13,mul_7,10,0.0,0.0,1.0
arith,add_13->mul_7,add_13,mul_7,11,0.0,0.0,1.0
arith,add_13->mul_7,add_13,mul_7,12,0.0,0.0,1.0
arith,add_13->mul_7,add_13,mul_7,13,0.0,0.0,1.0
arith,add_13->mul_7,add_13,mul_7,14,0.0,0.0,1.0
arith,add_13->mul_7,add_13,mul_7,15,0.0,0.0,1.0
arith,add_13->mul_7,add_13,mul_7,16,0.0,0.0,1.0
arith,add_13->mul_7,add_13,mul_7,17,0.0,0.0,1.0
arith,add_13->mul_7,add_13,mul_7,18,0.0,0.0,1.0
arith,add_13->mul_7,add_13,mul_7,19,0.0,0.0,1.0
arith,add_13->mul_7,add_13,mul_7,20,0.0,0.0,1.0
arith,add_13->mul_7,add_13,mul_7,21,0.0,0.0,1.0
arith,add_13->mul_7,add_13,mul_7,22,0.0,0.0,1.0
arith,add_13->mul_7,add_13,mul_7,23,0.0,0.0,1.0
arith,add_13->mul_7,add_13,mul_7,24,0.0,0.0,1.0
arith,add_13->mul_7,add_13,mul_7,25,0.0,0.0,1.0
arith,add_13->mul_7,add_13,mul_7,26,0.0,0.0,1.0
arith,add_13->mul_7,add_13,mul_7,27,0.0,0.0,1.0
arith,add_13->mul_9,add_13,mul_9,0,0.0,0.0,1.0
arith,add_13->mul_9,add_13,mul_9,1,0.0,0.0,1.0
arith,add_13->mul_9,add_13,mul_9,2,0.0,0.0,1.0
arith,add_13->mul_9,add_13,mul_9,3,0.0,0.0,1.0
arith,add_13->mul_9,add_13,mul_9,4,0.0,0.0,1.0
arith,add_13->mul_9,add_13,mul_9,5,0.0,0.0,1.0
arith,add_13->mul_9,add_13,mul_9,6,0.0,0.0,1.0
arith,add_13->mul_9,add_13,mul_9,7,0.0,0.0,1.0
arith,add_13->mul_9,add_13,mul_9,8,0.0,0.0,1.0
arith,add_13->mul_9,add_13,mul_9,9,0.0,0.0,1.0
arith,add_13->mul_9,add_13,mul_9,10,0.0,0.0,1.0
arith,add_13->mul_9,add_13,mul_9,11,0.0,0.0,1.0
arith,add_13->mul_9,add_13,mul_9,12,0.0,0.0,1.0
arith,add_13->mul_9,add_13,mul_9,13,0.0,0.0,1.0
arith,add_13->mul_9,add_13,mul_9,14,0.0,0.0,1.0
arith,add_13->mul_9,add_13,mul_9,15,0.0,0.0,1.0
arith,add_13->mul_9,add_13,mul_9,16,0.0,0.0,1.0
arith,add_13->mul_9,add_13,mul_9,17,0.0,0.0,1.0
arith,add_13->mul_9,add_13,mul_9,18,0.0,0.0,1.0
arith,add_13->mul_9,add_13,mul_9,19,0.0,0.0,1.0
arith,add_13->mul_9,add_13,mul_9,20,0.0,0.0,1.0
arith,add_13->mul_9,add_13,mul_9,21,0.0,0.0,1.0
arith,add_13->mul_9,add_13,mul_9,22,0.0,0.0,1.0
arith,add_13->mul_9,add_13,mul_9,23,0.0,0.0,1.0
arith,add_13->mul_9,add_13,mul_9,24,0.0,0.0,1.0
arith,add_13->mul_9,add_13,mul_9,25,0.0,0.0,1.0
arith,add_13->mul_9,add_13,mul_9,26,0.0,0.0,1.0
arith,add_13->mul_9,add_13,mul_9,27,0.0,0.0,1.0
arith,add_13->mul_4_add_7,add_13,mul_4_add_7,0,0.0,0.0,1.0
arith,add_13->mul_4_add_7,add_13,mul_4_add_7,1,0.0,0.0,1.0
arith,add_13->mul_4_add_7,add_13,mul_4_add_7,2,0.0,0.0,1.0
arith,add_13->mul_4_add_7,add_13,mul_4_add_7,3,0.0,0.0,1.0
arith,add_13->mul_4_add_7,add_13,mul_4_add_7,4,0.0,0.0,1.0
arith,add_13->mul_4_add_7,add_13,mul_4_add_7,5,0.0,0.0,1.0
arith,add_13->mul_4_add_7,add_13,mul_4_add_7,6,0.0,0.0,1.0
arith,add_13->mul_4_add_7,add_13,mul_4_add_7,7,0.0,0.0,1.0
arith,add_13->mul_4_add_7,add_13,mul_4_add_7,8,0.0,0.0,1.0
arith,add_13->mul_4_add_7,add_13,mul_4_add_7,9,0.0,0.0,1.0
arith,add_13->mul_4_add_7,add_13,mul_4_add_7,10,0.0,0.0,1.0
arith,add_13->mul_4_add_7,add_13,mul_4_add_7,11,0.0,0.0,1.0
arith,add_13->mul_4_add_7,add_13,mul_4_add_7,12,0.0,0.0,1.0
arith,add_13->mul_4_add_7,add_13,mul_4_add_7,13,0.0,0.0,1.0
arith,add_13->mul_4_add_7,add_13,mul_4_add_7,14,0.0,0.0,1.0
arith,add_13->mul_4_add_7,add_13,mul_4_add_7,15,0.0,0.0,1.0
arith,add_13->mul_4_add_7,add_13,mul_4_add_7,16,0.0,0.0,1.0
arith,add_13->mul_4_add_7,add_13,mul_4_add_7,17,0.0,0.0,1.0
arith,add_13->mul_4_add_7,add_13,mul_4_add_7,18,0.0,0.0,1.0
arith,add_13->mul_4_add_7,add_13,mul_4_add_7,19,0.0,0.0,1.0
arith,add_13->mul_4_add_7,add_13,mul_4_add_7,20,0.0,0.0,1.0
arith,add_13->mul_4_add_7,add_13,mul_4_add_7,21,0.0,0.0,1.0
arith,add_13->mul_4_add_7,add_13,mul_4_add_7,22,0.0,0.0,1.0
arith,add_13->mul_4_add_7,add_13,mul_4_add_7,23,0.0,0.0,1.0
arith,add_13->mul_4_add_7,add_13,mul_4_add_7,24,0.0,0.0,1.0
arith,add_13->mul_4_add_7,add_13,mul_4_add_7,25,0.0,0.0,1.0
arith,add_13->mul_4_add_7,add_13,mul_4_add_7,26,0.0,0.0,1.0
arith,add_13->mul_4_add_7,add_13,mul_4_add_7,27,0.0,0.0,1.0
arith,add_13->mul_2_add_1,add_13,mul_2_add_1,0,0.0,0.0,1.0
arith,add_13->mul_2_add_1,add_13,mul_2_add_1,1,0.0,0.0,1.0
arith,add_13->mul_2_add_1,add_13,mul_2_add_1,2,0.0,0.0,1.0
arith,add_13->mul_2_add_1,add_13,mul_2_add_1,3,0.0,0.0,1.0
arith,add_13->mul_2_add_1,add_13,mul_2_add_1,4,0.0,0.0,1.0
arith,add_13->mul_2_add_1,add_13,mul_2_add_1,5,0.0,0.0,1.0
arith,add_13->mul_2_add_1,add_13,mul_2_add_1,6,0.0,0.0,1.0
arith,add_13->mul_2_add_1,add_13,mul_2_add_1,7,0.0,0.0,1.0
arith,add_13->mul_2_add_1,add_13,mul_2_add_1,8,0.0,0.0,1.0
arith,add_13->mul_2_add_1,add_13,mul_2_add_1,9,0.0,0.0,1.0
arith,add_13->mul_2_add_1,add_13,mul_2_add_1,10,0.0,0.0,1.0
arith,add_13->mul_2_add_1,add_13,mul_2_add_1,11,0.0,0.0,1.0
arith,add_13->mul_2_add_1,add_13,mul_2_add_1,12,0.0,0.0,1.0
arith,add_13->mul_2_add_1,add_13,mul_2_add_1,13,0.0,0.0,1.0
arith,add_13->mul_2_add_1,add_13,mul_2_add_1,14,0.0,0.0,1.0
arith,add_13->mul_2_add_1,add_13,mul_2_add_1,15,0.0,0.0,1.0
arith,add_13->mul_2_add_1,add_13,mul_2_add_1,16,0.0,0.0,1.0
arith,add_13->mul_2_add_1,add_13,mul_2_add_1,17,0.0,0.0,1.0
arith,add_13->mul_2_add_1,add_13,mul_2_add_1,18,0.0,0.0,1.0
arith,add_13->mul_2_add_1,add_13,mul_2_add_1,19,0.0,0.0,1.0
arith,add_13->mul_2_add_1,add_13,mul_2_add_1,20,0.0,0.0,1.0
arith,add_13->mul_2_add_1,add_13,mul_2_add_1,21,0.0,0.0,1.0
arith,add_13->mul_2_add_1,add_13,mul_2_add_1,22,0.0,0.0,1.0
arith,add_13->mul_2_add_1,add_13,mul_2_add_1,23,0.0,0.0,1.0
arith,add_13->mul_2_add_1,add_13,mul_2_add_1,24,0.0,0.0,1.0
arith,add_13->mul_2_add_1,add_13,mul_2_add_1,25,0.0,0.0,1.0
arith,add_13->mul_2_add_1,add_13,mul_2_add_1,26,0.0,0.0,1.0
arith,add_13->mul_2_add_1,add_13,mul_2_add_1,27,0.0,0.0,1.0
arith,add_13->mul_3_add_2,add_13,mul_3_add_2,0,0.0,0.0,1.0
arith,add_13->mul_3_add_2,add_13,mul_3_add_2,1,0.0,0.0,1.0
arith,add_13->mul_3_add_2,add_13,mul_3_add_2,2,0.0,0.0,1.0
arith,add_13->mul_3_add_2,add_13,mul_3_add_2,3,0.0,0.0,1.0
arith,add_13->mul_3_add_2,add_13,mul_3_add_2,4,0.0,0.0,1.0
arith,add_13->mul_3_add_2,add_13,mul_3_add_2,5,0.0,0.0,1.0
arith,add_13->mul_3_add_2,add_13,mul_3_add_2,6,0.0,0.0,1.0
arith,add_13->mul_3_add_2,add_13,mul_3_add_2,7,0.0,0.0,1.0
arith,add_13->mul_3_add_2,add_13,mul_3_add_2,8,0.0,0.0,1.0
arith,add_13->mul_3_add_2,add_13,mul_3_add_2,9,0.0,0.0,1.0
arith,add_13->mul_3_add_2,add_13,mul_3_add_2,10,0.0,0.0,1.0
arith,add_13->mul_3_add_2,add_13,mul_3_add_2,11,0.0,0.0,1.0
arith,add_13->mul_3_add_2,add_13,mul_3_add_2,12,0.0,0.0,1.0
arith,add_13->mul_3_add_2,add_13,mul_3_add_2,13,0.0,0.0,1.0
arith,add_13->mul_3_add_2,add_13,mul_3_add_2,14,0.0,0.0,1.0
arith,add_13->mul_3_add_2,add_13,mul_3_add_2,15,0.0,0.0,1.0
arith,add_13->mul_3_add_2,add_13,mul_3_add_2,16,0.0,0.0,1.0
arith,add_13->mul_3_add_2,add_13,mul_3_add_2,17,0.0,0.0,1.0
arith,add_13->mul_3_add_2,add_13,mul_3_add_2,18,0.0,0.0,1.0
arith,add_13->mul_3_add_2,add_13,mul_3_add_2,19,0.0,0.0,1.0
arith,add_13->mul_3_add_2,add_13,mul_3_add_2,20,0.0,0.0,1.0
arith,add_13->mul_3_add_2,add_13,mul_3_add_2,21,0.0,0.0,1.0
arith,add_13->mul_3_add_2,add_13,mul_3_add_2,22,0.0,0.0,1.0
arith,add_13->mul_3_add_2,add_13,mul_3_add_2,23,0.0,0.0,1.0
arith,add_13->mul_3_add_2,add_13,mul_3_add_2,24,0.0,0.0,1.0
arith,add_13->mul_3_add_2,add_13,mul_3_add_2,25,0.0,0.0,1.0
arith,add_13->mul_3_add_2,add_13,mul_3_add_2,26,0.0,0.0,1.0
arith,add_13->mul_3_add_2,add_13,mul_3_add_2,27,0.0,0.0,1.0
arith,add_13->mul_2_sub_1,add_13,mul_2_sub_1,0,0.0,0.0,1.0
arith,add_13->mul_2_sub_1,add_13,mul_2_sub_1,1,0.0,0.0,1.0
arith,add_13->mul_2_sub_1,add_13,mul_2_sub_1,2,0.0,0.0,1.0
arith,add_13->mul_2_sub_1,add_13,mul_2_sub_1,3,0.0,0.0,1.0
arith,add_13->mul_2_sub_1,add_13,mul_2_sub_1,4,0.0,0.0,1.0
arith,add_13->mul_2_sub_1,add_13,mul_2_sub_1,5,0.0,0.0,1.0
arith,add_13->mul_2_sub_1,add_13,mul_2_sub_1,6,0.0,0.0,1.0
arith,add_13->mul_2_sub_1,add_13,mul_2_sub_1,7,0.0,0.0,1.0
arith,add_13->mul_2_sub_1,add_13,mul_2_sub_1,8,0.0,0.0,1.0
arith,add_13->mul_2_sub_1,add_13,mul_2_sub_1,9,0.0,0.0,1.0
arith,add_13->mul_2_sub_1,add_13,mul_2_sub_1,10,0.0,0.0,1.0
arith,add_13->mul_2_sub_1,add_13,mul_2_sub_1,11,0.0,0.0,1.0
arith,add_13->mul_2_sub_1,add_13,mul_2_sub_1,12,0.0,0.0,1.0
arith,add_13->mul_2_sub_1,add_13,mul_2_sub_1,13,0.0,0.0,1.0
arith,add_13->mul_2_sub_1,add_13,mul_2_sub_1,14,0.0,0.0,1.0
arith,add_13->mul_2_sub_1,add_13,mul_2_sub_1,15,0.0,0.0,1.0
arith,add_13->mul_2_sub_1,add_13,mul_2_sub_1,16,0.0,0.0,1.0
arith,add_13->mul_2_sub_1,add_13,mul_2_sub_1,17,0.0,0.0,1.0
arith,add_13->mul_2_sub_1,add_13,mul_2_sub_1,18,0.0,0.0,1.0
arith,add_13->mul_2_sub_1,add_13,mul_2_sub_1,19,0.0,0.0,1.0
arith,add_13->mul_2_sub_1,add_13,mul_2_sub_1,20,0.0,0.0,1.0
arith,add_13->mul_2_sub_1,add_13,mul_2_sub_1,21,0.0,0.0,1.0
arith,add_13->mul_2_sub_1,add_13,mul_2_sub_1,22,0.0,0.0,1.0
arith,add_13->mul_2_sub_1,add_13,mul_2_sub_1,23,0.0,0.0,1.0
arith,add_13->mul_2_sub_1,add_13,mul_2_sub_1,24,0.0,0.0,1.0
arith,add_13->mul_2_sub_1,add_13,mul_2_sub_1,25,0.0,0.0,1.0
arith,add_13->mul_2_sub_1,add_13,mul_2_sub_1,26,0.0,0.0,1.0
arith,add_13->mul_2_sub_1,add_13,mul_2_sub_1,27,0.0,0.0,1.0
arith,mul_5->add_3,mul_5,add_3,0,0.0,0.0,1.0
arith,mul_5->add_3,mul_5,add_3,1,0.0,0.0,1.0
arith,mul_5->add_3,mul_5,add_3,2,0.0,0.0,1.0
arith,mul_5->add_3,mul_5,add_3,3,0.0,0.0,1.0
arith,mul_5->add_3,mul_5,add_3,4,0.0,0.0,1.0
arith,mul_5->add_3,mul_5,add_3,5,0.0,0.0,1.0
arith,mul_5->add_3,mul_5,add_3,6,0.0,0.0,1.0
arith,mul_5->add_3,mul_5,add_3,7,0.0,0.0,1.0
arith,mul_5->add_3,mul_5,add_3,8,0.0,0.0,1.0
arith,mul_5->add_3,mul_5,add_3,9,0.0,0.0,1.0
arith,mul_5->add_3,mul_5,add_3,10,0.0,0.0,1.0
arith,mul_5->add_3,mul_5,add_3,11,0.0,0.0,1.0
arith,mul_5->add_3,mul_5,add_3,12,0.0,0.0,1.0
arith,mul_5->add_3,mul_5,add_3,13,0.0,0.0,1.0
arith,mul_5->add_3,mul_5,add_3,14,0.0,0.0,1.0
arith,mul_5->add_3,mul_5,add_3,15,0.0,0.0,1.0
arith,mul_5->add_3,mul_5,add_3,16,0.0,0.0,1.0
arith,mul_5->add_3,mul_5,add_3,17,0.0,0.0,1.0
arith,mul_5->add_3,mul_5,add_3,18,0.0,0.0,1.0
arith,mul_5->add_3,mul_5,add_3,19,0.0,0.0,1.0
arith,mul_5->add_3,mul_5,add_3,20,0.0,0.0,1.0
arith,mul_5->add_3,mul_5,add_3,21,0.0,0.0,1.0
arith,mul_5->add_3,mul_5,add_3,22,0.0,0.0,1.0
arith,mul_5->add_3,mul_5,add_3,23,0.0,0.0,1.0
arith,mul_5->add_3,mul_5,add_3,24,0.0,0.0,1.0
arith,mul_5->add_3,mul_5,add_3,25,0.0,0.0,1.0
arith,mul_5->add_3,mul_5,add_3,26,0.0,0.0,1.0
arith,mul_5->add_3,mul_5,add_3,27,0.0,0.0,1.0
arith,mul_5->add_7,mul_5,add_7,0,0.0,0.0,1.0
arith,mul_5->add_7,mul_5,add_7,1,0.0,0.0,1.0
arith,mul_5->add_7,mul_5,add_7,2,0.0,0.0,1.0
arith,mul_5->add_7,mul_5,add_7,3,0.0,0.0,1.0
arith,mul_5->add_7,mul_5,add_7,4,0.0,0.0,1.0
arith,mul_5->add_7,mul_5,add_7,5,0.0,0.0,1.0
arith,mul_5->add_7,mul_5,add_7,6,0.0,0.0,1.0
arith,mul_5->add_7,mul_5,add_7,7,0.0,0.0,1.0
arith,mul_5->add_7,mul_5,add_7,8,0.0,0.0,1.0
arith,mul_5->add_7,mul_5,add_7,9,0.0,0.0,1.0
arith,mul_5->add_7,mul_5,add_7,10,0.0,0.0,1.0
arith,mul_5->add_7,mul_5,add_7,11,0.0,0.0,1.0
arith,mul_5->add_7,mul_5,add_7,12,0.0,0.0,1.0
arith,mul_5->add_7,mul_5,add_7,13,0.0,0.0,1.0
arith,mul_5->add_7,mul_5,add_7,14,0.0,0.0,1.0
arith,mul_5->add_7,mul_5,add_7,15,0.0,0.0,1.0
arith,mul_5->add_7,mul_5,add_7,16,0.0,0.0,1.0
arith,mul_5->add_7,mul_5,add_7,17,0.0,0.0,1.0
arith,mul_5->add_7,mul_5,add_7,18,0.0,0.0,1.0
arith,mul_5->add_7,mul_5,add_7,19,0.0,0.0,1.0
arith,mul_5->add_7,mul_5,add_7,20,0.0,0.0,1.0
arith,mul_5->add_7,mul_5,add_7,21,0.0,0.0,1.0
arith,mul_5->add_7,mul_5,add_7,22,0.0,0.0,1.0
arith,mul_5->add_7,mul_5,add_7,23,0.0,0.0,1.0
arith,mul_5->add_7,mul_5,add_7,24,0.0,0.0,1.0
arith,mul_5->add_7,mul_5,add_7,25,0.0,0.0,1.0
arith,mul_5->add_7,mul_5,add_7,26,0.0,0.0,1.0
arith,mul_5->add_7,mul_5,add_7,27,0.0,0.0,1.0
arith,mul_5->add_13,mul_5,add_13,0,0.0,0.0,1.0
arith,mul_5->add_13,mul_5,add_13,1,0.0,0.0,1.0
arith,mul_5->add_13,mul_5,add_13,2,0.0,0.0,1.0
arith,mul_5->add_13,mul_5,add_13,3,0.0,0.0,1.0
arith,mul_5->add_13,mul_5,add_13,4,0.0,0.0,1.0
arith,mul_5->add_13,mul_5,add_13,5,0.0,0.0,1.0
arith,mul_5->add_13,mul_5,add_13,6,0.0,0.0,1.0
arith,mul_5->add_13,mul_5,add_13,7,0.0,0.0,1.0
arith,mul_5->add_13,mul_5,add_13,8,0.0,0.0,1.0
arith,mul_5->add_13,mul_5,add_13,9,0.0,0.0,1.0
arith,mul_5->add_13,mul_5,add_13,10,0.0,0.0,1.0
arith,mul_5->add_13,mul_5,add_13,11,0.0,0.0,1.0
arith,mul_5->add_13,mul_5,add_13,12,0.0,0.0,1.0
arith,mul_5->add_13,mul_5,add_13,13,0.0,0.0,1.0
arith,mul_5->add_13,mul_5,add_13,14,0.0,0.0,1.0
arith,mul_5->add_13,mul_5,add_13,15,0.0,0.0,1.0
arith,mul_5->add_13,mul_5,add_13,16,0.0,0.0,1.0
arith,mul_5->add_13,mul_5,add_13,17,0.0,0.0,1.0
arith,mul_5->add_13,mul_5,add_13,18,0.0,0.0,1.0
arith,mul_5->add_13,mul_5,add_13,19,0.0,0.0,1.0
arith,mul_5->add_13,mul_5,add_13,20,0.0,0.0,1.0
arith,mul_5->add_13,mul_5,add_13,21,0.0,0.0,1.0
arith,mul_5->add_13,mul_5,add_13,22,0.0,0.0,1.0
arith,mul_5->add_13,mul_5,add_13,23,0.0,0.0,1.0
arith,mul_5->add_13,mul_5,add_13,24,0.0,0.0,1.0
arith,mul_5->add_13,mul_5,add_13,25,0.0,0.0,1.0
arith,mul_5->add_13,mul_5,add_13,26,0.0,0.0,1.0
arith,mul_5->add_13,mul_5,add_13,27,0.0,0.0,1.0
arith,mul_5->mul_7,mul_5,mul_7,0,0.0,0.0,1.0
arith,mul_5->mul_7,mul_5,mul_7,1,0.0,0.0,1.0
arith,mul_5->mul_7,mul_5,mul_7,2,0.0,0.0,1.0
arith,mul_5->mul_7,mul_5,mul_7,3,0.0,0.0,1.0
arith,mul_5->mul_7,mul_5,mul_7,4,0.0,0.0,1.0
arith,mul_5->mul_7,mul_5,mul_7,5,0.0,0.0,1.0
arith,mul_5->mul_7,mul_5,mul_7,6,0.0,0.0,1.0
arith,mul_5->mul_7,mul_5,mul_7,7,0.0,0.0,1.0
arith,mul_5->mul_7,mul_5,mul_7,8,0.0,0.0,1.0
arith,mul_5->mul_7,mul_5,mul_7,9,0.0,0.0,1.0
arith,mul_5->mul_7,mul_5,mul_7,10,0.0,0.0,1.0
arith,mul_5->mul_7,mul_5,mul_7,11,0.0,0.0,1.0
arith,mul_5->mul_7,mul_5,mul_7,12,0.0,0.0,1.0
arith,mul_5->mul_7,mul_5,mul_7,13,0.0,0.0,1.0
arith,mul_5->mul_7,mul_5,mul_7,14,0.0,0.0,1.0
arith,mul_5->mul_7,mul_5,mul_7,15,0.0,0.0,1.0
arith,mul_5->mul_7,mul_5,mul_7,16,0.0,0.0,1.0
arith,mul_5->mul_7,mul_5,mul_7,17,0.0,0.0,1.0
arith,mul_5->mul_7,mul_5,mul_7,18,0.0,0.0,1.0
arith,mul_5->mul_7,mul_5,mul_7,19,0.0,0.0,1.0
arith,mul_5->mul_7,mul_5,mul_7,20,0.0,0.0,1.0
arith,mul_5->mul_7,mul_5,mul_7,21,0.0,0.0,1.0
arith,mul_5->mul_7,mul_5,mul_7,22,0.0,0.0,1.0
arith,mul_5->mul_7,mul_5,mul_7,23,0.0,0.0,1.0
arith,mul_5->mul_7,mul_5,mul_7,24,0.0,0.0,1.0
arith,mul_5->mul_7,mul_5,mul_7,25,0.0,0.0,1.0
arith,mul_5->mul_7,mul_5,mul_7,26,0.0,0.0,1.0
arith,mul_5->mul_7,mul_5,mul_7,27,0.0,0.0,1.0
arith,mul_5->mul_9,mul_5,mul_9,0,0.0,0.0,1.0
arith,mul_5->mul_9,mul_5,mul_9,1,0.0,0.0,1.0
arith,mul_5->mul_9,mul_5,mul_9,2,0.0,0.0,1.0
arith,mul_5->mul_9,mul_5,mul_9,3,0.0,0.0,1.0
arith,mul_5->mul_9,mul_5,mul_9,4,0.0,0.0,1.0
arith,mul_5->mul_9,mul_5,mul_9,5,0.0,0.0,1.0
arith,mul_5->mul_9,mul_5,mul_9,6,0.0,0.0,1.0
arith,mul_5->mul_9,mul_5,mul_9,7,0.0,0.0,1.0
arith,mul_5->mul_9,mul_5,mul_9,8,0.0,0.0,1.0
arith,mul_5->mul_9,mul_5,mul_9,9,0.0,0.0,1.0
arith,mul_5->mul_9,mul_5,mul_9,10,0.0,0.0,1.0
arith,mul_5->mul_9,mul_5,mul_9,11,0.0,0.0,1.0
arith,mul_5->mul_9,mul_5,mul_9,12,0.0,0.0,1.0
arith,mul_5->mul_9,mul_5,mul_9,13,0.0,0.0,1.0
arith,mul_5->mul_9,mul_5,mul_9,14,0.0,0.0,1.0
arith,mul_5->mul_9,mul_5,mul_9,15,0.0,0.0,1.0
arith,mul_5->mul_9,mul_5,mul_9,16,0.0,0.0,1.0
arith,mul_5->mul_9,mul_5,mul_9,17,0.0,0.0,1.0
arith,mul_5->mul_9,mul_5,mul_9,18,0.0,0.0,1.0
arith,mul_5->mul_9,mul_5,mul_9,19,0.0,0.0,1.0
arith,mul_5->mul_9,mul_5,mul_9,20,0.0,0.0,1.0
arith,mul_5->mul_9,mul_5,mul_9,21,0.0,0.0,1.0
arith,mul_5->mul_9,mul_5,mul_9,22,0.0,0.0,1.0
arith,mul_5->mul_9,mul_5,mul_9,23,0.0,0.0,1.0
arith,mul_5->mul_9,mul_5,mul_9,24,0.0,0.0,1.0
arith,mul_5->mul_9,mul_5,mul_9,25,0.0,0.0,1.0
arith,mul_5->mul_9,mul_5,mul_9,26,0.0,0.0,1.0
arith,mul_5->mul_9,mul_5,mul_9,27,0.0,0.0,1.0
arith,mul_5->mul_4_add_7,mul_5,mul_4_add_7,0,0.0,0.0,1.0
arith,mul_5->mul_4_add_7,mul_5,mul_4_add_7,1,0.0,0.0,1.0
arith,mul_5->mul_4_add_7,mul_5,mul_4_add_7,2,0.0,0.0,1.0
arith,mul_5->mul_4_add_7,mul_5,mul_4_add_7,3,0.0,0.0,1.0
arith,mul_5->mul_4_add_7,mul_5,mul_4_add_7,4,0.0,0.0,1.0
arith,mul_5->mul_4_add_7,mul_5,mul_4_add_7,5,0.0,0.0,1.0
arith,mul_5->mul_4_add_7,mul_5,mul_4_add_7,6,0.0,0.0,1.0
arith,mul_5->mul_4_add_7,mul_5,mul_4_add_7,7,0.0,0.0,1.0
arith,mul_5->mul_4_add_7,mul_5,mul_4_add_7,8,0.0,0.0,1.0
arith,mul_5->mul_4_add_7,mul_5,mul_4_add_7,9,0.0,0.0,1.0
arith,mul_5->mul_4_add_7,mul_5,mul_4_add_7,10,0.0,0.0,1.0
arith,mul_5->mul_4_add_7,mul_5,mul_4_add_7,11,0.0,0.0,1.0
arith,mul_5->mul_4_add_7,mul_5,mul_4_add_7,12,0.0,0.0,1.0
arith,mul_5->mul_4_add_7,mul_5,mul_4_add_7,13,0.0,0.0,1.0
arith,mul_5->mul_4_add_7,mul_5,mul_4_add_7,14,0.0,0.0,1.0
arith,mul_5->mul_4_add_7,mul_5,mul_4_add_7,15,0.0,0.0,1.0
arith,mul_5->mul_4_add_7,mul_5,mul_4_add_7,16,0.0,0.0,1.0
arith,mul_5->mul_4_add_7,mul_5,mul_4_add_7,17,0.0,0.0,1.0
arith,mul_5->mul_4_add_7,mul_5,mul_4_add_7,18,0.0,0.0,1.0
arith,mul_5->mul_4_add_7,mul_5,mul_4_add_7,19,0.0,0.0,1.0
arith,mul_5->mul_4_add_7,mul_5,mul_4_add_7,20,0.0,0.0,1.0
arith,mul_5->mul_4_add_7,mul_5,mul_4_add_7,21,0.0,0.0,1.0
arith,mul_5->mul_4_add_7,mul_5,mul_4_add_7,22,0.0,0.0,1.0
arith,mul_5->mul_4_add_7,mul_5,mul_4_add_7,23,0.0,0.0,1.0
arith,mul_5->mul_4_add_7,mul_5,mul_4_add_7,24,0.0,0.0,1.0
arith,mul_5->mul_4_add_7,mul_5,mul_4_add_7,25,0.0,0.0,1.0
arith,mul_5->mul_4_add_7,mul_5,mul_4_add_7,26,0.0,0.0,1.0
arith,mul_5->mul_4_add_7,mul_5,mul_4_add_7,27,0.0,0.0,1.0
arith,mul_5->mul_2_add_1,mul_5,mul_2_add_1,0,0.0,0.0,1.0
arith,mul_5->mul_2_add_1,mul_5,mul_2_add_1,1,0.0,0.0,1.0
arith,mul_5->mul_2_add_1,mul_5,mul_2_add_1,2,0.0,0.0,1.0
arith,mul_5->mul_2_add_1,mul_5,mul_2_add_1,3,0.0,0.0,1.0
arith,mul_5->mul_2_add_1,mul_5,mul_2_add_1,4,0.0,0.0,1.0
arith,mul_5->mul_2_add_1,mul_5,mul_2_add_1,5,0.0,0.0,1.0
arith,mul_5->mul_2_add_1,mul_5,mul_2_add_1,6,0.0,0.0,1.0
arith,mul_5->mul_2_add_1,mul_5,mul_2_add_1,7,0.0,0.0,1.0
arith,mul_5->mul_2_add_1,mul_5,mul_2_add_1,8,0.0,0.0,1.0
arith,mul_5->mul_2_add_1,mul_5,mul_2_add_1,9,0.0,0.0,1.0
arith,mul_5->mul_2_add_1,mul_5,mul_2_add_1,10,0.0,0.0,1.0
arith,mul_5->mul_2_add_1,mul_5,mul_2_add_1,11,0.0,0.0,1.0
arith,mul_5->mul_2_add_1,mul_5,mul_2_add_1,12,0.0,0.0,1.0
arith,mul_5->mul_2_add_1,mul_5,mul_2_add_1,13,0.0,0.0,1.0
arith,mul_5->mul_2_add_1,mul_5,mul_2_add_1,14,0.0,0.0,1.0
arith,mul_5->mul_2_add_1,mul_5,mul_2_add_1,15,0.0,0.0,1.0
arith,mul_5->mul_2_add_1,mul_5,mul_2_add_1,16,0.0,0.0,1.0
arith,mul_5->mul_2_add_1,mul_5,mul_2_add_1,17,0.0,0.0,1.0
arith,mul_5->mul_2_add_1,mul_5,mul_2_add_1,18,0.0,0.0,1.0
arith,mul_5->mul_2_add_1,mul_5,mul_2_add_1,19,0.0,0.0,1.0
arith,mul_5->mul_2_add_1,mul_5,mul_2_add_1,20,0.0,0.0,1.0
arith,mul_5->mul_2_add_1,mul_5,mul_2_add_1,21,0.0,0.0,1.0
arith,mul_5->mul_2_add_1,mul_5,mul_2_add_1,22,0.0,0.0,1.0
arith,mul_5->mul_2_add_1,mul_5,mul_2_add_1,23,0.0,0.0,1.0
arith,mul_5->mul_2_add_1,mul_5,mul_2_add_1,24,0.0,0.0,1.0
arith,mul_5->mul_2_add_1,mul_5,mul_2_add_1,25,0.0,0.0,1.0
arith,mul_5->mul_2_add_1,mul_5,mul_2_add_1,26,0.0,0.0,1.0
arith,mul_5->mul_2_add_1,mul_5,mul_2_add_1,27,0.0,0.0,1.0
arith,mul_5->mul_3_add_2,mul_5,mul_3_add_2,0,0.0,0.0,1.0
arith,mul_5->mul_3_add_2,mul_5,mul_3_add_2,1,0.0,0.0,1.0
arith,mul_5->mul_3_add_2,mul_5,mul_3_add_2,2,0.0,0.0,1.0
arith,mul_5->mul_3_add_2,mul_5,mul_3_add_2,3,0.0,0.0,1.0
arith,mul_5->mul_3_add_2,mul_5,mul_3_add_2,4,0.0,0.0,1.0
arith,mul_5->mul_3_add_2,mul_5,mul_3_add_2,5,0.0,0.0,1.0
arith,mul_5->mul_3_add_2,mul_5,mul_3_add_2,6,0.0,0.0,1.0
arith,mul_5->mul_3_add_2,mul_5,mul_3_add_2,7,0.0,0.0,1.0
arith,mul_5->mul_3_add_2,mul_5,mul_3_add_2,8,0.0,0.0,1.0
arith,mul_5->mul_3_add_2,mul_5,mul_3_add_2,9,0.0,0.0,1.0
arith,mul_5->mul_3_add_2,mul_5,mul_3_add_2,10,0.0,0.0,1.0
arith,mul_5->mul_3_add_2,mul_5,mul_3_add_2,11,0.0,0.0,1.0
arith,mul_5->mul_3_add_2,mul_5,mul_3_add_2,12,0.0,0.0,1.0
arith,mul_5->mul_3_add_2,mul_5,mul_3_add_2,13,0.0,0.0,1.0
arith,mul_5->mul_3_add_2,mul_5,mul_3_add_2,14,0.0,0.0,1.0
arith,mul_5->mul_3_add_2,mul_5,mul_3_add_2,15,0.0,0.0,1.0
arith,mul_5->mul_3_add_2,mul_5,mul_3_add_2,16,0.0,0.0,1.0
arith,mul_5->mul_3_add_2,mul_5,mul_3_add_2,17,0.0,0.0,1.0
arith,mul_5->mul_3_add_2,mul_5,mul_3_add_2,18,0.0,0.0,1.0
arith,mul_5->mul_3_add_2,mul_5,mul_3_add_2,19,0.0,0.0,1.0
arith,mul_5->mul_3_add_2,mul_5,mul_3_add_2,20,0.0,0.0,1.0
arith,mul_5->mul_3_add_2,mul_5,mul_3_add_2,21,0.0,0.0,1.0
arith,mul_5->mul_3_add_2,mul_5,mul_3_add_2,22,0.0,0.0,1.0
arith,mul_5->mul_3_add_2,mul_5,mul_3_add_2,23,0.0,0.0,1.0
arith,mul_5->mul_3_add_2,mul_5,mul_3_add_2,24,0.0,0.0,1.0
arith,mul_5->mul_3_add_2,mul_5,mul_3_add_2,25,0.0,0.0,1.0
arith,mul_5->mul_3_add_2,mul_5,mul_3_add_2,26,0.0,0.0,1.0
arith,mul_5->mul_3_add_2,mul_5,mul_3_add_2,27,0.0,0.0,1.0
arith,mul_5->mul_2_sub_1,mul_5,mul_2_sub_1,0,0.0,0.0,1.0
arith,mul_5->mul_2_sub_1,mul_5,mul_2_sub_1,1,0.0,0.0,1.0
arith,mul_5->mul_2_sub_1,mul_5,mul_2_sub_1,2,0.0,0.0,1.0
arith,mul_5->mul_2_sub_1,mul_5,mul_2_sub_1,3,0.0,0.0,1.0
arith,mul_5->mul_2_sub_1,mul_5,mul_2_sub_1,4,0.0,0.0,1.0
arith,mul_5->mul_2_sub_1,mul_5,mul_2_sub_1,5,0.0,0.0,1.0
arith,mul_5->mul_2_sub_1,mul_5,mul_2_sub_1,6,0.0,0.0,1.0
arith,mul_5->mul_2_sub_1,mul_5,mul_2_sub_1,7,0.0,0.0,1.0
arith,mul_5->mul_2_sub_1,mul_5,mul_2_sub_1,8,0.0,0.0,1.0
arith,mul_5->mul_2_sub_1,mul_5,mul_2_sub_1,9,0.0,0.0,1.0
arith,mul_5->mul_2_sub_1,mul_5,mul_2_sub_1,10,0.0,0.0,1.0
arith,mul_5->mul_2_sub_1,mul_5,mul_2_sub_1,11,0.0,0.0,1.0
arith,mul_5->mul_2_sub_1,mul_5,mul_2_sub_1,12,0.0,0.0,1.0
arith,mul_5->mul_2_sub_1,mul_5,mul_2_sub_1,13,0.0,0.0,1.0
arith,mul_5->mul_2_sub_1,mul_5,mul_2_sub_1,14,0.0,0.0,1.0
arith,mul_5->mul_2_sub_1,mul_5,mul_2_sub_1,15,0.0,0.0,1.0
arith,mul_5->mul_2_sub_1,mul_5,mul_2_sub_1,16,0.0,0.0,1.0
arith,mul_5->mul_2_sub_1,mul_5,mul_2_sub_1,17,0.0,0.0,1.0
arith,mul_5->mul_2_sub_1,mul_5,mul_2_sub_1,18,0.0,0.0,1.0
arith,mul_5->mul_2_sub_1,mul_5,mul_2_sub_1,19,0.0,0.0,1.0
arith,mul_5->mul_2_sub_1,mul_5,mul_2_sub_1,20,0.0,0.0,1.0
arith,mul_5->mul_2_sub_1,mul_5,mul_2_sub_1,21,0.0,0.0,1.0
arith,mul_5->mul_2_sub_1,mul_5,mul_2_sub_1,22,0.0,0.0,1.0
arith,mul_5->mul_2_sub_1,mul_5,mul_2_sub_1,23,0.0,0.0,1.0
arith,mul_5->mul_2_sub_1,mul_5,mul_2_sub_1,24,0.0,0.0,1.0
arith,mul_5->mul_2_sub_1,mul_5,mul_2_sub_1,25,0.0,0.0,1.0
arith,mul_5->mul_2_sub_1,mul_5,mul_2_sub_1,26,0.0,0.0,1.0
arith,mul_5->mul_2_sub_1,mul_5,mul_2_sub_1,27,0.0,0.0,1.0
arith,mul_7->add_3,mul_7,add_3,0,0.0,0.0,1.0
arith,mul_7->add_3,mul_7,add_3,1,0.0,0.0,1.0
arith,mul_7->add_3,mul_7,add_3,2,0.0,0.0,1.0
arith,mul_7->add_3,mul_7,add_3,3,0.0,0.0,1.0
arith,mul_7->add_3,mul_7,add_3,4,0.0,0.0,1.0
arith,mul_7->add_3,mul_7,add_3,5,0.0,0.0,1.0
arith,mul_7->add_3,mul_7,add_3,6,0.0,0.0,1.0
arith,mul_7->add_3,mul_7,add_3,7,0.0,0.0,1.0
arith,mul_7->add_3,mul_7,add_3,8,0.0,0.0,1.0
arith,mul_7->add_3,mul_7,add_3,9,0.0,0.0,1.0
arith,mul_7->add_3,mul_7,add_3,10,0.0,0.0,1.0
arith,mul_7->add_3,mul_7,add_3,11,0.0,0.0,1.0
arith,mul_7->add_3,mul_7,add_3,12,0.0,0.0,1.0
arith,mul_7->add_3,mul_7,add_3,13,0.0,0.0,1.0
arith,mul_7->add_3,mul_7,add_3,14,0.0,0.0,1.0
arith,mul_7->add_3,mul_7,add_3,15,0.0,0.0,1.0
arith,mul_7->add_3,mul_7,add_3,16,0.0,0.0,1.0
arith,mul_7->add_3,mul_7,add_3,17,0.0,0.0,1.0
arith,mul_7->add_3,mul_7,add_3,18,0.0,0.0,1.0
arith,mul_7->add_3,mul_7,add_3,19,0.0,0.0,1.0
arith,mul_7->add_3,mul_7,add_3,20,0.0,0.0,1.0
arith,mul_7->add_3,mul_7,add_3,21,0.0,0.0,1.0
arith,mul_7->add_3,mul_7,add_3,22,0.0,0.0,1.0
arith,mul_7->add_3,mul_7,add_3,23,0.0,0.0,1.0
arith,mul_7->add_3,mul_7,add_3,24,0.0,0.0,1.0
arith,mul_7->add_3,mul_7,add_3,25,0.0,0.0,1.0
arith,mul_7->add_3,mul_7,add_3,26,0.0,0.0,1.0
arith,mul_7->add_3,mul_7,add_3,27,0.0,0.0,1.0
arith,mul_7->add_7,mul_7,add_7,0,0.0,0.0,1.0
arith,mul_7->add_7,mul_7,add_7,1,0.0,0.0,1.0
arith,mul_7->add_7,mul_7,add_7,2,0.0,0.0,1.0
arith,mul_7->add_7,mul_7,add_7,3,0.0,0.0,1.0
arith,mul_7->add_7,mul_7,add_7,4,0.0,0.0,1.0
arith,mul_7->add_7,mul_7,add_7,5,0.0,0.0,1.0
arith,mul_7->add_7,mul_7,add_7,6,0.0,0.0,1.0
arith,mul_7->add_7,mul_7,add_7,7,0.0,0.0,1.0
arith,mul_7->add_7,mul_7,add_7,8,0.0,0.0,1.0
arith,mul_7->add_7,mul_7,add_7,9,0.0,0.0,1.0
arith,mul_7->add_7,mul_7,add_7,10,0.0,0.0,1.0
arith,mul_7->add_7,mul_7,add_7,11,0.0,0.0,1.0
arith,mul_7->add_7,mul_7,add_7,12,0.0,0.0,1.0
arith,mul_7->add_7,mul_7,add_7,13,0.0,0.0,1.0
arith,mul_7->add_7,mul_7,add_7,14,0.0,0.0,1.0
arith,mul_7->add_7,mul_7,add_7,15,0.0,0.0,1.0
arith,mul_7->add_7,mul_7,add_7,16,0.0,0.0,1.0
arith,mul_7->add_7,mul_7,add_7,17,0.0,0.0,1.0
arith,mul_7->add_7,mul_7,add_7,18,0.0,0.0,1.0
arith,mul_7->add_7,mul_7,add_7,19,0.0,0.0,1.0
arith,mul_7->add_7,mul_7,add_7,20,0.0,0.0,1.0
arith,mul_7->add_7,mul_7,add_7,21,0.0,0.0,1.0
arith,mul_7->add_7,mul_7,add_7,22,0.0,0.0,1.0
arith,mul_7->add_7,mul_7,add_7,23,0.0,0.0,1.0
arith,mul_7->add_7,mul_7,add_7,24,0.0,0.0,1.0
arith,mul_7->add_7,mul_7,add_7,25,0.0,0.0,1.0
arith,mul_7->add_7,mul_7,add_7,26,0.0,0.0,1.0
arith,mul_7->add_7,mul_7,add_7,27,0.0,0.0,1.0
arith,mul_7->add_13,mul_7,add_13,0,0.0,0.0,1.0
arith,mul_7->add_13,mul_7,add_13,1,0.0,0.0,1.0
arith,mul_7->add_13,mul_7,add_13,2,0.0,0.0,1.0
arith,mul_7->add_13,mul_7,add_13,3,0.0,0.0,1.0
arith,mul_7->add_13,mul_7,add_13,4,0.0,0.0,1.0
arith,mul_7->add_13,mul_7,add_13,5,0.0,0.0,1.0
arith,mul_7->add_13,mul_7,add_13,6,0.0,0.0,1.0
arith,mul_7->add_13,mul_7,add_13,7,0.0,0.0,1.0
arith,mul_7->add_13,mul_7,add_13,8,0.0,0.0,1.0
arith,mul_7->add_13,mul_7,add_13,9,0.0,0.0,1.0
arith,mul_7->add_13,mul_7,add_13,10,0.0,0.0,1.0
arith,mul_7->add_13,mul_7,add_13,11,0.0,0.0,1.0
arith,mul_7->add_13,mul_7,add_13,12,0.0,0.0,1.0
arith,mul_7->add_13,mul_7,add_13,13,0.0,0.0,1.0
arith,mul_7->add_13,mul_7,add_13,14,0.0,0.0,1.0
arith,mul_7->add_13,mul_7,add_13,15,0.0,0.0,1.0
arith,mul_7->add_13,mul_7,add_13,16,0.0,0.0,1.0
arith,mul_7->add_13,mul_7,add_13,17,0.0,0.0,1.0
arith,mul_7->add_13,mul_7,add_13,18,0.0,0.0,1.0
arith,mul_7->add_13,mul_7,add_13,19,0.0,0.0,1.0
arith,mul_7->add_13,mul_7,add_13,20,0.0,0.0,1.0
arith,mul_7->add_13,mul_7,add_13,21,0.0,0.0,1.0
arith,mul_7->add_13,mul_7,add_13,22,0.0,0.0,1.0
arith,mul_7->add_13,mul_7,add_13,23,0.0,0.0,1.0
arith,mul_7->add_13,mul_7,add_13,24,0.0,0.0,1.0
arith,mul_7->add_13,mul_7,add_13,25,0.0,0.0,1.0
arith,mul_7->add_13,mul_7,add_13,26,0.0,0.0,1.0
arith,mul_7->add_13,mul_7,add_13,27,0.0,0.0,1.0
arith,mul_7->mul_5,mul_7,mul_5,0,0.0,0.0,1.0
arith,mul_7->mul_5,mul_7,mul_5,1,0.0,0.0,1.0
arith,mul_7->mul_5,mul_7,mul_5,2,0.0,0.0,1.0
arith,mul_7->mul_5,mul_7,mul_5,3,0.0,0.0,1.0
arith,mul_7->mul_5,mul_7,mul_5,4,0.0,0.0,1.0
arith,mul_7->mul_5,mul_7,mul_5,5,0.0,0.0,1.0
arith,mul_7->mul_5,mul_7,mul_5,6,0.0,0.0,1.0
arith,mul_7->mul_5,mul_7,mul_5,7,0.0,0.0,1.0
arith,mul_7->mul_5,mul_7,mul_5,8,0.0,0.0,1.0
arith,mul_7->mul_5,mul_7,mul_5,9,0.0,0.0,1.0
arith,mul_7->mul_5,mul_7,mul_5,10,0.0,0.0,1.0
arith,mul_7->mul_5,mul_7,mul_5,11,0.0,0.0,1.0
arith,mul_7->mul_5,mul_7,mul_5,12,0.0,0.0,1.0
arith,mul_7->mul_5,mul_7,mul_5,13,0.0,0.0,1.0
arith,mul_7->mul_5,mul_7,mul_5,14,0.0,0.0,1.0
arith,mul_7->mul_5,mul_7,mul_5,15,0.0,0.0,1.0
arith,mul_7->mul_5,mul_7,mul_5,16,0.0,0.0,1.0
arith,mul_7->mul_5,mul_7,mul_5,17,0.0,0.0,1.0
arith,mul_7->mul_5,mul_7,mul_5,18,0.0,0.0,1.0
arith,mul_7->mul_5,mul_7,mul_5,19,0.0,0.0,1.0
arith,mul_7->mul_5,mul_7,mul_5,20,0.0,0.0,1.0
arith,mul_7->mul_5,mul_7,mul_5,21,0.0,0.0,1.0
arith,mul_7->mul_5,mul_7,mul_5,22,0.0,0.0,1.0
arith,mul_7->mul_5,mul_7,mul_5,23,0.0,0.0,1.0
arith,mul_7->mul_5,mul_7,mul_5,24,0.0,0.0,1.0
arith,mul_7->mul_5,mul_7,mul_5,25,0.0,0.0,1.0
arith,mul_7->mul_5,mul_7,mul_5,26,0.0,0.0,1.0
arith,mul_7->mul_5,mul_7,mul_5,27,0.0,0.0,1.0
arith,mul_7->mul_9,mul_7,mul_9,0,0.0,0.0,1.0
arith,mul_7->mul_9,mul_7,mul_9,1,0.0,0.0,1.0
arith,mul_7->mul_9,mul_7,mul_9,2,0.0,0.0,1.0
arith,mul_7->mul_9,mul_7,mul_9,3,0.0,0.0,1.0
arith,mul_7->mul_9,mul_7,mul_9,4,0.0,0.0,1.0
arith,mul_7->mul_9,mul_7,mul_9,5,0.0,0.0,1.0
arith,mul_7->mul_9,mul_7,mul_9,6,0.0,0.0,1.0
arith,mul_7->mul_9,mul_7,mul_9,7,0.0,0.0,1.0
arith,mul_7->mul_9,mul_7,mul_9,8,0.0,0.0,1.0
arith,mul_7->mul_9,mul_7,mul_9,9,0.0,0.0,1.0
arith,mul_7->mul_9,mul_7,mul_9,10,0.0,0.0,1.0
arith,mul_7->mul_9,mul_7,mul_9,11,0.0,0.0,1.0
arith,mul_7->mul_9,mul_7,mul_9,12,0.0,0.0,1.0
arith,mul_7->mul_9,mul_7,mul_9,13,0.0,0.0,1.0
arith,mul_7->mul_9,mul_7,mul_9,14,0.0,0.0,1.0
arith,mul_7->mul_9,mul_7,mul_9,15,0.0,0.0,1.0
arith,mul_7->mul_9,mul_7,mul_9,16,0.0,0.0,1.0
arith,mul_7->mul_9,mul_7,mul_9,17,0.0,0.0,1.0
arith,mul_7->mul_9,mul_7,mul_9,18,0.0,0.0,1.0
arith,mul_7->mul_9,mul_7,mul_9,19,0.0,0.0,1.0
arith,mul_7->mul_9,mul_7,mul_9,20,0.0,0.0,1.0
arith,mul_7->mul_9,mul_7,mul_9,21,0.0,0.0,1.0
arith,mul_7->mul_9,mul_7,mul_9,22,0.0,0.0,1.0
arith,mul_7->mul_9,mul_7,mul_9,23,0.0,0.0,1.0
arith,mul_7->mul_9,mul_7,mul_9,24,0.0,0.0,1.0
arith,mul_7->mul_9,mul_7,mul_9,25,0.0,0.0,1.0
arith,mul_7->mul_9,mul_7,mul_9,26,0.0,0.0,1.0
arith,mul_7->mul_9,mul_7,mul_9,27,0.0,0.0,1.0
arith,mul_7->mul_4_add_7,mul_7,mul_4_add_7,0,0.0,0.0,1.0
arith,mul_7->mul_4_add_7,mul_7,mul_4_add_7,1,0.0,0.0,1.0
arith,mul_7->mul_4_add_7,mul_7,mul_4_add_7,2,0.0,0.0,1.0
arith,mul_7->mul_4_add_7,mul_7,mul_4_add_7,3,0.0,0.0,1.0
arith,mul_7->mul_4_add_7,mul_7,mul_4_add_7,4,0.0,0.0,1.0
arith,mul_7->mul_4_add_7,mul_7,mul_4_add_7,5,0.0,0.0,1.0
arith,mul_7->mul_4_add_7,mul_7,mul_4_add_7,6,0.0,0.0,1.0
arith,mul_7->mul_4_add_7,mul_7,mul_4_add_7,7,0.0,0.0,1.0
arith,mul_7->mul_4_add_7,mul_7,mul_4_add_7,8,0.0,0.0,1.0
arith,mul_7->mul_4_add_7,mul_7,mul_4_add_7,9,0.0,0.0,1.0
arith,mul_7->mul_4_add_7,mul_7,mul_4_add_7,10,0.0,0.0,1.0
arith,mul_7->mul_4_add_7,mul_7,mul_4_add_7,11,0.0,0.0,1.0
arith,mul_7->mul_4_add_7,mul_7,mul_4_add_7,12,0.0,0.0,1.0
arith,mul_7->mul_4_add_7,mul_7,mul_4_add_7,13,0.0,0.0,1.0
arith,mul_7->mul_4_add_7,mul_7,mul_4_add_7,14,0.0,0.0,1.0
arith,mul_7->mul_4_add_7,mul_7,mul_4_add_7,15,0.0,0.0,1.0
arith,mul_7->mul_4_add_7,mul_7,mul_4_add_7,16,0.0,0.0,1.0
arith,mul_7->mul_4_add_7,mul_7,mul_4_add_7,17,0.0,0.0,1.0
arith,mul_7->mul_4_add_7,mul_7,mul_4_add_7,18,0.0,0.0,1.0
arith,mul_7->mul_4_add_7,mul_7,mul_4_add_7,19,0.0,0.0,1.0
arith,mul_7->mul_4_add_7,mul_7,mul_4_add_7,20,0.0,0.0,1.0
arith,mul_7->mul_4_add_7,mul_7,mul_4_add_7,21,0.0,0.0,1.0
arith,mul_7->mul_4_add_7,mul_7,mul_4_add_7,22,0.0,0.0,1.0
arith,mul_7->mul_4_add_7,mul_7,mul_4_add_7,23,0.0,0.0,1.0
arith,mul_7->mul_4_add_7,mul_7,mul_4_add_7,24,0.0,0.0,1.0
arith,mul_7->mul_4_add_7,mul_7,mul_4_add_7,25,0.0,0.0,1.0
arith,mul_7->mul_4_add_7,mul_7,mul_4_add_7,26,0.0,0.0,1.0
arith,mul_7->mul_4_add_7,mul_7,mul_4_add_7,27,0.0,0.0,1.0
arith,mul_7->mul_2_add_1,mul_7,mul_2_add_1,0,0.0,0.0,1.0
arith,mul_7->mul_2_add_1,mul_7,mul_2_add_1,1,0.0,0.0,1.0
arith,mul_7->mul_2_add_1,mul_7,mul_2_add_1,2,0.0,0.0,1.0
arith,mul_7->mul_2_add_1,mul_7,mul_2_add_1,3,0.0,0.0,1.0
arith,mul_7->mul_2_add_1,mul_7,mul_2_add_1,4,0.0,0.0,1.0
arith,mul_7->mul_2_add_1,mul_7,mul_2_add_1,5,0.0,0.0,1.0
arith,mul_7->mul_2_add_1,mul_7,mul_2_add_1,6,0.0,0.0,1.0
arith,mul_7->mul_2_add_1,mul_7,mul_2_add_1,7,0.0,0.0,1.0
arith,mul_7->mul_2_add_1,mul_7,mul_2_add_1,8,0.0,0.0,1.0
arith,mul_7->mul_2_add_1,mul_7,mul_2_add_1,9,0.0,0.0,1.0
arith,mul_7->mul_2_add_1,mul_7,mul_2_add_1,10,0.0,0.0,1.0
arith,mul_7->mul_2_add_1,mul_7,mul_2_add_1,11,0.0,0.0,1.0
arith,mul_7->mul_2_add_1,mul_7,mul_2_add_1,12,0.0,0.0,1.0
arith,mul_7->mul_2_add_1,mul_7,mul_2_add_1,13,0.0,0.0,1.0
arith,mul_7->mul_2_add_1,mul_7,mul_2_add_1,14,0.0,0.0,1.0
arith,mul_7->mul_2_add_1,mul_7,mul_2_add_1,15,0.0,0.0,1.0
arith,mul_7->mul_2_add_1,mul_7,mul_2_add_1,16,0.0,0.0,1.0
arith,mul_7->mul_2_add_1,mul_7,mul_2_add_1,17,0.0,0.0,1.0
arith,mul_7->mul_2_add_1,mul_7,mul_2_add_1,18,0.0,0.0,1.0
arith,mul_7->mul_2_add_1,mul_7,mul_2_add_1,19,0.0,0.0,1.0
arith,mul_7->mul_2_add_1,mul_7,mul_2_add_1,20,0.0,0.0,1.0
arith,mul_7->mul_2_add_1,mul_7,mul_2_add_1,21,0.0,0.0,1.0
arith,mul_7->mul_2_add_1,mul_7,mul_2_add_1,22,0.0,0.0,1.0
arith,mul_7->mul_2_add_1,mul_7,mul_2_add_1,23,0.0,0.0,1.0
arith,mul_7->mul_2_add_1,mul_7,mul_2_add_1,24,0.0,0.0,1.0
arith,mul_7->mul_2_add_1,mul_7,mul_2_add_1,25,0.0,0.0,1.0
arith,mul_7->mul_2_add_1,mul_7,mul_2_add_1,26,0.0,0.0,1.0
arith,mul_7->mul_2_add_1,mul_7,mul_2_add_1,27,0.0,0.0,1.0
arith,mul_7->mul_3_add_2,mul_7,mul_3_add_2,0,0.0,0.0,1.0
arith,mul_7->mul_3_add_2,mul_7,mul_3_add_2,1,0.0,0.0,1.0
arith,mul_7->mul_3_add_2,mul_7,mul_3_add_2,2,0.0,0.0,1.0
arith,mul_7->mul_3_add_2,mul_7,mul_3_add_2,3,0.0,0.0,1.0
arith,mul_7->mul_3_add_2,mul_7,mul_3_add_2,4,0.0,0.0,1.0
arith,mul_7->mul_3_add_2,mul_7,mul_3_add_2,5,0.0,0.0,1.0
arith,mul_7->mul_3_add_2,mul_7,mul_3_add_2,6,0.0,0.0,1.0
arith,mul_7->mul_3_add_2,mul_7,mul_3_add_2,7,0.0,0.0,1.0
arith,mul_7->mul_3_add_2,mul_7,mul_3_add_2,8,0.0,0.0,1.0
arith,mul_7->mul_3_add_2,mul_7,mul_3_add_2,9,0.0,0.0,1.0
arith,mul_7->mul_3_add_2,mul_7,mul_3_add_2,10,0.0,0.0,1.0
arith,mul_7->mul_3_add_2,mul_7,mul_3_add_2,11,0.0,0.0,1.0
arith,mul_7->mul_3_add_2,mul_7,mul_3_add_2,12,0.0,0.0,1.0
arith,mul_7->mul_3_add_2,mul_7,mul_3_add_2,13,0.0,0.0,1.0
arith,mul_7->mul_3_add_2,mul_7,mul_3_add_2,14,0.0,0.0,1.0
arith,mul_7->mul_3_add_2,mul_7,mul_3_add_2,15,0.0,0.0,1.0
arith,mul_7->mul_3_add_2,mul_7,mul_3_add_2,16,0.0,0.0,1.0
arith,mul_7->mul_3_add_2,mul_7,mul_3_add_2,17,0.0,0.0,1.0
arith,mul_7->mul_3_add_2,mul_7,mul_3_add_2,18,0.0,0.0,1.0
arith,mul_7->mul_3_add_2,mul_7,mul_3_add_2,19,0.0,0.0,1.0
arith,mul_7->mul_3_add_2,mul_7,mul_3_add_2,20,0.0,0.0,1.0
arith,mul_7->mul_3_add_2,mul_7,mul_3_add_2,21,0.0,0.0,1.0
arith,mul_7->mul_3_add_2,mul_7,mul_3_add_2,22,0.0,0.0,1.0
arith,mul_7->mul_3_add_2,mul_7,mul_3_add_2,23,0.0,0.0,1.0
arith,mul_7->mul_3_add_2,mul_7,mul_3_add_2,24,0.0,0.0,1.0
arith,mul_7->mul_3_add_2,mul_7,mul_3_add_2,25,0.0,0.0,1.0
arith,mul_7->mul_3_add_2,mul_7,mul_3_add_2,26,0.0,0.0,1.0
arith,mul_7->mul_3_add_2,mul_7,mul_3_add_2,27,0.0,0.0,1.0
arith,mul_7->mul_2_sub_1,mul_7,mul_2_sub_1,0,0.0,0.0,1.0
arith,mul_7->mul_2_sub_1,mul_7,mul_2_sub_1,1,0.0,0.0,1.0
arith,mul_7->mul_2_sub_1,mul_7,mul_2_sub_1,2,0.0,0.0,1.0
arith,mul_7->mul_2_sub_1,mul_7,mul_2_sub_1,3,0.0,0.0,1.0
arith,mul_7->mul_2_sub_1,mul_7,mul_2_sub_1,4,0.0,0.0,1.0
arith,mul_7->mul_2_sub_1,mul_7,mul_2_sub_1,5,0.0,0.0,1.0
arith,mul_7->mul_2_sub_1,mul_7,mul_2_sub_1,6,0.0,0.0,1.0
arith,mul_7->mul_2_sub_1,mul_7,mul_2_sub_1,7,0.0,0.0,1.0
arith,mul_7->mul_2_sub_1,mul_7,mul_2_sub_1,8,0.0,0.0,1.0
arith,mul_7->mul_2_sub_1,mul_7,mul_2_sub_1,9,0.0,0.0,1.0
arith,mul_7->mul_2_sub_1,mul_7,mul_2_sub_1,10,0.0,0.0,1.0
arith,mul_7->mul_2_sub_1,mul_7,mul_2_sub_1,11,0.0,0.0,1.0
arith,mul_7->mul_2_sub_1,mul_7,mul_2_sub_1,12,0.0,0.0,1.0
arith,mul_7->mul_2_sub_1,mul_7,mul_2_sub_1,13,0.0,0.0,1.0
arith,mul_7->mul_2_sub_1,mul_7,mul_2_sub_1,14,0.0,0.0,1.0
arith,mul_7->mul_2_sub_1,mul_7,mul_2_sub_1,15,0.0,0.0,1.0
arith,mul_7->mul_2_sub_1,mul_7,mul_2_sub_1,16,0.0,0.0,1.0
arith,mul_7->mul_2_sub_1,mul_7,mul_2_sub_1,17,0.0,0.0,1.0
arith,mul_7->mul_2_sub_1,mul_7,mul_2_sub_1,18,0.0,0.0,1.0
arith,mul_7->mul_2_sub_1,mul_7,mul_2_sub_1,19,0.0,0.0,1.0
arith,mul_7->mul_2_sub_1,mul_7,mul_2_sub_1,20,0.0,0.0,1.0
arith,mul_7->mul_2_sub_1,mul_7,mul_2_sub_1,21,0.0,0.0,1.0
arith,mul_7->mul_2_sub_1,mul_7,mul_2_sub_1,22,0.0,0.0,1.0
arith,mul_7->mul_2_sub_1,mul_7,mul_2_sub_1,23,0.0,0.0,1.0
arith,mul_7->mul_2_sub_1,mul_7,mul_2_sub_1,24,0.0,0.0,1.0
arith,mul_7->mul_2_sub_1,mul_7,mul_2_sub_1,25,0.0,0.0,1.0
arith,mul_7->mul_2_sub_1,mul_7,mul_2_sub_1,26,0.0,0.0,1.0
arith,mul_7->mul_2_sub_1,mul_7,mul_2_sub_1,27,0.0,0.0,1.0
arith,mul_9->add_3,mul_9,add_3,0,0.0,0.0,1.0
arith,mul_9->add_3,mul_9,add_3,1,0.0,0.0,1.0
arith,mul_9->add_3,mul_9,add_3,2,0.0,0.0,1.0
arith,mul_9->add_3,mul_9,add_3,3,0.0,0.0,1.0
arith,mul_9->add_3,mul_9,add_3,4,0.0,0.0,1.0
arith,mul_9->add_3,mul_9,add_3,5,0.0,0.0,1.0
arith,mul_9->add_3,mul_9,add_3,6,0.0,0.0,1.0
arith,mul_9->add_3,mul_9,add_3,7,0.0,0.0,1.0
arith,mul_9->add_3,mul_9,add_3,8,0.0,0.0,1.0
arith,mul_9->add_3,mul_9,add_3,9,0.0,0.0,1.0
arith,mul_9->add_3,mul_9,add_3,10,0.0,0.0,1.0
arith,mul_9->add_3,mul_9,add_3,11,0.0,0.0,1.0
arith,mul_9->add_3,mul_9,add_3,12,0.0,0.0,1.0
arith,mul_9->add_3,mul_9,add_3,13,0.0,0.0,1.0
arith,mul_9->add_3,mul_9,add_3,14,0.0,0.0,1.0
arith,mul_9->add_3,mul_9,add_3,15,0.0,0.0,1.0
arith,mul_9->add_3,mul_9,add_3,16,0.0,0.0,1.0
arith,mul_9->add_3,mul_9,add_3,17,0.0,0.0,1.0
arith,mul_9->add_3,mul_9,add_3,18,0.0,0.0,1.0
arith,mul_9->add_3,mul_9,add_3,19,0.0,0.0,1.0
arith,mul_9->add_3,mul_9,add_3,20,0.0,0.0,1.0
arith,mul_9->add_3,mul_9,add_3,21,0.0,0.0,1.0
arith,mul_9->add_3,mul_9,add_3,22,0.0,0.0,1.0
arith,mul_9->add_3,mul_9,add_3,23,0.0,0.0,1.0
arith,mul_9->add_3,mul_9,add_3,24,0.0,0.0,1.0
arith,mul_9->add_3,mul_9,add_3,25,0.0,0.0,1.0
arith,mul_9->add_3,mul_9,add_3,26,0.0,0.0,1.0
arith,mul_9->add_3,mul_9,add_3,27,0.0,0.0,1.0
arith,mul_9->add_7,mul_9,add_7,0,0.0,0.0,1.0
arith,mul_9->add_7,mul_9,add_7,1,0.0,0.0,1.0
arith,mul_9->add_7,mul_9,add_7,2,0.0,0.0,1.0
arith,mul_9->add_7,mul_9,add_7,3,0.0,0.0,1.0
arith,mul_9->add_7,mul_9,add_7,4,0.0,0.0,1.0
arith,mul_9->add_7,mul_9,add_7,5,0.0,0.0,1.0
arith,mul_9->add_7,mul_9,add_7,6,0.0,0.0,1.0
arith,mul_9->add_7,mul_9,add_7,7,0.0,0.0,1.0
arith,mul_9->add_7,mul_9,add_7,8,0.0,0.0,1.0
arith,mul_9->add_7,mul_9,add_7,9,0.0,0.0,1.0
arith,mul_9->add_7,mul_9,add_7,10,0.0,0.0,1.0
arith,mul_9->add_7,mul_9,add_7,11,0.0,0.0,1.0
arith,mul_9->add_7,mul_9,add_7,12,0.0,0.0,1.0
arith,mul_9->add_7,mul_9,add_7,13,0.0,0.0,1.0
arith,mul_9->add_7,mul_9,add_7,14,0.0,0.0,1.0
arith,mul_9->add_7,mul_9,add_7,15,0.0,0.0,1.0
arith,mul_9->add_7,mul_9,add_7,16,0.0,0.0,1.0
arith,mul_9->add_7,mul_9,add_7,17,0.0,0.0,1.0
arith,mul_9->add_7,mul_9,add_7,18,0.0,0.0,1.0
arith,mul_9->add_7,mul_9,add_7,19,0.0,0.0,1.0
arith,mul_9->add_7,mul_9,add_7,20,0.0,0.0,1.0
arith,mul_9->add_7,mul_9,add_7,21,0.0,0.0,1.0
arith,mul_9->add_7,mul_9,add_7,22,0.0,0.0,1.0
arith,mul_9->add_7,mul_9,add_7,23,0.0,0.0,1.0
arith,mul_9->add_7,mul_9,add_7,24,0.0,0.0,1.0
arith,mul_9->add_7,mul_9,add_7,25,0.0,0.0,1.0
arith,mul_9->add_7,mul_9,add_7,26,0.0,0.0,1.0
arith,mul_9->add_7,mul_9,add_7,27,0.0,0.0,1.0
arith,mul_9->add_13,mul_9,add_13,0,0.0,0.0,1.0
arith,mul_9->add_13,mul_9,add_13,1,0.0,0.0,1.0
arith,mul_9->add_13,mul_9,add_13,2,0.0,0.0,1.0
arith,mul_9->add_13,mul_9,add_13,3,0.0,0.0,1.0
arith,mul_9->add_13,mul_9,add_13,4,0.0,0.0,1.0
arith,mul_9->add_13,mul_9,add_13,5,0.0,0.0,1.0
arith,mul_9->add_13,mul_9,add_13,6,0.0,0.0,1.0
arith,mul_9->add_13,mul_9,add_13,7,0.0,0.0,1.0
arith,mul_9->add_13,mul_9,add_13,8,0.0,0.0,1.0
arith,mul_9->add_13,mul_9,add_13,9,0.0,0.0,1.0
arith,mul_9->add_13,mul_9,add_13,10,0.0,0.0,1.0
arith,mul_9->add_13,mul_9,add_13,11,0.0,0.0,1.0
arith,mul_9->add_13,mul_9,add_13,12,0.0,0.0,1.0
arith,mul_9->add_13,mul_9,add_13,13,0.0,0.0,1.0
arith,mul_9->add_13,mul_9,add_13,14,0.0,0.0,1.0
arith,mul_9->add_13,mul_9,add_13,15,0.0,0.0,1.0
arith,mul_9->add_13,mul_9,add_13,16,0.0,0.0,1.0
arith,mul_9->add_13,mul_9,add_13,17,0.0,0.0,1.0
arith,mul_9->add_13,mul_9,add_13,18,0.0,0.0,1.0
arith,mul_9->add_13,mul_9,add_13,19,0.0,0.0,1.0
arith,mul_9->add_13,mul_9,add_13,20,0.0,0.0,1.0
arith,mul_9->add_13,mul_9,add_13,21,0.0,0.0,1.0
arith,mul_9->add_13,mul_9,add_13,22,0.0,0.0,1.0
arith,mul_9->add_13,mul_9,add_13,23,0.0,0.0,1.0
arith,mul_9->add_13,mul_9,add_13,24,0.0,0.0,1.0
arith,mul_9->add_13,mul_9,add_13,25,0.0,0.0,1.0
arith,mul_9->add_13,mul_9,add_13,26,0.0,0.0,1.0
arith,mul_9->add_13,mul_9,add_13,27,0.0,0.0,1.0
arith,mul_9->mul_5,mul_9,mul_5,0,0.0,0.0,1.0
arith,mul_9->mul_5,mul_9,mul_5,1,0.0,0.0,1.0
arith,mul_9->mul_5,mul_9,mul_5,2,0.0,0.0,1.0
arith,mul_9->mul_5,mul_9,mul_5,3,0.0,0.0,1.0
arith,mul_9->mul_5,mul_9,mul_5,4,0.0,0.0,1.0
arith,mul_9->mul_5,mul_9,mul_5,5,0.0,0.0,1.0
arith,mul_9->mul_5,mul_9,mul_5,6,0.0,0.0,1.0
arith,mul_9->mul_5,mul_9,mul_5,7,0.0,0.0,1.0
arith,mul_9->mul_5,mul_9,mul_5,8,0.0,0.0,1.0
arith,mul_9->mul_5,mul_9,mul_5,9,0.0,0.0,1.0
arith,mul_9->mul_5,mul_9,mul_5,10,0.0,0.0,1.0
arith,mul_9->mul_5,mul_9,mul_5,11,0.0,0.0,1.0
arith,mul_9->mul_5,mul_9,mul_5,12,0.0,0.0,1.0
arith,mul_9->mul_5,mul_9,mul_5,13,0.0,0.0,1.0
arith,mul_9->mul_5,mul_9,mul_5,14,0.0,0.0,1.0
arith,mul_9->mul_5,mul_9,mul_5,15,0.0,0.0,1.0
arith,mul_9->mul_5,mul_9,mul_5,16,0.0,0.0,1.0
arith,mul_9->mul_5,mul_9,mul_5,17,0.0,0.0,1.0
arith,mul_9->mul_5,mul_9,mul_5,18,0.0,0.0,1.0
arith,mul_9->mul_5,mul_9,mul_5,19,0.0,0.0,1.0
arith,mul_9->mul_5,mul_9,mul_5,20,0.0,0.0,1.0
arith,mul_9->mul_5,mul_9,mul_5,21,0.0,0.0,1.0
arith,mul_9->mul_5,mul_9,mul_5,22,0.0,0.0,1.0
arith,mul_9->mul_5,mul_9,mul_5,23,0.0,0.0,1.0
arith,mul_9->mul_5,mul_9,mul_5,24,0.0,0.0,1.0
arith,mul_9->mul_5,mul_9,mul_5,25,0.0,0.0,1.0
arith,mul_9->mul_5,mul_9,mul_5,26,0.0,0.0,1.0
arith,mul_9->mul_5,mul_9,mul_5,27,0.0,0.0,1.0
arith,mul_9->mul_7,mul_9,mul_7,0,0.0,0.0,1.0
arith,mul_9->mul_7,mul_9,mul_7,1,0.0,0.0,1.0
arith,mul_9->mul_7,mul_9,mul_7,2,0.0,0.0,1.0
arith,mul_9->mul_7,mul_9,mul_7,3,0.0,0.0,1.0
arith,mul_9->mul_7,mul_9,mul_7,4,0.0,0.0,1.0
arith,mul_9->mul_7,mul_9,mul_7,5,0.0,0.0,1.0
arith,mul_9->mul_7,mul_9,mul_7,6,0.0,0.0,1.0
arith,mul_9->mul_7,mul_9,mul_7,7,0.0,0.0,1.0
arith,mul_9->mul_7,mul_9,mul_7,8,0.0,0.0,1.0
arith,mul_9->mul_7,mul_9,mul_7,9,0.0,0.0,1.0
arith,mul_9->mul_7,mul_9,mul_7,10,0.0,0.0,1.0
arith,mul_9->mul_7,mul_9,mul_7,11,0.0,0.0,1.0
arith,mul_9->mul_7,mul_9,mul_7,12,0.0,0.0,1.0
arith,mul_9->mul_7,mul_9,mul_7,13,0.0,0.0,1.0
arith,mul_9->mul_7,mul_9,mul_7,14,0.0,0.0,1.0
arith,mul_9->mul_7,mul_9,mul_7,15,0.0,0.0,1.0
arith,mul_9->mul_7,mul_9,mul_7,16,0.0,0.0,1.0
arith,mul_9->mul_7,mul_9,mul_7,17,0.0,0.0,1.0
arith,mul_9->mul_7,mul_9,mul_7,18,0.0,0.0,1.0
arith,mul_9->mul_7,mul_9,mul_7,19,0.0,0.0,1.0
arith,mul_9->mul_7,mul_9,mul_7,20,0.0,0.0,1.0
arith,mul_9->mul_7,mul_9,mul_7,21,0.0,0.0,1.0
arith,mul_9->mul_7,mul_9,mul_7,22,0.0,0.0,1.0
arith,mul_9->mul_7,mul_9,mul_7,23,0.0,0.0,1.0
arith,mul_9->mul_7,mul_9,mul_7,24,0.0,0.0,1.0
arith,mul_9->mul_7,mul_9,mul_7,25,0.0,0.0,1.0
arith,mul_9->mul_7,mul_9,mul_7,26,0.0,0.0,1.0
arith,mul_9->mul_7,mul_9,mul_7,27,0.0,0.0,1.0
arith,mul_9->mul_4_add_7,mul_9,mul_4_add_7,0,0.0,0.0,1.0
arith,mul_9->mul_4_add_7,mul_9,mul_4_add_7,1,0.0,0.0,1.0
arith,mul_9->mul_4_add_7,mul_9,mul_4_add_7,2,0.0,0.0,1.0
arith,mul_9->mul_4_add_7,mul_9,mul_4_add_7,3,0.0,0.0,1.0
arith,mul_9->mul_4_add_7,mul_9,mul_4_add_7,4,0.0,0.0,1.0
arith,mul_9->mul_4_add_7,mul_9,mul_4_add_7,5,0.0,0.0,1.0
arith,mul_9->mul_4_add_7,mul_9,mul_4_add_7,6,0.0,0.0,1.0
arith,mul_9->mul_4_add_7,mul_9,mul_4_add_7,7,0.0,0.0,1.0
arith,mul_9->mul_4_add_7,mul_9,mul_4_add_7,8,0.0,0.0,1.0
arith,mul_9->mul_4_add_7,mul_9,mul_4_add_7,9,0.0,0.0,1.0
arith,mul_9->mul_4_add_7,mul_9,mul_4_add_7,10,0.0,0.0,1.0
arith,mul_9->mul_4_add_7,mul_9,mul_4_add_7,11,0.0,0.0,1.0
arith,mul_9->mul_4_add_7,mul_9,mul_4_add_7,12,0.0,0.0,1.0
arith,mul_9->mul_4_add_7,mul_9,mul_4_add_7,13,0.0,0.0,1.0
arith,mul_9->mul_4_add_7,mul_9,mul_4_add_7,14,0.0,0.0,1.0
arith,mul_9->mul_4_add_7,mul_9,mul_4_add_7,15,0.0,0.0,1.0
arith,mul_9->mul_4_add_7,mul_9,mul_4_add_7,16,0.0,0.0,1.0
arith,mul_9->mul_4_add_7,mul_9,mul_4_add_7,17,0.0,0.0,1.0
arith,mul_9->mul_4_add_7,mul_9,mul_4_add_7,18,0.0,0.0,1.0
arith,mul_9->mul_4_add_7,mul_9,mul_4_add_7,19,0.0,0.0,1.0
arith,mul_9->mul_4_add_7,mul_9,mul_4_add_7,20,0.0,0.0,1.0
arith,mul_9->mul_4_add_7,mul_9,mul_4_add_7,21,0.0,0.0,1.0
arith,mul_9->mul_4_add_7,mul_9,mul_4_add_7,22,0.0,0.0,1.0
arith,mul_9->mul_4_add_7,mul_9,mul_4_add_7,23,0.0,0.0,1.0
arith,mul_9->mul_4_add_7,mul_9,mul_4_add_7,24,0.0,0.0,1.0
arith,mul_9->mul_4_add_7,mul_9,mul_4_add_7,25,0.0,0.0,1.0
arith,mul_9->mul_4_add_7,mul_9,mul_4_add_7,26,0.0,0.0,1.0
arith,mul_9->mul_4_add_7,mul_9,mul_4_add_7,27,0.0,0.0,1.0
arith,mul_9->mul_2_add_1,mul_9,mul_2_add_1,0,0.0,0.0,1.0
arith,mul_9->mul_2_add_1,mul_9,mul_2_add_1,1,0.0,0.0,1.0
arith,mul_9->mul_2_add_1,mul_9,mul_2_add_1,2,0.0,0.0,1.0
arith,mul_9->mul_2_add_1,mul_9,mul_2_add_1,3,0.0,0.0,1.0
arith,mul_9->mul_2_add_1,mul_9,mul_2_add_1,4,0.0,0.0,1.0
arith,mul_9->mul_2_add_1,mul_9,mul_2_add_1,5,0.0,0.0,1.0
arith,mul_9->mul_2_add_1,mul_9,mul_2_add_1,6,0.0,0.0,1.0
arith,mul_9->mul_2_add_1,mul_9,mul_2_add_1,7,0.0,0.0,1.0
arith,mul_9->mul_2_add_1,mul_9,mul_2_add_1,8,0.0,0.0,1.0
arith,mul_9->mul_2_add_1,mul_9,mul_2_add_1,9,0.0,0.0,1.0
arith,mul_9->mul_2_add_1,mul_9,mul_2_add_1,10,0.0,0.0,1.0
arith,mul_9->mul_2_add_1,mul_9,mul_2_add_1,11,0.0,0.0,1.0
arith,mul_9->mul_2_add_1,mul_9,mul_2_add_1,12,0.0,0.0,1.0
arith,mul_9->mul_2_add_1,mul_9,mul_2_add_1,13,0.0,0.0,1.0
arith,mul_9->mul_2_add_1,mul_9,mul_2_add_1,14,0.0,0.0,1.0
arith,mul_9->mul_2_add_1,mul_9,mul_2_add_1,15,0.0,0.0,1.0
arith,mul_9->mul_2_add_1,mul_9,mul_2_add_1,16,0.0,0.0,1.0
arith,mul_9->mul_2_add_1,mul_9,mul_2_add_1,17,0.0,0.0,1.0
arith,mul_9->mul_2_add_1,mul_9,mul_2_add_1,18,0.0,0.0,1.0
arith,mul_9->mul_2_add_1,mul_9,mul_2_add_1,19,0.0,0.0,1.0
arith,mul_9->mul_2_add_1,mul_9,mul_2_add_1,20,0.0,0.0,1.0
arith,mul_9->mul_2_add_1,mul_9,mul_2_add_1,21,0.0,0.0,1.0
arith,mul_9->mul_2_add_1,mul_9,mul_2_add_1,22,0.0,0.0,1.0
arith,mul_9->mul_2_add_1,mul_9,mul_2_add_1,23,0.0,0.0,1.0
arith,mul_9->mul_2_add_1,mul_9,mul_2_add_1,24,0.0,0.0,1.0
arith,mul_9->mul_2_add_1,mul_9,mul_2_add_1,25,0.0,0.0,1.0
arith,mul_9->mul_2_add_1,mul_9,mul_2_add_1,26,0.0,0.0,1.0
arith,mul_9->mul_2_add_1,mul_9,mul_2_add_1,27,0.0,0.0,1.0
arith,mul_9->mul_3_add_2,mul_9,mul_3_add_2,0,0.0,0.0,1.0
arith,mul_9->mul_3_add_2,mul_9,mul_3_add_2,1,0.0,0.0,1.0
arith,mul_9->mul_3_add_2,mul_9,mul_3_add_2,2,0.0,0.0,1.0
arith,mul_9->mul_3_add_2,mul_9,mul_3_add_2,3,0.0,0.0,1.0
arith,mul_9->mul_3_add_2,mul_9,mul_3_add_2,4,0.0,0.0,1.0
arith,mul_9->mul_3_add_2,mul_9,mul_3_add_2,5,0.0,0.0,1.0
arith,mul_9->mul_3_add_2,mul_9,mul_3_add_2,6,0.0,0.0,1.0
arith,mul_9->mul_3_add_2,mul_9,mul_3_add_2,7,0.0,0.0,1.0
arith,mul_9->mul_3_add_2,mul_9,mul_3_add_2,8,0.0,0.0,1.0
arith,mul_9->mul_3_add_2,mul_9,mul_3_add_2,9,0.0,0.0,1.0
arith,mul_9->mul_3_add_2,mul_9,mul_3_add_2,10,0.0,0.0,1.0
arith,mul_9->mul_3_add_2,mul_9,mul_3_add_2,11,0.0,0.0,1.0
arith,mul_9->mul_3_add_2,mul_9,mul_3_add_2,12,0.0,0.0,1.0
arith,mul_9->mul_3_add_2,mul_9,mul_3_add_2,13,0.0,0.0,1.0
arith,mul_9->mul_3_add_2,mul_9,mul_3_add_2,14,0.0,0.0,1.0
arith,mul_9->mul_3_add_2,mul_9,mul_3_add_2,15,0.0,0.0,1.0
arith,mul_9->mul_3_add_2,mul_9,mul_3_add_2,16,0.0,0.0,1.0
arith,mul_9->mul_3_add_2,mul_9,mul_3_add_2,17,0.0,0.0,1.0
arith,mul_9->mul_3_add_2,mul_9,mul_3_add_2,18,0.0,0.0,1.0
arith,mul_9->mul_3_add_2,mul_9,mul_3_add_2,19,0.0,0.0,1.0
arith,mul_9->mul_3_add_2,mul_9,mul_3_add_2,20,0.0,0.0,1.0
arith,mul_9->mul_3_add_2,mul_9,mul_3_add_2,21,0.0,0.0,1.0
arith,mul_9->mul_3_add_2,mul_9,mul_3_add_2,22,0.0,0.0,1.0
arith,mul_9->mul_3_add_2,mul_9,mul_3_add_2,23,0.0,0.0,1.0
arith,mul_9->mul_3_add_2,mul_9,mul_3_add_2,24,0.0,0.0,1.0
arith,mul_9->mul_3_add_2,mul_9,mul_3_add_2,25,0.0,0.0,1.0
arith,mul_9->mul_3_add_2,mul_9,mul_3_add_2,26,0.0,0.0,1.0
arith,mul_9->mul_3_add_2,mul_9,mul_3_add_2,27,0.0,0.0,1.0
arith,mul_9->mul_2_sub_1,mul_9,mul_2_sub_1,0,0.0,0.0,1.0
arith,mul_9->mul_2_sub_1,mul_9,mul_2_sub_1,1,0.0,0.0,1.0
arith,mul_9->mul_2_sub_1,mul_9,mul_2_sub_1,2,0.0,0.0,1.0
arith,mul_9->mul_2_sub_1,mul_9,mul_2_sub_1,3,0.0,0.0,1.0
arith,mul_9->mul_2_sub_1,mul_9,mul_2_sub_1,4,0.0,0.0,1.0
arith,mul_9->mul_2_sub_1,mul_9,mul_2_sub_1,5,0.0,0.0,1.0
arith,mul_9->mul_2_sub_1,mul_9,mul_2_sub_1,6,0.0,0.0,1.0
arith,mul_9->mul_2_sub_1,mul_9,mul_2_sub_1,7,0.0,0.0,1.0
arith,mul_9->mul_2_sub_1,mul_9,mul_2_sub_1,8,0.0,0.0,1.0
arith,mul_9->mul_2_sub_1,mul_9,mul_2_sub_1,9,0.0,0.0,1.0
arith,mul_9->mul_2_sub_1,mul_9,mul_2_sub_1,10,0.0,0.0,1.0
arith,mul_9->mul_2_sub_1,mul_9,mul_2_sub_1,11,0.0,0.0,1.0
arith,mul_9->mul_2_sub_1,mul_9,mul_2_sub_1,12,0.0,0.0,1.0
arith,mul_9->mul_2_sub_1,mul_9,mul_2_sub_1,13,0.0,0.0,1.0
arith,mul_9->mul_2_sub_1,mul_9,mul_2_sub_1,14,0.0,0.0,1.0
arith,mul_9->mul_2_sub_1,mul_9,mul_2_sub_1,15,0.0,0.0,1.0
arith,mul_9->mul_2_sub_1,mul_9,mul_2_sub_1,16,0.0,0.0,1.0
arith,mul_9->mul_2_sub_1,mul_9,mul_2_sub_1,17,0.0,0.0,1.0
arith,mul_9->mul_2_sub_1,mul_9,mul_2_sub_1,18,0.0,0.0,1.0
arith,mul_9->mul_2_sub_1,mul_9,mul_2_sub_1,19,0.0,0.0,1.0
arith,mul_9->mul_2_sub_1,mul_9,mul_2_sub_1,20,0.0,0.0,1.0
arith,mul_9->mul_2_sub_1,mul_9,mul_2_sub_1,21,0.0,0.0,1.0
arith,mul_9->mul_2_sub_1,mul_9,mul_2_sub_1,22,0.0,0.0,1.0
arith,mul_9->mul_2_sub_1,mul_9,mul_2_sub_1,23,0.0,0.0,1.0
arith,mul_9->mul_2_sub_1,mul_9,mul_2_sub_1,24,0.0,0.0,1.0
arith,mul_9->mul_2_sub_1,mul_9,mul_2_sub_1,25,0.0,0.0,1.0
arith,mul_9->mul_2_sub_1,mul_9,mul_2_sub_1,26,0.0,0.0,1.0
arith,mul_9->mul_2_sub_1,mul_9,mul_2_sub_1,27,0.0,0.0,1.0
arith,mul_4_add_7->add_3,mul_4_add_7,add_3,0,0.0,0.0,1.0
arith,mul_4_add_7->add_3,mul_4_add_7,add_3,1,0.0,0.0,1.0
arith,mul_4_add_7->add_3,mul_4_add_7,add_3,2,0.0,0.0,1.0
arith,mul_4_add_7->add_3,mul_4_add_7,add_3,3,0.0,0.0,1.0
arith,mul_4_add_7->add_3,mul_4_add_7,add_3,4,0.0,0.0,1.0
arith,mul_4_add_7->add_3,mul_4_add_7,add_3,5,0.0,0.0,1.0
arith,mul_4_add_7->add_3,mul_4_add_7,add_3,6,0.0,0.0,1.0
arith,mul_4_add_7->add_3,mul_4_add_7,add_3,7,0.0,0.0,1.0
arith,mul_4_add_7->add_3,mul_4_add_7,add_3,8,0.0,0.0,1.0
arith,mul_4_add_7->add_3,mul_4_add_7,add_3,9,0.0,0.0,1.0
arith,mul_4_add_7->add_3,mul_4_add_7,add_3,10,0.0,0.0,1.0
arith,mul_4_add_7->add_3,mul_4_add_7,add_3,11,0.0,0.0,1.0
arith,mul_4_add_7->add_3,mul_4_add_7,add_3,12,0.0,0.0,1.0
arith,mul_4_add_7->add_3,mul_4_add_7,add_3,13,0.0,0.0,1.0
arith,mul_4_add_7->add_3,mul_4_add_7,add_3,14,0.0,0.0,1.0
arith,mul_4_add_7->add_3,mul_4_add_7,add_3,15,0.0,0.0,1.0
arith,mul_4_add_7->add_3,mul_4_add_7,add_3,16,0.0,0.0,1.0
arith,mul_4_add_7->add_3,mul_4_add_7,add_3,17,0.0,0.0,1.0
arith,mul_4_add_7->add_3,mul_4_add_7,add_3,18,0.0,0.0,1.0
arith,mul_4_add_7->add_3,mul_4_add_7,add_3,19,0.0,0.0,1.0
arith,mul_4_add_7->add_3,mul_4_add_7,add_3,20,0.0,0.0,1.0
arith,mul_4_add_7->add_3,mul_4_add_7,add_3,21,0.0,0.0,1.0
arith,mul_4_add_7->add_3,mul_4_add_7,add_3,22,0.0,0.0,1.0
arith,mul_4_add_7->add_3,mul_4_add_7,add_3,23,0.0,0.0,1.0
arith,mul_4_add_7->add_3,mul_4_add_7,add_3,24,0.0,0.0,1.0
arith,mul_4_add_7->add_3,mul_4_add_7,add_3,25,0.0,0.0,1.0
arith,mul_4_add_7->add_3,mul_4_add_7,add_3,26,0.0,0.0,1.0
arith,mul_4_add_7->add_3,mul_4_add_7,add_3,27,0.0,0.0,1.0
arith,mul_4_add_7->add_7,mul_4_add_7,add_7,0,0.0,0.0,1.0
arith,mul_4_add_7->add_7,mul_4_add_7,add_7,1,0.0,0.0,1.0
arith,mul_4_add_7->add_7,mul_4_add_7,add_7,2,0.0,0.0,1.0
arith,mul_4_add_7->add_7,mul_4_add_7,add_7,3,0.0,0.0,1.0
arith,mul_4_add_7->add_7,mul_4_add_7,add_7,4,0.0,0.0,1.0
arith,mul_4_add_7->add_7,mul_4_add_7,add_7,5,0.0,0.0,1.0
arith,mul_4_add_7->add_7,mul_4_add_7,add_7,6,0.0,0.0,1.0
arith,mul_4_add_7->add_7,mul_4_add_7,add_7,7,0.0,0.0,1.0
arith,mul_4_add_7->add_7,mul_4_add_7,add_7,8,0.0,0.0,1.0
arith,mul_4_add_7->add_7,mul_4_add_7,add_7,9,0.0,0.0,1.0
arith,mul_4_add_7->add_7,mul_4_add_7,add_7,10,0.0,0.0,1.0
arith,mul_4_add_7->add_7,mul_4_add_7,add_7,11,0.0,0.0,1.0
arith,mul_4_add_7->add_7,mul_4_add_7,add_7,12,0.0,0.0,1.0
arith,mul_4_add_7->add_7,mul_4_add_7,add_7,13,0.0,0.0,1.0
arith,mul_4_add_7->add_7,mul_4_add_7,add_7,14,0.0,0.0,1.0
arith,mul_4_add_7->add_7,mul_4_add_7,add_7,15,0.0,0.0,1.0
arith,mul_4_add_7->add_7,mul_4_add_7,add_7,16,0.0,0.0,1.0
arith,mul_4_add_7->add_7,mul_4_add_7,add_7,17,0.0,0.0,1.0
arith,mul_4_add_7->add_7,mul_4_add_7,add_7,18,0.0,0.0,1.0
arith,mul_4_add_7->add_7,mul_4_add_7,add_7,19,0.0,0.0,1.0
arith,mul_4_add_7->add_7,mul_4_add_7,add_7,20,0.0,0.0,1.0
arith,mul_4_add_7->add_7,mul_4_add_7,add_7,21,0.0,0.0,1.0
arith,mul_4_add_7->add_7,mul_4_add_7,add_7,22,0.0,0.0,1.0
arith,mul_4_add_7->add_7,mul_4_add_7,add_7,23,0.0,0.0,1.0
arith,mul_4_add_7->add_7,mul_4_add_7,add_7,24,0.0,0.0,1.0
arith,mul_4_add_7->add_7,mul_4_add_7,add_7,25,0.0,0.0,1.0
arith,mul_4_add_7->add_7,mul_4_add_7,add_7,26,0.0,0.0,1.0
arith,mul_4_add_7->add_7,mul_4_add_7,add_7,27,0.0,0.0,1.0
arith,mul_4_add_7->add_13,mul_4_add_7,add_13,0,0.0,0.0,1.0
arith,mul_4_add_7->add_13,mul_4_add_7,add_13,1,0.0,0.0,1.0
arith,mul_4_add_7->add_13,mul_4_add_7,add_13,2,0.0,0.0,1.0
arith,mul_4_add_7->add_13,mul_4_add_7,add_13,3,0.0,0.0,1.0
arith,mul_4_add_7->add_13,mul_4_add_7,add_13,4,0.0,0.0,1.0
arith,mul_4_add_7->add_13,mul_4_add_7,add_13,5,0.0,0.0,1.0
arith,mul_4_add_7->add_13,mul_4_add_7,add_13,6,0.0,0.0,1.0
arith,mul_4_add_7->add_13,mul_4_add_7,add_13,7,0.0,0.0,1.0
arith,mul_4_add_7->add_13,mul_4_add_7,add_13,8,0.0,0.0,1.0
arith,mul_4_add_7->add_13,mul_4_add_7,add_13,9,0.0,0.0,1.0
arith,mul_4_add_7->add_13,mul_4_add_7,add_13,10,0.0,0.0,1.0
arith,mul_4_add_7->add_13,mul_4_add_7,add_13,11,0.0,0.0,1.0
arith,mul_4_add_7->add_13,mul_4_add_7,add_13,12,0.0,0.0,1.0
arith,mul_4_add_7->add_13,mul_4_add_7,add_13,13,0.0,0.0,1.0
arith,mul_4_add_7->add_13,mul_4_add_7,add_13,14,0.0,0.0,1.0
arith,mul_4_add_7->add_13,mul_4_add_7,add_13,15,0.0,0.0,1.0
arith,mul_4_add_7->add_13,mul_4_add_7,add_13,16,0.0,0.0,1.0
arith,mul_4_add_7->add_13,mul_4_add_7,add_13,17,0.0,0.0,1.0
arith,mul_4_add_7->add_13,mul_4_add_7,add_13,18,0.0,0.0,1.0
arith,mul_4_add_7->add_13,mul_4_add_7,add_13,19,0.0,0.0,1.0
arith,mul_4_add_7->add_13,mul_4_add_7,add_13,20,0.0,0.0,1.0
arith,mul_4_add_7->add_13,mul_4_add_7,add_13,21,0.0,0.0,1.0
arith,mul_4_add_7->add_13,mul_4_add_7,add_13,22,0.0,0.0,1.0
arith,mul_4_add_7->add_13,mul_4_add_7,add_13,23,0.0,0.0,1.0
arith,mul_4_add_7->add_13,mul_4_add_7,add_13,24,0.0,0.0,1.0
arith,mul_4_add_7->add_13,mul_4_add_7,add_13,25,0.0,0.0,1.0
arith,mul_4_add_7->add_13,mul_4_add_7,add_13,26,0.0,0.0,1.0
arith,mul_4_add_7->add_13,mul_4_add_7,add_13,27,0.0,0.0,1.0
arith,mul_4_add_7->mul_5,mul_4_add_7,mul_5,0,0.0,0.0,1.0
arith,mul_4_add_7->mul_5,mul_4_add_7,mul_5,1,0.0,0.0,1.0
arith,mul_4_add_7->mul_5,mul_4_add_7,mul_5,2,0.0,0.0,1.0
arith,mul_4_add_7->mul_5,mul_4_add_7,mul_5,3,0.0,0.0,1.0
arith,mul_4_add_7->mul_5,mul_4_add_7,mul_5,4,0.0,0.0,1.0
arith,mul_4_add_7->mul_5,mul_4_add_7,mul_5,5,0.0,0.0,1.0
arith,mul_4_add_7->mul_5,mul_4_add_7,mul_5,6,0.0,0.0,1.0
arith,mul_4_add_7->mul_5,mul_4_add_7,mul_5,7,0.0,0.0,1.0
arith,mul_4_add_7->mul_5,mul_4_add_7,mul_5,8,0.0,0.0,1.0
arith,mul_4_add_7->mul_5,mul_4_add_7,mul_5,9,0.0,0.0,1.0
arith,mul_4_add_7->mul_5,mul_4_add_7,mul_5,10,0.0,0.0,1.0
arith,mul_4_add_7->mul_5,mul_4_add_7,mul_5,11,0.0,0.0,1.0
arith,mul_4_add_7->mul_5,mul_4_add_7,mul_5,12,0.0,0.0,1.0
arith,mul_4_add_7->mul_5,mul_4_add_7,mul_5,13,0.0,0.0,1.0
arith,mul_4_add_7->mul_5,mul_4_add_7,mul_5,14,0.0,0.0,1.0
arith,mul_4_add_7->mul_5,mul_4_add_7,mul_5,15,0.0,0.0,1.0
arith,mul_4_add_7->mul_5,mul_4_add_7,mul_5,16,0.0,0.0,1.0
arith,mul_4_add_7->mul_5,mul_4_add_7,mul_5,17,0.0,0.0,1.0
arith,mul_4_add_7->mul_5,mul_4_add_7,mul_5,18,0.0,0.0,1.0
arith,mul_4_add_7->mul_5,mul_4_add_7,mul_5,19,0.0,0.0,1.0
arith,mul_4_add_7->mul_5,mul_4_add_7,mul_5,20,0.0,0.0,1.0
arith,mul_4_add_7->mul_5,mul_4_add_7,mul_5,21,0.0,0.0,1.0
arith,mul_4_add_7->mul_5,mul_4_add_7,mul_5,22,0.0,0.0,1.0
arith,mul_4_add_7->mul_5,mul_4_add_7,mul_5,23,0.0,0.0,1.0
arith,mul_4_add_7->mul_5,mul_4_add_7,mul_5,24,0.0,0.0,1.0
arith,mul_4_add_7->mul_5,mul_4_add_7,mul_5,25,0.0,0.0,1.0
arith,mul_4_add_7->mul_5,mul_4_add_7,mul_5,26,0.0,0.0,1.0
arith,mul_4_add_7->mul_5,mul_4_add_7,mul_5,27,0.0,0.0,1.0
arith,mul_4_add_7->mul_7,mul_4_add_7,mul_7,0,0.0,0.0,1.0
arith,mul_4_add_7->mul_7,mul_4_add_7,mul_7,1,0.0,0.0,1.0
arith,mul_4_add_7->mul_7,mul_4_add_7,mul_7,2,0.0,0.0,1.0
arith,mul_4_add_7->mul_7,mul_4_add_7,mul_7,3,0.0,0.0,1.0
arith,mul_4_add_7->mul_7,mul_4_add_7,mul_7,4,0.0,0.0,1.0
arith,mul_4_add_7->mul_7,mul_4_add_7,mul_7,5,0.0,0.0,1.0
arith,mul_4_add_7->mul_7,mul_4_add_7,mul_7,6,0.0,0.0,1.0
arith,mul_4_add_7->mul_7,mul_4_add_7,mul_7,7,0.0,0.0,1.0
arith,mul_4_add_7->mul_7,mul_4_add_7,mul_7,8,0.0,0.0,1.0
arith,mul_4_add_7->mul_7,mul_4_add_7,mul_7,9,0.0,0.0,1.0
arith,mul_4_add_7->mul_7,mul_4_add_7,mul_7,10,0.0,0.0,1.0
arith,mul_4_add_7->mul_7,mul_4_add_7,mul_7,11,0.0,0.0,1.0
arith,mul_4_add_7->mul_7,mul_4_add_7,mul_7,12,0.0,0.0,1.0
arith,mul_4_add_7->mul_7,mul_4_add_7,mul_7,13,0.0,0.0,1.0
arith,mul_4_add_7->mul_7,mul_4_add_7,mul_7,14,0.0,0.0,1.0
arith,mul_4_add_7->mul_7,mul_4_add_7,mul_7,15,0.0,0.0,1.0
arith,mul_4_add_7->mul_7,mul_4_add_7,mul_7,16,0.0,0.0,1.0
arith,mul_4_add_7->mul_7,mul_4_add_7,mul_7,17,0.0,0.0,1.0
arith,mul_4_add_7->mul_7,mul_4_add_7,mul_7,18,0.0,0.0,1.0
arith,mul_4_add_7->mul_7,mul_4_add_7,mul_7,19,0.0,0.0,1.0
arith,mul_4_add_7->mul_7,mul_4_add_7,mul_7,20,0.0,0.0,1.0
arith,mul_4_add_7->mul_7,mul_4_add_7,mul_7,21,0.0,0.0,1.0
arith,mul_4_add_7->mul_7,mul_4_add_7,mul_7,22,0.0,0.0,1.0
arith,mul_4_add_7->mul_7,mul_4_add_7,mul_7,23,0.0,0.0,1.0
arith,mul_4_add_7->mul_7,mul_4_add_7,mul_7,24,0.0,0.0,1.0
arith,mul_4_add_7->mul_7,mul_4_add_7,mul_7,25,0.0,0.0,1.0
arith,mul_4_add_7->mul_7,mul_4_add_7,mul_7,26,0.0,0.0,1.0
arith,mul_4_add_7->mul_7,mul_4_add_7,mul_7,27,0.0,0.0,1.0
arith,mul_4_add_7->mul_9,mul_4_add_7,mul_9,0,0.0,0.0,1.0
arith,mul_4_add_7->mul_9,mul_4_add_7,mul_9,1,0.0,0.0,1.0
arith,mul_4_add_7->mul_9,mul_4_add_7,mul_9,2,0.0,0.0,1.0
arith,mul_4_add_7->mul_9,mul_4_add_7,mul_9,3,0.0,0.0,1.0
arith,mul_4_add_7->mul_9,mul_4_add_7,mul_9,4,0.0,0.0,1.0
arith,mul_4_add_7->mul_9,mul_4_add_7,mul_9,5,0.0,0.0,1.0
arith,mul_4_add_7->mul_9,mul_4_add_7,mul_9,6,0.0,0.0,1.0
arith,mul_4_add_7->mul_9,mul_4_add_7,mul_9,7,0.0,0.0,1.0
arith,mul_4_add_7->mul_9,mul_4_add_7,mul_9,8,0.0,0.0,1.0
arith,mul_4_add_7->mul_9,mul_4_add_7,mul_9,9,0.0,0.0,1.0
arith,mul_4_add_7->mul_9,mul_4_add_7,mul_9,10,0.0,0.0,1.0
arith,mul_4_add_7->mul_9,mul_4_add_7,mul_9,11,0.0,0.0,1.0
arith,mul_4_add_7->mul_9,mul_4_add_7,mul_9,12,0.0,0.0,1.0
arith,mul_4_add_7->mul_9,mul_4_add_7,mul_9,13,0.0,0.0,1.0
arith,mul_4_add_7->mul_9,mul_4_add_7,mul_9,14,0.0,0.0,1.0
arith,mul_4_add_7->mul_9,mul_4_add_7,mul_9,15,0.0,0.0,1.0
arith,mul_4_add_7->mul_9,mul_4_add_7,mul_9,16,0.0,0.0,1.0
arith,mul_4_add_7->mul_9,mul_4_add_7,mul_9,17,0.0,0.0,1.0
arith,mul_4_add_7->mul_9,mul_4_add_7,mul_9,18,0.0,0.0,1.0
arith,mul_4_add_7->mul_9,mul_4_add_7,mul_9,19,0.0,0.0,1.0
arith,mul_4_add_7->mul_9,mul_4_add_7,mul_9,20,0.0,0.0,1.0
arith,mul_4_add_7->mul_9,mul_4_add_7,mul_9,21,0.0,0.0,1.0
arith,mul_4_add_7->mul_9,mul_4_add_7,mul_9,22,0.0,0.0,1.0
arith,mul_4_add_7->mul_9,mul_4_add_7,mul_9,23,0.0,0.0,1.0
arith,mul_4_add_7->mul_9,mul_4_add_7,mul_9,24,0.0,0.0,1.0
arith,mul_4_add_7->mul_9,mul_4_add_7,mul_9,25,0.0,0.0,1.0
arith,mul_4_add_7->mul_9,mul_4_add_7,mul_9,26,0.0,0.0,1.0
arith,mul_4_add_7->mul_9,mul_4_add_7,mul_9,27,0.0,0.0,1.0
arith,mul_4_add_7->mul_2_add_1,mul_4_add_7,mul_2_add_1,0,0.0,0.0,1.0
arith,mul_4_add_7->mul_2_add_1,mul_4_add_7,mul_2_add_1,1,0.0,0.0,1.0
arith,mul_4_add_7->mul_2_add_1,mul_4_add_7,mul_2_add_1,2,0.0,0.0,1.0
arith,mul_4_add_7->mul_2_add_1,mul_4_add_7,mul_2_add_1,3,0.0,0.0,1.0
arith,mul_4_add_7->mul_2_add_1,mul_4_add_7,mul_2_add_1,4,0.0,0.0,1.0
arith,mul_4_add_7->mul_2_add_1,mul_4_add_7,mul_2_add_1,5,0.0,0.0,1.0
arith,mul_4_add_7->mul_2_add_1,mul_4_add_7,mul_2_add_1,6,0.0,0.0,1.0
arith,mul_4_add_7->mul_2_add_1,mul_4_add_7,mul_2_add_1,7,0.0,0.0,1.0
arith,mul_4_add_7->mul_2_add_1,mul_4_add_7,mul_2_add_1,8,0.0,0.0,1.0
arith,mul_4_add_7->mul_2_add_1,mul_4_add_7,mul_2_add_1,9,0.0,0.0,1.0
arith,mul_4_add_7->mul_2_add_1,mul_4_add_7,mul_2_add_1,10,0.0,0.0,1.0
arith,mul_4_add_7->mul_2_add_1,mul_4_add_7,mul_2_add_1,11,0.0,0.0,1.0
arith,mul_4_add_7->mul_2_add_1,mul_4_add_7,mul_2_add_1,12,0.0,0.0,1.0
arith,mul_4_add_7->mul_2_add_1,mul_4_add_7,mul_2_add_1,13,0.0,0.0,1.0
arith,mul_4_add_7->mul_2_add_1,mul_4_add_7,mul_2_add_1,14,0.0,0.0,1.0
arith,mul_4_add_7->mul_2_add_1,mul_4_add_7,mul_2_add_1,15,0.0,0.0,1.0
arith,mul_4_add_7->mul_2_add_1,mul_4_add_7,mul_2_add_1,16,0.0,0.0,1.0
arith,mul_4_add_7->mul_2_add_1,mul_4_add_7,mul_2_add_1,17,0.0,0.0,1.0
arith,mul_4_add_7->mul_2_add_1,mul_4_add_7,mul_2_add_1,18,0.0,0.0,1.0
arith,mul_4_add_7->mul_2_add_1,mul_4_add_7,mul_2_add_1,19,0.0,0.0,1.0
arith,mul_4_add_7->mul_2_add_1,mul_4_add_7,mul_2_add_1,20,0.0,0.0,1.0
arith,mul_4_add_7->mul_2_add_1,mul_4_add_7,mul_2_add_1,21,0.0,0.0,1.0
arith,mul_4_add_7->mul_2_add_1,mul_4_add_7,mul_2_add_1,22,0.0,0.0,1.0
arith,mul_4_add_7->mul_2_add_1,mul_4_add_7,mul_2_add_1,23,0.0,0.0,1.0
arith,mul_4_add_7->mul_2_add_1,mul_4_add_7,mul_2_add_1,24,0.0,0.0,1.0
arith,mul_4_add_7->mul_2_add_1,mul_4_add_7,mul_2_add_1,25,0.0,0.0,1.0
arith,mul_4_add_7->mul_2_add_1,mul_4_add_7,mul_2_add_1,26,0.0,0.0,1.0
arith,mul_4_add_7->mul_2_add_1,mul_4_add_7,mul_2_add_1,27,0.0,0.0,1.0
arith,mul_4_add_7->mul_3_add_2,mul_4_add_7,mul_3_add_2,0,0.0,0.0,1.0
arith,mul_4_add_7->mul_3_add_2,mul_4_add_7,mul_3_add_2,1,0.0,0.0,1.0
arith,mul_4_add_7->mul_3_add_2,mul_4_add_7,mul_3_add_2,2,0.0,0.0,1.0
arith,mul_4_add_7->mul_3_add_2,mul_4_add_7,mul_3_add_2,3,0.0,0.0,1.0
arith,mul_4_add_7->mul_3_add_2,mul_4_add_7,mul_3_add_2,4,0.0,0.0,1.0
arith,mul_4_add_7->mul_3_add_2,mul_4_add_7,mul_3_add_2,5,0.0,0.0,1.0
arith,mul_4_add_7->mul_3_add_2,mul_4_add_7,mul_3_add_2,6,0.0,0.0,1.0
arith,mul_4_add_7->mul_3_add_2,mul_4_add_7,mul_3_add_2,7,0.0,0.0,1.0
arith,mul_4_add_7->mul_3_add_2,mul_4_add_7,mul_3_add_2,8,0.0,0.0,1.0
arith,mul_4_add_7->mul_3_add_2,mul_4_add_7,mul_3_add_2,9,0.0,0.0,1.0
arith,mul_4_add_7->mul_3_add_2,mul_4_add_7,mul_3_add_2,10,0.0,0.0,1.0
arith,mul_4_add_7->mul_3_add_2,mul_4_add_7,mul_3_add_2,11,0.0,0.0,1.0
arith,mul_4_add_7->mul_3_add_2,mul_4_add_7,mul_3_add_2,12,0.0,0.0,1.0
arith,mul_4_add_7->mul_3_add_2,mul_4_add_7,mul_3_add_2,13,0.0,0.0,1.0
arith,mul_4_add_7->mul_3_add_2,mul_4_add_7,mul_3_add_2,14,0.0,0.0,1.0
arith,mul_4_add_7->mul_3_add_2,mul_4_add_7,mul_3_add_2,15,0.0,0.0,1.0
arith,mul_4_add_7->mul_3_add_2,mul_4_add_7,mul_3_add_2,16,0.0,0.0,1.0
arith,mul_4_add_7->mul_3_add_2,mul_4_add_7,mul_3_add_2,17,0.0,0.0,1.0
arith,mul_4_add_7->mul_3_add_2,mul_4_add_7,mul_3_add_2,18,0.0,0.0,1.0
arith,mul_4_add_7->mul_3_add_2,mul_4_add_7,mul_3_add_2,19,0.0,0.0,1.0
arith,mul_4_add_7->mul_3_add_2,mul_4_add_7,mul_3_add_2,20,0.0,0.0,1.0
arith,mul_4_add_7->mul_3_add_2,mul_4_add_7,mul_3_add_2,21,0.0,0.0,1.0
arith,mul_4_add_7->mul_3_add_2,mul_4_add_7,mul_3_add_2,22,0.0,0.0,1.0
arith,mul_4_add_7->mul_3_add_2,mul_4_add_7,mul_3_add_2,23,0.0,0.0,1.0
arith,mul_4_add_7->mul_3_add_2,mul_4_add_7,mul_3_add_2,24,0.0,0.0,1.0
arith,mul_4_add_7->mul_3_add_2,mul_4_add_7,mul_3_add_2,25,0.0,0.0,1.0
arith,mul_4_add_7->mul_3_add_2,mul_4_add_7,mul_3_add_2,26,0.0,0.0,1.0
arith,mul_4_add_7->mul_3_add_2,mul_4_add_7,mul_3_add_2,27,0.0,0.0,1.0
arith,mul_4_add_7->mul_2_sub_1,mul_4_add_7,mul_2_sub_1,0,0.0,0.0,1.0
arith,mul_4_add_7->mul_2_sub_1,mul_4_add_7,mul_2_sub_1,1,0.0,0.0,1.0
arith,mul_4_add_7->mul_2_sub_1,mul_4_add_7,mul_2_sub_1,2,0.0,0.0,1.0
arith,mul_4_add_7->mul_2_sub_1,mul_4_add_7,mul_2_sub_1,3,0.0,0.0,1.0
arith,mul_4_add_7->mul_2_sub_1,mul_4_add_7,mul_2_sub_1,4,0.0,0.0,1.0
arith,mul_4_add_7->mul_2_sub_1,mul_4_add_7,mul_2_sub_1,5,0.0,0.0,1.0
arith,mul_4_add_7->mul_2_sub_1,mul_4_add_7,mul_2_sub_1,6,0.0,0.0,1.0
arith,mul_4_add_7->mul_2_sub_1,mul_4_add_7,mul_2_sub_1,7,0.0,0.0,1.0
arith,mul_4_add_7->mul_2_sub_1,mul_4_add_7,mul_2_sub_1,8,0.0,0.0,1.0
arith,mul_4_add_7->mul_2_sub_1,mul_4_add_7,mul_2_sub_1,9,0.0,0.0,1.0
arith,mul_4_add_7->mul_2_sub_1,mul_4_add_7,mul_2_sub_1,10,0.0,0.0,1.0
arith,mul_4_add_7->mul_2_sub_1,mul_4_add_7,mul_2_sub_1,11,0.0,0.0,1.0
arith,mul_4_add_7->mul_2_sub_1,mul_4_add_7,mul_2_sub_1,12,0.0,0.0,1.0
arith,mul_4_add_7->mul_2_sub_1,mul_4_add_7,mul_2_sub_1,13,0.0,0.0,1.0
arith,mul_4_add_7->mul_2_sub_1,mul_4_add_7,mul_2_sub_1,14,0.0,0.0,1.0
arith,mul_4_add_7->mul_2_sub_1,mul_4_add_7,mul_2_sub_1,15,0.0,0.0,1.0
arith,mul_4_add_7->mul_2_sub_1,mul_4_add_7,mul_2_sub_1,16,0.0,0.0,1.0
arith,mul_4_add_7->mul_2_sub_1,mul_4_add_7,mul_2_sub_1,17,0.0,0.0,1.0
arith,mul_4_add_7->mul_2_sub_1,mul_4_add_7,mul_2_sub_1,18,0.0,0.0,1.0
arith,mul_4_add_7->mul_2_sub_1,mul_4_add_7,mul_2_sub_1,19,0.0,0.0,1.0
arith,mul_4_add_7->mul_2_sub_1,mul_4_add_7,mul_2_sub_1,20,0.0,0.0,1.0
arith,mul_4_add_7->mul_2_sub_1,mul_4_add_7,mul_2_sub_1,21,0.0,0.0,1.0
arith,mul_4_add_7->mul_2_sub_1,mul_4_add_7,mul_2_sub_1,22,0.0,0.0,1.0
arith,mul_4_add_7->mul_2_sub_1,mul_4_add_7,mul_2_sub_1,23,0.0,0.0,1.0
arith,mul_4_add_7->mul_2_sub_1,mul_4_add_7,mul_2_sub_1,24,0.0,0.0,1.0
arith,mul_4_add_7->mul_2_sub_1,mul_4_add_7,mul_2_sub_1,25,0.0,0.0,1.0
arith,mul_4_add_7->mul_2_sub_1,mul_4_add_7,mul_2_sub_1,26,0.0,0.0,1.0
arith,mul_4_add_7->mul_2_sub_1,mul_4_add_7,mul_2_sub_1,27,0.0,0.0,1.0
arith,mul_2_add_1->add_3,mul_2_add_1,add_3,0,0.0,0.0,1.0
arith,mul_2_add_1->add_3,mul_2_add_1,add_3,1,0.0,0.0,1.0
arith,mul_2_add_1->add_3,mul_2_add_1,add_3,2,0.0,0.0,1.0
arith,mul_2_add_1->add_3,mul_2_add_1,add_3,3,0.0,0.0,1.0
arith,mul_2_add_1->add_3,mul_2_add_1,add_3,4,0.0,0.0,1.0
arith,mul_2_add_1->add_3,mul_2_add_1,add_3,5,0.0,0.0,1.0
arith,mul_2_add_1->add_3,mul_2_add_1,add_3,6,0.0,0.0,1.0
arith,mul_2_add_1->add_3,mul_2_add_1,add_3,7,0.0,0.0,1.0
arith,mul_2_add_1->add_3,mul_2_add_1,add_3,8,0.0,0.0,1.0
arith,mul_2_add_1->add_3,mul_2_add_1,add_3,9,0.0,0.0,1.0
arith,mul_2_add_1->add_3,mul_2_add_1,add_3,10,0.0,0.0,1.0
arith,mul_2_add_1->add_3,mul_2_add_1,add_3,11,0.0,0.0,1.0
arith,mul_2_add_1->add_3,mul_2_add_1,add_3,12,0.0,0.0,1.0
arith,mul_2_add_1->add_3,mul_2_add_1,add_3,13,0.0,0.0,1.0
arith,mul_2_add_1->add_3,mul_2_add_1,add_3,14,0.0,0.0,1.0
arith,mul_2_add_1->add_3,mul_2_add_1,add_3,15,0.0,0.0,1.0
arith,mul_2_add_1->add_3,mul_2_add_1,add_3,16,0.0,0.0,1.0
arith,mul_2_add_1->add_3,mul_2_add_1,add_3,17,0.0,0.0,1.0
arith,mul_2_add_1->add_3,mul_2_add_1,add_3,18,0.0,0.0,1.0
arith,mul_2_add_1->add_3,mul_2_add_1,add_3,19,0.0,0.0,1.0
arith,mul_2_add_1->add_3,mul_2_add_1,add_3,20,0.0,0.0,1.0
arith,mul_2_add_1->add_3,mul_2_add_1,add_3,21,0.0,0.0,1.0
arith,mul_2_add_1->add_3,mul_2_add_1,add_3,22,0.0,0.0,1.0
arith,mul_2_add_1->add_3,mul_2_add_1,add_3,23,0.0,0.0,1.0
arith,mul_2_add_1->add_3,mul_2_add_1,add_3,24,0.0,0.0,1.0
arith,mul_2_add_1->add_3,mul_2_add_1,add_3,25,0.0,0.0,1.0
arith,mul_2_add_1->add_3,mul_2_add_1,add_3,26,0.0,0.0,1.0
arith,mul_2_add_1->add_3,mul_2_add_1,add_3,27,0.0,0.0,1.0
arith,mul_2_add_1->add_7,mul_2_add_1,add_7,0,0.0,0.0,1.0
arith,mul_2_add_1->add_7,mul_2_add_1,add_7,1,0.0,0.0,1.0
arith,mul_2_add_1->add_7,mul_2_add_1,add_7,2,0.0,0.0,1.0
arith,mul_2_add_1->add_7,mul_2_add_1,add_7,3,0.0,0.0,1.0
arith,mul_2_add_1->add_7,mul_2_add_1,add_7,4,0.0,0.0,1.0
arith,mul_2_add_1->add_7,mul_2_add_1,add_7,5,0.0,0.0,1.0
arith,mul_2_add_1->add_7,mul_2_add_1,add_7,6,0.0,0.0,1.0
arith,mul_2_add_1->add_7,mul_2_add_1,add_7,7,0.0,0.0,1.0
arith,mul_2_add_1->add_7,mul_2_add_1,add_7,8,0.0,0.0,1.0
arith,mul_2_add_1->add_7,mul_2_add_1,add_7,9,0.0,0.0,1.0
arith,mul_2_add_1->add_7,mul_2_add_1,add_7,10,0.0,0.0,1.0
arith,mul_2_add_1->add_7,mul_2_add_1,add_7,11,0.0,0.0,1.0
arith,mul_2_add_1->add_7,mul_2_add_1,add_7,12,0.0,0.0,1.0
arith,mul_2_add_1->add_7,mul_2_add_1,add_7,13,0.0,0.0,1.0
arith,mul_2_add_1->add_7,mul_2_add_1,add_7,14,0.0,0.0,1.0
arith,mul_2_add_1->add_7,mul_2_add_1,add_7,15,0.0,0.0,1.0
arith,mul_2_add_1->add_7,mul_2_add_1,add_7,16,0.0,0.0,1.0
arith,mul_2_add_1->add_7,mul_2_add_1,add_7,17,0.0,0.0,1.0
arith,mul_2_add_1->add_7,mul_2_add_1,add_7,18,0.0,0.0,1.0
arith,mul_2_add_1->add_7,mul_2_add_1,add_7,19,0.0,0.0,1.0
arith,mul_2_add_1->add_7,mul_2_add_1,add_7,20,0.0,0.0,1.0
arith,mul_2_add_1->add_7,mul_2_add_1,add_7,21,0.0,0.0,1.0
arith,mul_2_add_1->add_7,mul_2_add_1,add_7,22,0.0,0.0,1.0
arith,mul_2_add_1->add_7,mul_2_add_1,add_7,23,0.0,0.0,1.0
arith,mul_2_add_1->add_7,mul_2_add_1,add_7,24,0.0,0.0,1.0
arith,mul_2_add_1->add_7,mul_2_add_1,add_7,25,0.0,0.0,1.0
arith,mul_2_add_1->add_7,mul_2_add_1,add_7,26,0.0,0.0,1.0
arith,mul_2_add_1->add_7,mul_2_add_1,add_7,27,0.0,0.0,1.0
arith,mul_2_add_1->add_13,mul_2_add_1,add_13,0,0.0,0.0,1.0
arith,mul_2_add_1->add_13,mul_2_add_1,add_13,1,0.0,0.0,1.0
arith,mul_2_add_1->add_13,mul_2_add_1,add_13,2,0.0,0.0,1.0
arith,mul_2_add_1->add_13,mul_2_add_1,add_13,3,0.0,0.0,1.0
arith,mul_2_add_1->add_13,mul_2_add_1,add_13,4,0.0,0.0,1.0
arith,mul_2_add_1->add_13,mul_2_add_1,add_13,5,0.0,0.0,1.0
arith,mul_2_add_1->add_13,mul_2_add_1,add_13,6,0.0,0.0,1.0
arith,mul_2_add_1->add_13,mul_2_add_1,add_13,7,0.0,0.0,1.0
arith,mul_2_add_1->add_13,mul_2_add_1,add_13,8,0.0,0.0,1.0
arith,mul_2_add_1->add_13,mul_2_add_1,add_13,9,0.0,0.0,1.0
arith,mul_2_add_1->add_13,mul_2_add_1,add_13,10,0.0,0.0,1.0
arith,mul_2_add_1->add_13,mul_2_add_1,add_13,11,0.0,0.0,1.0
arith,mul_2_add_1->add_13,mul_2_add_1,add_13,12,0.0,0.0,1.0
arith,mul_2_add_1->add_13,mul_2_add_1,add_13,13,0.0,0.0,1.0
arith,mul_2_add_1->add_13,mul_2_add_1,add_13,14,0.0,0.0,1.0
arith,mul_2_add_1->add_13,mul_2_add_1,add_13,15,0.0,0.0,1.0
arith,mul_2_add_1->add_13,mul_2_add_1,add_13,16,0.0,0.0,1.0
arith,mul_2_add_1->add_13,mul_2_add_1,add_13,17,0.0,0.0,1.0
arith,mul_2_add_1->add_13,mul_2_add_1,add_13,18,0.0,0.0,1.0
arith,mul_2_add_1->add_13,mul_2_add_1,add_13,19,0.0,0.0,1.0
arith,mul_2_add_1->add_13,mul_2_add_1,add_13,20,0.0,0.0,1.0
arith,mul_2_add_1->add_13,mul_2_add_1,add_13,21,0.0,0.0,1.0
arith,mul_2_add_1->add_13,mul_2_add_1,add_13,22,0.0,0.0,1.0
arith,mul_2_add_1->add_13,mul_2_add_1,add_13,23,0.0,0.0,1.0
arith,mul_2_add_1->add_13,mul_2_add_1,add_13,24,0.0,0.0,1.0
arith,mul_2_add_1->add_13,mul_2_add_1,add_13,25,0.0,0.0,1.0
arith,mul_2_add_1->add_13,mul_2_add_1,add_13,26,0.0,0.0,1.0
arith,mul_2_add_1->add_13,mul_2_add_1,add_13,27,0.0,0.0,1.0
arith,mul_2_add_1->mul_5,mul_2_add_1,mul_5,0,0.0,0.0,1.0
arith,mul_2_add_1->mul_5,mul_2_add_1,mul_5,1,0.0,0.0,1.0
arith,mul_2_add_1->mul_5,mul_2_add_1,mul_5,2,0.0,0.0,1.0
arith,mul_2_add_1->mul_5,mul_2_add_1,mul_5,3,0.0,0.0,1.0
arith,mul_2_add_1->mul_5,mul_2_add_1,mul_5,4,0.0,0.0,1.0
arith,mul_2_add_1->mul_5,mul_2_add_1,mul_5,5,0.0,0.0,1.0
arith,mul_2_add_1->mul_5,mul_2_add_1,mul_5,6,0.0,0.0,1.0
arith,mul_2_add_1->mul_5,mul_2_add_1,mul_5,7,0.0,0.0,1.0
arith,mul_2_add_1->mul_5,mul_2_add_1,mul_5,8,0.0,0.0,1.0
arith,mul_2_add_1->mul_5,mul_2_add_1,mul_5,9,0.0,0.0,1.0
arith,mul_2_add_1->mul_5,mul_2_add_1,mul_5,10,0.0,0.0,1.0
arith,mul_2_add_1->mul_5,mul_2_add_1,mul_5,11,0.0,0.0,1.0
arith,mul_2_add_1->mul_5,mul_2_add_1,mul_5,12,0.0,0.0,1.0
arith,mul_2_add_1->mul_5,mul_2_add_1,mul_5,13,0.0,0.0,1.0
arith,mul_2_add_1->mul_5,mul_2_add_1,mul_5,14,0.0,0.0,1.0
arith,mul_2_add_1->mul_5,mul_2_add_1,mul_5,15,0.0,0.0,1.0
arith,mul_2_add_1->mul_5,mul_2_add_1,mul_5,16,0.0,0.0,1.0
arith,mul_2_add_1->mul_5,mul_2_add_1,mul_5,17,0.0,0.0,1.0
arith,mul_2_add_1->mul_5,mul_2_add_1,mul_5,18,0.0,0.0,1.0
arith,mul_2_add_1->mul_5,mul_2_add_1,mul_5,19,0.0,0.0,1.0
arith,mul_2_add_1->mul_5,mul_2_add_1,mul_5,20,0.0,0.0,1.0
arith,mul_2_add_1->mul_5,mul_2_add_1,mul_5,21,0.0,0.0,1.0
arith,mul_2_add_1->mul_5,mul_2_add_1,mul_5,22,0.0,0.0,1.0
arith,mul_2_add_1->mul_5,mul_2_add_1,mul_5,23,0.0,0.0,1.0
arith,mul_2_add_1->mul_5,mul_2_add_1,mul_5,24,0.0,0.0,1.0
arith,mul_2_add_1->mul_5,mul_2_add_1,mul_5,25,0.0,0.0,1.0
arith,mul_2_add_1->mul_5,mul_2_add_1,mul_5,26,0.0,0.0,1.0
arith,mul_2_add_1->mul_5,mul_2_add_1,mul_5,27,0.0,0.0,1.0
arith,mul_2_add_1->mul_7,mul_2_add_1,mul_7,0,0.0,0.0,1.0
arith,mul_2_add_1->mul_7,mul_2_add_1,mul_7,1,0.0,0.0,1.0
arith,mul_2_add_1->mul_7,mul_2_add_1,mul_7,2,0.0,0.0,1.0
arith,mul_2_add_1->mul_7,mul_2_add_1,mul_7,3,0.0,0.0,1.0
arith,mul_2_add_1->mul_7,mul_2_add_1,mul_7,4,0.0,0.0,1.0
arith,mul_2_add_1->mul_7,mul_2_add_1,mul_7,5,0.0,0.0,1.0
arith,mul_2_add_1->mul_7,mul_2_add_1,mul_7,6,0.0,0.0,1.0
arith,mul_2_add_1->mul_7,mul_2_add_1,mul_7,7,0.0,0.0,1.0
arith,mul_2_add_1->mul_7,mul_2_add_1,mul_7,8,0.0,0.0,1.0
arith,mul_2_add_1->mul_7,mul_2_add_1,mul_7,9,0.0,0.0,1.0
arith,mul_2_add_1->mul_7,mul_2_add_1,mul_7,10,0.0,0.0,1.0
arith,mul_2_add_1->mul_7,mul_2_add_1,mul_7,11,0.0,0.0,1.0
arith,mul_2_add_1->mul_7,mul_2_add_1,mul_7,12,0.0,0.0,1.0
arith,mul_2_add_1->mul_7,mul_2_add_1,mul_7,13,0.0,0.0,1.0
arith,mul_2_add_1->mul_7,mul_2_add_1,mul_7,14,0.0,0.0,1.0
arith,mul_2_add_1->mul_7,mul_2_add_1,mul_7,15,0.0,0.0,1.0
arith,mul_2_add_1->mul_7,mul_2_add_1,mul_7,16,0.0,0.0,1.0
arith,mul_2_add_1->mul_7,mul_2_add_1,mul_7,17,0.0,0.0,1.0
arith,mul_2_add_1->mul_7,mul_2_add_1,mul_7,18,0.0,0.0,1.0
arith,mul_2_add_1->mul_7,mul_2_add_1,mul_7,19,0.0,0.0,1.0
arith,mul_2_add_1->mul_7,mul_2_add_1,mul_7,20,0.0,0.0,1.0
arith,mul_2_add_1->mul_7,mul_2_add_1,mul_7,21,0.0,0.0,1.0
arith,mul_2_add_1->mul_7,mul_2_add_1,mul_7,22,0.0,0.0,1.0
arith,mul_2_add_1->mul_7,mul_2_add_1,mul_7,23,0.0,0.0,1.0
arith,mul_2_add_1->mul_7,mul_2_add_1,mul_7,24,0.0,0.0,1.0
arith,mul_2_add_1->mul_7,mul_2_add_1,mul_7,25,0.0,0.0,1.0
arith,mul_2_add_1->mul_7,mul_2_add_1,mul_7,26,0.0,0.0,1.0
arith,mul_2_add_1->mul_7,mul_2_add_1,mul_7,27,0.0,0.0,1.0
arith,mul_2_add_1->mul_9,mul_2_add_1,mul_9,0,0.0,0.0,1.0
arith,mul_2_add_1->mul_9,mul_2_add_1,mul_9,1,0.0,0.0,1.0
arith,mul_2_add_1->mul_9,mul_2_add_1,mul_9,2,0.0,0.0,1.0
arith,mul_2_add_1->mul_9,mul_2_add_1,mul_9,3,0.0,0.0,1.0
arith,mul_2_add_1->mul_9,mul_2_add_1,mul_9,4,0.0,0.0,1.0
arith,mul_2_add_1->mul_9,mul_2_add_1,mul_9,5,0.0,0.0,1.0
arith,mul_2_add_1->mul_9,mul_2_add_1,mul_9,6,0.0,0.0,1.0
arith,mul_2_add_1->mul_9,mul_2_add_1,mul_9,7,0.0,0.0,1.0
arith,mul_2_add_1->mul_9,mul_2_add_1,mul_9,8,0.0,0.0,1.0
arith,mul_2_add_1->mul_9,mul_2_add_1,mul_9,9,0.0,0.0,1.0
arith,mul_2_add_1->mul_9,mul_2_add_1,mul_9,10,0.0,0.0,1.0
arith,mul_2_add_1->mul_9,mul_2_add_1,mul_9,11,0.0,0.0,1.0
arith,mul_2_add_1->mul_9,mul_2_add_1,mul_9,12,0.0,0.0,1.0
arith,mul_2_add_1->mul_9,mul_2_add_1,mul_9,13,0.0,0.0,1.0
arith,mul_2_add_1->mul_9,mul_2_add_1,mul_9,14,0.0,0.0,1.0
arith,mul_2_add_1->mul_9,mul_2_add_1,mul_9,15,0.0,0.0,1.0
arith,mul_2_add_1->mul_9,mul_2_add_1,mul_9,16,0.0,0.0,1.0
arith,mul_2_add_1->mul_9,mul_2_add_1,mul_9,17,0.0,0.0,1.0
arith,mul_2_add_1->mul_9,mul_2_add_1,mul_9,18,0.0,0.0,1.0
arith,mul_2_add_1->mul_9,mul_2_add_1,mul_9,19,0.0,0.0,1.0
arith,mul_2_add_1->mul_9,mul_2_add_1,mul_9,20,0.0,0.0,1.0
arith,mul_2_add_1->mul_9,mul_2_add_1,mul_9,21,0.0,0.0,1.0
arith,mul_2_add_1->mul_9,mul_2_add_1,mul_9,22,0.0,0.0,1.0
arith,mul_2_add_1->mul_9,mul_2_add_1,mul_9,23,0.0,0.0,1.0
arith,mul_2_add_1->mul_9,mul_2_add_1,mul_9,24,0.0,0.0,1.0
arith,mul_2_add_1->mul_9,mul_2_add_1,mul_9,25,0.0,0.0,1.0
arith,mul_2_add_1->mul_9,mul_2_add_1,mul_9,26,0.0,0.0,1.0
arith,mul_2_add_1->mul_9,mul_2_add_1,mul_9,27,0.0,0.0,1.0
arith,mul_2_add_1->mul_4_add_7,mul_2_add_1,mul_4_add_7,0,0.0,0.0,1.0
arith,mul_2_add_1->mul_4_add_7,mul_2_add_1,mul_4_add_7,1,0.0,0.0,1.0
arith,mul_2_add_1->mul_4_add_7,mul_2_add_1,mul_4_add_7,2,0.0,0.0,1.0
arith,mul_2_add_1->mul_4_add_7,mul_2_add_1,mul_4_add_7,3,0.0,0.0,1.0
arith,mul_2_add_1->mul_4_add_7,mul_2_add_1,mul_4_add_7,4,0.0,0.0,1.0
arith,mul_2_add_1->mul_4_add_7,mul_2_add_1,mul_4_add_7,5,0.0,0.0,1.0
arith,mul_2_add_1->mul_4_add_7,mul_2_add_1,mul_4_add_7,6,0.0,0.0,1.0
arith,mul_2_add_1->mul_4_add_7,mul_2_add_1,mul_4_add_7,7,0.0,0.0,1.0
arith,mul_2_add_1->mul_4_add_7,mul_2_add_1,mul_4_add_7,8,0.0,0.0,1.0
arith,mul_2_add_1->mul_4_add_7,mul_2_add_1,mul_4_add_7,9,0.0,0.0,1.0
arith,mul_2_add_1->mul_4_add_7,mul_2_add_1,mul_4_add_7,10,0.0,0.0,1.0
arith,mul_2_add_1->mul_4_add_7,mul_2_add_1,mul_4_add_7,11,0.0,0.0,1.0
arith,mul_2_add_1->mul_4_add_7,mul_2_add_1,mul_4_add_7,12,0.0,0.0,1.0
arith,mul_2_add_1->mul_4_add_7,mul_2_add_1,mul_4_add_7,13,0.0,0.0,1.0
arith,mul_2_add_1->mul_4_add_7,mul_2_add_1,mul_4_add_7,14,0.0,0.0,1.0
arith,mul_2_add_1->mul_4_add_7,mul_2_add_1,mul_4_add_7,15,0.0,0.0,1.0
arith,mul_2_add_1->mul_4_add_7,mul_2_add_1,mul_4_add_7,16,0.0,0.0,1.0
arith,mul_2_add_1->mul_4_add_7,mul_2_add_1,mul_4_add_7,17,0.0,0.0,1.0
arith,mul_2_add_1->mul_4_add_7,mul_2_add_1,mul_4_add_7,18,0.0,0.0,1.0
arith,mul_2_add_1->mul_4_add_7,mul_2_add_1,mul_4_add_7,19,0.0,0.0,1.0
arith,mul_2_add_1->mul_4_add_7,mul_2_add_1,mul_4_add_7,20,0.0,0.0,1.0
arith,mul_2_add_1->mul_4_add_7,mul_2_add_1,mul_4_add_7,21,0.0,0.0,1.0
arith,mul_2_add_1->mul_4_add_7,mul_2_add_1,mul_4_add_7,22,0.0,0.0,1.0
arith,mul_2_add_1->mul_4_add_7,mul_2_add_1,mul_4_add_7,23,0.0,0.0,1.0
arith,mul_2_add_1->mul_4_add_7,mul_2_add_1,mul_4_add_7,24,0.0,0.0,1.0
arith,mul_2_add_1->mul_4_add_7,mul_2_add_1,mul_4_add_7,25,0.0,0.0,1.0
arith,mul_2_add_1->mul_4_add_7,mul_2_add_1,mul_4_add_7,26,0.0,0.0,1.0
arith,mul_2_add_1->mul_4_add_7,mul_2_add_1,mul_4_add_7,27,0.0,0.0,1.0
arith,mul_2_add_1->mul_3_add_2,mul_2_add_1,mul_3_add_2,0,0.0,0.0,1.0
arith,mul_2_add_1->mul_3_add_2,mul_2_add_1,mul_3_add_2,1,0.0,0.0,1.0
arith,mul_2_add_1->mul_3_add_2,mul_2_add_1,mul_3_add_2,2,0.0,0.0,1.0
arith,mul_2_add_1->mul_3_add_2,mul_2_add_1,mul_3_add_2,3,0.0,0.0,1.0
arith,mul_2_add_1->mul_3_add_2,mul_2_add_1,mul_3_add_2,4,0.0,0.0,1.0
arith,mul_2_add_1->mul_3_add_2,mul_2_add_1,mul_3_add_2,5,0.0,0.0,1.0
arith,mul_2_add_1->mul_3_add_2,mul_2_add_1,mul_3_add_2,6,0.0,0.0,1.0
arith,mul_2_add_1->mul_3_add_2,mul_2_add_1,mul_3_add_2,7,0.0,0.0,1.0
arith,mul_2_add_1->mul_3_add_2,mul_2_add_1,mul_3_add_2,8,0.0,0.0,1.0
arith,mul_2_add_1->mul_3_add_2,mul_2_add_1,mul_3_add_2,9,0.0,0.0,1.0
arith,mul_2_add_1->mul_3_add_2,mul_2_add_1,mul_3_add_2,10,0.0,0.0,1.0
arith,mul_2_add_1->mul_3_add_2,mul_2_add_1,mul_3_add_2,11,0.0,0.0,1.0
arith,mul_2_add_1->mul_3_add_2,mul_2_add_1,mul_3_add_2,12,0.0,0.0,1.0
arith,mul_2_add_1->mul_3_add_2,mul_2_add_1,mul_3_add_2,13,0.0,0.0,1.0
arith,mul_2_add_1->mul_3_add_2,mul_2_add_1,mul_3_add_2,14,0.0,0.0,1.0
arith,mul_2_add_1->mul_3_add_2,mul_2_add_1,mul_3_add_2,15,0.0,0.0,1.0
arith,mul_2_add_1->mul_3_add_2,mul_2_add_1,mul_3_add_2,16,0.0,0.0,1.0
arith,mul_2_add_1->mul_3_add_2,mul_2_add_1,mul_3_add_2,17,0.0,0.0,1.0
arith,mul_2_add_1->mul_3_add_2,mul_2_add_1,mul_3_add_2,18,0.0,0.0,1.0
arith,mul_2_add_1->mul_3_add_2,mul_2_add_1,mul_3_add_2,19,0.0,0.0,1.0
arith,mul_2_add_1->mul_3_add_2,mul_2_add_1,mul_3_add_2,20,0.0,0.0,1.0
arith,mul_2_add_1->mul_3_add_2,mul_2_add_1,mul_3_add_2,21,0.0,0.0,1.0
arith,mul_2_add_1->mul_3_add_2,mul_2_add_1,mul_3_add_2,22,0.0,0.0,1.0
arith,mul_2_add_1->mul_3_add_2,mul_2_add_1,mul_3_add_2,23,0.0,0.0,1.0
arith,mul_2_add_1->mul_3_add_2,mul_2_add_1,mul_3_add_2,24,0.0,0.0,1.0
arith,mul_2_add_1->mul_3_add_2,mul_2_add_1,mul_3_add_2,25,0.0,0.0,1.0
arith,mul_2_add_1->mul_3_add_2,mul_2_add_1,mul_3_add_2,26,0.0,0.0,1.0
arith,mul_2_add_1->mul_3_add_2,mul_2_add_1,mul_3_add_2,27,0.0,0.0,1.0
arith,mul_2_add_1->mul_2_sub_1,mul_2_add_1,mul_2_sub_1,0,0.0,0.0,1.0
arith,mul_2_add_1->mul_2_sub_1,mul_2_add_1,mul_2_sub_1,1,0.0,0.0,1.0
arith,mul_2_add_1->mul_2_sub_1,mul_2_add_1,mul_2_sub_1,2,0.0,0.0,1.0
arith,mul_2_add_1->mul_2_sub_1,mul_2_add_1,mul_2_sub_1,3,0.0,0.0,1.0
arith,mul_2_add_1->mul_2_sub_1,mul_2_add_1,mul_2_sub_1,4,0.0,0.0,1.0
arith,mul_2_add_1->mul_2_sub_1,mul_2_add_1,mul_2_sub_1,5,0.0,0.0,1.0
arith,mul_2_add_1->mul_2_sub_1,mul_2_add_1,mul_2_sub_1,6,0.0,0.0,1.0
arith,mul_2_add_1->mul_2_sub_1,mul_2_add_1,mul_2_sub_1,7,0.0,0.0,1.0
arith,mul_2_add_1->mul_2_sub_1,mul_2_add_1,mul_2_sub_1,8,0.0,0.0,1.0
arith,mul_2_add_1->mul_2_sub_1,mul_2_add_1,mul_2_sub_1,9,0.0,0.0,1.0
arith,mul_2_add_1->mul_2_sub_1,mul_2_add_1,mul_2_sub_1,10,0.0,0.0,1.0
arith,mul_2_add_1->mul_2_sub_1,mul_2_add_1,mul_2_sub_1,11,0.0,0.0,1.0
arith,mul_2_add_1->mul_2_sub_1,mul_2_add_1,mul_2_sub_1,12,0.0,0.0,1.0
arith,mul_2_add_1->mul_2_sub_1,mul_2_add_1,mul_2_sub_1,13,0.0,0.0,1.0
arith,mul_2_add_1->mul_2_sub_1,mul_2_add_1,mul_2_sub_1,14,0.0,0.0,1.0
arith,mul_2_add_1->mul_2_sub_1,mul_2_add_1,mul_2_sub_1,15,0.0,0.0,1.0
arith,mul_2_add_1->mul_2_sub_1,mul_2_add_1,mul_2_sub_1,16,0.0,0.0,1.0
arith,mul_2_add_1->mul_2_sub_1,mul_2_add_1,mul_2_sub_1,17,0.0,0.0,1.0
arith,mul_2_add_1->mul_2_sub_1,mul_2_add_1,mul_2_sub_1,18,0.0,0.0,1.0
arith,mul_2_add_1->mul_2_sub_1,mul_2_add_1,mul_2_sub_1,19,0.0,0.0,1.0
arith,mul_2_add_1->mul_2_sub_1,mul_2_add_1,mul_2_sub_1,20,0.0,0.0,1.0
arith,mul_2_add_1->mul_2_sub_1,mul_2_add_1,mul_2_sub_1,21,0.0,0.0,1.0
arith,mul_2_add_1->mul_2_sub_1,mul_2_add_1,mul_2_sub_1,22,0.0,0.0,1.0
arith,mul_2_add_1->mul_2_sub_1,mul_2_add_1,mul_2_sub_1,23,0.0,0.0,1.0
arith,mul_2_add_1->mul_2_sub_1,mul_2_add_1,mul_2_sub_1,24,0.0,0.0,1.0
arith,mul_2_add_1->mul_2_sub_1,mul_2_add_1,mul_2_sub_1,25,0.0,0.0,1.0
arith,mul_2_add_1->mul_2_sub_1,mul_2_add_1,mul_2_sub_1,26,0.0,0.0,1.0
arith,mul_2_add_1->mul_2_sub_1,mul_2_add_1,mul_2_sub_1,27,0.0,0.0,1.0
arith,mul_3_add_2->add_3,mul_3_add_2,add_3,0,0.0,0.0,1.0
arith,mul_3_add_2->add_3,mul_3_add_2,add_3,1,0.0,0.0,1.0
arith,mul_3_add_2->add_3,mul_3_add_2,add_3,2,0.0,0.0,1.0
arith,mul_3_add_2->add_3,mul_3_add_2,add_3,3,0.0,0.0,1.0
arith,mul_3_add_2->add_3,mul_3_add_2,add_3,4,0.0,0.0,1.0
arith,mul_3_add_2->add_3,mul_3_add_2,add_3,5,0.0,0.0,1.0
arith,mul_3_add_2->add_3,mul_3_add_2,add_3,6,0.0,0.0,1.0
arith,mul_3_add_2->add_3,mul_3_add_2,add_3,7,0.0,0.0,1.0
arith,mul_3_add_2->add_3,mul_3_add_2,add_3,8,0.0,0.0,1.0
arith,mul_3_add_2->add_3,mul_3_add_2,add_3,9,0.0,0.0,1.0
arith,mul_3_add_2->add_3,mul_3_add_2,add_3,10,0.0,0.0,1.0
arith,mul_3_add_2->add_3,mul_3_add_2,add_3,11,0.0,0.0,1.0
arith,mul_3_add_2->add_3,mul_3_add_2,add_3,12,0.0,0.0,1.0
arith,mul_3_add_2->add_3,mul_3_add_2,add_3,13,0.0,0.0,1.0
arith,mul_3_add_2->add_3,mul_3_add_2,add_3,14,0.0,0.0,1.0
arith,mul_3_add_2->add_3,mul_3_add_2,add_3,15,0.0,0.0,1.0
arith,mul_3_add_2->add_3,mul_3_add_2,add_3,16,0.0,0.0,1.0
arith,mul_3_add_2->add_3,mul_3_add_2,add_3,17,0.0,0.0,1.0
arith,mul_3_add_2->add_3,mul_3_add_2,add_3,18,0.0,0.0,1.0
arith,mul_3_add_2->add_3,mul_3_add_2,add_3,19,0.0,0.0,1.0
arith,mul_3_add_2->add_3,mul_3_add_2,add_3,20,0.0,0.0,1.0
arith,mul_3_add_2->add_3,mul_3_add_2,add_3,21,0.0,0.0,1.0
arith,mul_3_add_2->add_3,mul_3_add_2,add_3,22,0.0,0.0,1.0
arith,mul_3_add_2->add_3,mul_3_add_2,add_3,23,0.0,0.0,1.0
arith,mul_3_add_2->add_3,mul_3_add_2,add_3,24,0.0,0.0,1.0
arith,mul_3_add_2->add_3,mul_3_add_2,add_3,25,0.0,0.0,1.0
arith,mul_3_add_2->add_3,mul_3_add_2,add_3,26,0.0,0.0,1.0
arith,mul_3_add_2->add_3,mul_3_add_2,add_3,27,0.0,0.0,1.0
arith,mul_3_add_2->add_7,mul_3_add_2,add_7,0,0.0,0.0,1.0
arith,mul_3_add_2->add_7,mul_3_add_2,add_7,1,0.0,0.0,1.0
arith,mul_3_add_2->add_7,mul_3_add_2,add_7,2,0.0,0.0,1.0
arith,mul_3_add_2->add_7,mul_3_add_2,add_7,3,0.0,0.0,1.0
arith,mul_3_add_2->add_7,mul_3_add_2,add_7,4,0.0,0.0,1.0
arith,mul_3_add_2->add_7,mul_3_add_2,add_7,5,0.0,0.0,1.0
arith,mul_3_add_2->add_7,mul_3_add_2,add_7,6,0.0,0.0,1.0
arith,mul_3_add_2->add_7,mul_3_add_2,add_7,7,0.0,0.0,1.0
arith,mul_3_add_2->add_7,mul_3_add_2,add_7,8,0.0,0.0,1.0
arith,mul_3_add_2->add_7,mul_3_add_2,add_7,9,0.0,0.0,1.0
arith,mul_3_add_2->add_7,mul_3_add_2,add_7,10,0.0,0.0,1.0
arith,mul_3_add_2->add_7,mul_3_add_2,add_7,11,0.0,0.0,1.0
arith,mul_3_add_2->add_7,mul_3_add_2,add_7,12,0.0,0.0,1.0
arith,mul_3_add_2->add_7,mul_3_add_2,add_7,13,0.0,0.0,1.0
arith,mul_3_add_2->add_7,mul_3_add_2,add_7,14,0.0,0.0,1.0
arith,mul_3_add_2->add_7,mul_3_add_2,add_7,15,0.0,0.0,1.0
arith,mul_3_add_2->add_7,mul_3_add_2,add_7,16,0.0,0.0,1.0
arith,mul_3_add_2->add_7,mul_3_add_2,add_7,17,0.0,0.0,1.0
arith,mul_3_add_2->add_7,mul_3_add_2,add_7,18,0.0,0.0,1.0
arith,mul_3_add_2->add_7,mul_3_add_2,add_7,19,0.0,0.0,1.0
arith,mul_3_add_2->add_7,mul_3_add_2,add_7,20,0.0,0.0,1.0
arith,mul_3_add_2->add_7,mul_3_add_2,add_7,21,0.0,0.0,1.0
arith,mul_3_add_2->add_7,mul_3_add_2,add_7,22,0.0,0.0,1.0
arith,mul_3_add_2->add_7,mul_3_add_2,add_7,23,0.0,0.0,1.0
arith,mul_3_add_2->add_7,mul_3_add_2,add_7,24,0.0,0.0,1.0
arith,mul_3_add_2->add_7,mul_3_add_2,add_7,25,0.0,0.0,1.0
arith,mul_3_add_2->add_7,mul_3_add_2,add_7,26,0.0,0.0,1.0
arith,mul_3_add_2->add_7,mul_3_add_2,add_7,27,0.0,0.0,1.0
arith,mul_3_add_2->add_13,mul_3_add_2,add_13,0,0.0,0.0,1.0
arith,mul_3_add_2->add_13,mul_3_add_2,add_13,1,0.0,0.0,1.0
arith,mul_3_add_2->add_13,mul_3_add_2,add_13,2,0.0,0.0,1.0
arith,mul_3_add_2->add_13,mul_3_add_2,add_13,3,0.0,0.0,1.0
arith,mul_3_add_2->add_13,mul_3_add_2,add_13,4,0.0,0.0,1.0
arith,mul_3_add_2->add_13,mul_3_add_2,add_13,5,0.0,0.0,1.0
arith,mul_3_add_2->add_13,mul_3_add_2,add_13,6,0.0,0.0,1.0
arith,mul_3_add_2->add_13,mul_3_add_2,add_13,7,0.0,0.0,1.0
arith,mul_3_add_2->add_13,mul_3_add_2,add_13,8,0.0,0.0,1.0
arith,mul_3_add_2->add_13,mul_3_add_2,add_13,9,0.0,0.0,1.0
arith,mul_3_add_2->add_13,mul_3_add_2,add_13,10,0.0,0.0,1.0
arith,mul_3_add_2->add_13,mul_3_add_2,add_13,11,0.0,0.0,1.0
arith,mul_3_add_2->add_13,mul_3_add_2,add_13,12,0.0,0.0,1.0
arith,mul_3_add_2->add_13,mul_3_add_2,add_13,13,0.0,0.0,1.0
arith,mul_3_add_2->add_13,mul_3_add_2,add_13,14,0.0,0.0,1.0
arith,mul_3_add_2->add_13,mul_3_add_2,add_13,15,0.0,0.0,1.0
arith,mul_3_add_2->add_13,mul_3_add_2,add_13,16,0.0,0.0,1.0
arith,mul_3_add_2->add_13,mul_3_add_2,add_13,17,0.0,0.0,1.0
arith,mul_3_add_2->add_13,mul_3_add_2,add_13,18,0.0,0.0,1.0
arith,mul_3_add_2->add_13,mul_3_add_2,add_13,19,0.0,0.0,1.0
arith,mul_3_add_2->add_13,mul_3_add_2,add_13,20,0.0,0.0,1.0
arith,mul_3_add_2->add_13,mul_3_add_2,add_13,21,0.0,0.0,1.0
arith,mul_3_add_2->add_13,mul_3_add_2,add_13,22,0.0,0.0,1.0
arith,mul_3_add_2->add_13,mul_3_add_2,add_13,23,0.0,0.0,1.0
arith,mul_3_add_2->add_13,mul_3_add_2,add_13,24,0.0,0.0,1.0
arith,mul_3_add_2->add_13,mul_3_add_2,add_13,25,0.0,0.0,1.0
arith,mul_3_add_2->add_13,mul_3_add_2,add_13,26,0.0,0.0,1.0
arith,mul_3_add_2->add_13,mul_3_add_2,add_13,27,0.0,0.0,1.0
arith,mul_3_add_2->mul_5,mul_3_add_2,mul_5,0,0.0,0.0,1.0
arith,mul_3_add_2->mul_5,mul_3_add_2,mul_5,1,0.0,0.0,1.0
arith,mul_3_add_2->mul_5,mul_3_add_2,mul_5,2,0.0,0.0,1.0
arith,mul_3_add_2->mul_5,mul_3_add_2,mul_5,3,0.0,0.0,1.0
arith,mul_3_add_2->mul_5,mul_3_add_2,mul_5,4,0.0,0.0,1.0
arith,mul_3_add_2->mul_5,mul_3_add_2,mul_5,5,0.0,0.0,1.0
arith,mul_3_add_2->mul_5,mul_3_add_2,mul_5,6,0.0,0.0,1.0
arith,mul_3_add_2->mul_5,mul_3_add_2,mul_5,7,0.0,0.0,1.0
arith,mul_3_add_2->mul_5,mul_3_add_2,mul_5,8,0.0,0.0,1.0
arith,mul_3_add_2->mul_5,mul_3_add_2,mul_5,9,0.0,0.0,1.0
arith,mul_3_add_2->mul_5,mul_3_add_2,mul_5,10,0.0,0.0,1.0
arith,mul_3_add_2->mul_5,mul_3_add_2,mul_5,11,0.0,0.0,1.0
arith,mul_3_add_2->mul_5,mul_3_add_2,mul_5,12,0.0,0.0,1.0
arith,mul_3_add_2->mul_5,mul_3_add_2,mul_5,13,0.0,0.0,1.0
arith,mul_3_add_2->mul_5,mul_3_add_2,mul_5,14,0.0,0.0,1.0
arith,mul_3_add_2->mul_5,mul_3_add_2,mul_5,15,0.0,0.0,1.0
arith,mul_3_add_2->mul_5,mul_3_add_2,mul_5,16,0.0,0.0,1.0
arith,mul_3_add_2->mul_5,mul_3_add_2,mul_5,17,0.0,0.0,1.0
arith,mul_3_add_2->mul_5,mul_3_add_2,mul_5,18,0.0,0.0,1.0
arith,mul_3_add_2->mul_5,mul_3_add_2,mul_5,19,0.0,0.0,1.0
arith,mul_3_add_2->mul_5,mul_3_add_2,mul_5,20,0.0,0.0,1.0
arith,mul_3_add_2->mul_5,mul_3_add_2,mul_5,21,0.0,0.0,1.0
arith,mul_3_add_2->mul_5,mul_3_add_2,mul_5,22,0.0,0.0,1.0
arith,mul_3_add_2->mul_5,mul_3_add_2,mul_5,23,0.0,0.0,1.0
arith,mul_3_add_2->mul_5,mul_3_add_2,mul_5,24,0.0,0.0,1.0
arith,mul_3_add_2->mul_5,mul_3_add_2,mul_5,25,0.0,0.0,1.0
arith,mul_3_add_2->mul_5,mul_3_add_2,mul_5,26,0.0,0.0,1.0
arith,mul_3_add_2->mul_5,mul_3_add_2,mul_5,27,0.0,0.0,1.0
arith,mul_3_add_2->mul_7,mul_3_add_2,mul_7,0,0.0,0.0,1.0
arith,mul_3_add_2->mul_7,mul_3_add_2,mul_7,1,0.0,0.0,1.0
arith,mul_3_add_2->mul_7,mul_3_add_2,mul_7,2,0.0,0.0,1.0
arith,mul_3_add_2->mul_7,mul_3_add_2,mul_7,3,0.0,0.0,1.0
arith,mul_3_add_2->mul_7,mul_3_add_2,mul_7,4,0.0,0.0,1.0
arith,mul_3_add_2->mul_7,mul_3_add_2,mul_7,5,0.0,0.0,1.0
arith,mul_3_add_2->mul_7,mul_3_add_2,mul_7,6,0.0,0.0,1.0
arith,mul_3_add_2->mul_7,mul_3_add_2,mul_7,7,0.0,0.0,1.0
arith,mul_3_add_2->mul_7,mul_3_add_2,mul_7,8,0.0,0.0,1.0
arith,mul_3_add_2->mul_7,mul_3_add_2,mul_7,9,0.0,0.0,1.0
arith,mul_3_add_2->mul_7,mul_3_add_2,mul_7,10,0.0,0.0,1.0
arith,mul_3_add_2->mul_7,mul_3_add_2,mul_7,11,0.0,0.0,1.0
arith,mul_3_add_2->mul_7,mul_3_add_2,mul_7,12,0.0,0.0,1.0
arith,mul_3_add_2->mul_7,mul_3_add_2,mul_7,13,0.0,0.0,1.0
arith,mul_3_add_2->mul_7,mul_3_add_2,mul_7,14,0.0,0.0,1.0
arith,mul_3_add_2->mul_7,mul_3_add_2,mul_7,15,0.0,0.0,1.0
arith,mul_3_add_2->mul_7,mul_3_add_2,mul_7,16,0.0,0.0,1.0
arith,mul_3_add_2->mul_7,mul_3_add_2,mul_7,17,0.0,0.0,1.0
arith,mul_3_add_2->mul_7,mul_3_add_2,mul_7,18,0.0,0.0,1.0
arith,mul_3_add_2->mul_7,mul_3_add_2,mul_7,19,0.0,0.0,1.0
arith,mul_3_add_2->mul_7,mul_3_add_2,mul_7,20,0.0,0.0,1.0
arith,mul_3_add_2->mul_7,mul_3_add_2,mul_7,21,0.0,0.0,1.0
arith,mul_3_add_2->mul_7,mul_3_add_2,mul_7,22,0.0,0.0,1.0
arith,mul_3_add_2->mul_7,mul_3_add_2,mul_7,23,0.0,0.0,1.0
arith,mul_3_add_2->mul_7,mul_3_add_2,mul_7,24,0.0,0.0,1.0
arith,mul_3_add_2->mul_7,mul_3_add_2,mul_7,25,0.0,0.0,1.0
arith,mul_3_add_2->mul_7,mul_3_add_2,mul_7,26,0.0,0.0,1.0
arith,mul_3_add_2->mul_7,mul_3_add_2,mul_7,27,0.0,0.0,1.0
arith,mul_3_add_2->mul_9,mul_3_add_2,mul_9,0,0.0,0.0,1.0
arith,mul_3_add_2->mul_9,mul_3_add_2,mul_9,1,0.0,0.0,1.0
arith,mul_3_add_2->mul_9,mul_3_add_2,mul_9,2,0.0,0.0,1.0
arith,mul_3_add_2->mul_9,mul_3_add_2,mul_9,3,0.0,0.0,1.0
arith,mul_3_add_2->mul_9,mul_3_add_2,mul_9,4,0.0,0.0,1.0
arith,mul_3_add_2->mul_9,mul_3_add_2,mul_9,5,0.0,0.0,1.0
arith,mul_3_add_2->mul_9,mul_3_add_2,mul_9,6,0.0,0.0,1.0
arith,mul_3_add_2->mul_9,mul_3_add_2,mul_9,7,0.0,0.0,1.0
arith,mul_3_add_2->mul_9,mul_3_add_2,mul_9,8,0.0,0.0,1.0
arith,mul_3_add_2->mul_9,mul_3_add_2,mul_9,9,0.0,0.0,1.0
arith,mul_3_add_2->mul_9,mul_3_add_2,mul_9,10,0.0,0.0,1.0
arith,mul_3_add_2->mul_9,mul_3_add_2,mul_9,11,0.0,0.0,1.0
arith,mul_3_add_2->mul_9,mul_3_add_2,mul_9,12,0.0,0.0,1.0
arith,mul_3_add_2->mul_9,mul_3_add_2,mul_9,13,0.0,0.0,1.0
arith,mul_3_add_2->mul_9,mul_3_add_2,mul_9,14,0.0,0.0,1.0
arith,mul_3_add_2->mul_9,mul_3_add_2,mul_9,15,0.0,0.0,1.0
arith,mul_3_add_2->mul_9,mul_3_add_2,mul_9,16,0.0,0.0,1.0
arith,mul_3_add_2->mul_9,mul_3_add_2,mul_9,17,0.0,0.0,1.0
arith,mul_3_add_2->mul_9,mul_3_add_2,mul_9,18,0.0,0.0,1.0
arith,mul_3_add_2->mul_9,mul_3_add_2,mul_9,19,0.0,0.0,1.0
arith,mul_3_add_2->mul_9,mul_3_add_2,mul_9,20,0.0,0.0,1.0
arith,mul_3_add_2->mul_9,mul_3_add_2,mul_9,21,0.0,0.0,1.0
arith,mul_3_add_2->mul_9,mul_3_add_2,mul_9,22,0.0,0.0,1.0
arith,mul_3_add_2->mul_9,mul_3_add_2,mul_9,23,0.0,0.0,1.0
arith,mul_3_add_2->mul_9,mul_3_add_2,mul_9,24,0.0,0.0,1.0
arith,mul_3_add_2->mul_9,mul_3_add_2,mul_9,25,0.0,0.0,1.0
arith,mul_3_add_2->mul_9,mul_3_add_2,mul_9,26,0.0,0.0,1.0
arith,mul_3_add_2->mul_9,mul_3_add_2,mul_9,27,0.0,0.0,1.0
arith,mul_3_add_2->mul_4_add_7,mul_3_add_2,mul_4_add_7,0,0.0,0.0,1.0
arith,mul_3_add_2->mul_4_add_7,mul_3_add_2,mul_4_add_7,1,0.0,0.0,1.0
arith,mul_3_add_2->mul_4_add_7,mul_3_add_2,mul_4_add_7,2,0.0,0.0,1.0
arith,mul_3_add_2->mul_4_add_7,mul_3_add_2,mul_4_add_7,3,0.0,0.0,1.0
arith,mul_3_add_2->mul_4_add_7,mul_3_add_2,mul_4_add_7,4,0.0,0.0,1.0
arith,mul_3_add_2->mul_4_add_7,mul_3_add_2,mul_4_add_7,5,0.0,0.0,1.0
arith,mul_3_add_2->mul_4_add_7,mul_3_add_2,mul_4_add_7,6,0.0,0.0,1.0
arith,mul_3_add_2->mul_4_add_7,mul_3_add_2,mul_4_add_7,7,0.0,0.0,1.0
arith,mul_3_add_2->mul_4_add_7,mul_3_add_2,mul_4_add_7,8,0.0,0.0,1.0
arith,mul_3_add_2->mul_4_add_7,mul_3_add_2,mul_4_add_7,9,0.0,0.0,1.0
arith,mul_3_add_2->mul_4_add_7,mul_3_add_2,mul_4_add_7,10,0.0,0.0,1.0
arith,mul_3_add_2->mul_4_add_7,mul_3_add_2,mul_4_add_7,11,0.0,0.0,1.0
arith,mul_3_add_2->mul_4_add_7,mul_3_add_2,mul_4_add_7,12,0.0,0.0,1.0
arith,mul_3_add_2->mul_4_add_7,mul_3_add_2,mul_4_add_7,13,0.0,0.0,1.0
arith,mul_3_add_2->mul_4_add_7,mul_3_add_2,mul_4_add_7,14,0.0,0.0,1.0
arith,mul_3_add_2->mul_4_add_7,mul_3_add_2,mul_4_add_7,15,0.0,0.0,1.0
arith,mul_3_add_2->mul_4_add_7,mul_3_add_2,mul_4_add_7,16,0.0,0.0,1.0
arith,mul_3_add_2->mul_4_add_7,mul_3_add_2,mul_4_add_7,17,0.0,0.0,1.0
arith,mul_3_add_2->mul_4_add_7,mul_3_add_2,mul_4_add_7,18,0.0,0.0,1.0
arith,mul_3_add_2->mul_4_add_7,mul_3_add_2,mul_4_add_7,19,0.0,0.0,1.0
arith,mul_3_add_2->mul_4_add_7,mul_3_add_2,mul_4_add_7,20,0.0,0.0,1.0
arith,mul_3_add_2->mul_4_add_7,mul_3_add_2,mul_4_add_7,21,0.0,0.0,1.0
arith,mul_3_add_2->mul_4_add_7,mul_3_add_2,mul_4_add_7,22,0.0,0.0,1.0
arith,mul_3_add_2->mul_4_add_7,mul_3_add_2,mul_4_add_7,23,0.0,0.0,1.0
arith,mul_3_add_2->mul_4_add_7,mul_3_add_2,mul_4_add_7,24,0.0,0.0,1.0
arith,mul_3_add_2->mul_4_add_7,mul_3_add_2,mul_4_add_7,25,0.0,0.0,1.0
arith,mul_3_add_2->mul_4_add_7,mul_3_add_2,mul_4_add_7,26,0.0,0.0,1.0
arith,mul_3_add_2->mul_4_add_7,mul_3_add_2,mul_4_add_7,27,0.0,0.0,1.0
arith,mul_3_add_2->mul_2_add_1,mul_3_add_2,mul_2_add_1,0,0.0,0.0,1.0
arith,mul_3_add_2->mul_2_add_1,mul_3_add_2,mul_2_add_1,1,0.0,0.0,1.0
arith,mul_3_add_2->mul_2_add_1,mul_3_add_2,mul_2_add_1,2,0.0,0.0,1.0
arith,mul_3_add_2->mul_2_add_1,mul_3_add_2,mul_2_add_1,3,0.0,0.0,1.0
arith,mul_3_add_2->mul_2_add_1,mul_3_add_2,mul_2_add_1,4,0.0,0.0,1.0
arith,mul_3_add_2->mul_2_add_1,mul_3_add_2,mul_2_add_1,5,0.0,0.0,1.0
arith,mul_3_add_2->mul_2_add_1,mul_3_add_2,mul_2_add_1,6,0.0,0.0,1.0
arith,mul_3_add_2->mul_2_add_1,mul_3_add_2,mul_2_add_1,7,0.0,0.0,1.0
arith,mul_3_add_2->mul_2_add_1,mul_3_add_2,mul_2_add_1,8,0.0,0.0,1.0
arith,mul_3_add_2->mul_2_add_1,mul_3_add_2,mul_2_add_1,9,0.0,0.0,1.0
arith,mul_3_add_2->mul_2_add_1,mul_3_add_2,mul_2_add_1,10,0.0,0.0,1.0
arith,mul_3_add_2->mul_2_add_1,mul_3_add_2,mul_2_add_1,11,0.0,0.0,1.0
arith,mul_3_add_2->mul_2_add_1,mul_3_add_2,mul_2_add_1,12,0.0,0.0,1.0
arith,mul_3_add_2->mul_2_add_1,mul_3_add_2,mul_2_add_1,13,0.0,0.0,1.0
arith,mul_3_add_2->mul_2_add_1,mul_3_add_2,mul_2_add_1,14,0.0,0.0,1.0
arith,mul_3_add_2->mul_2_add_1,mul_3_add_2,mul_2_add_1,15,0.0,0.0,1.0
arith,mul_3_add_2->mul_2_add_1,mul_3_add_2,mul_2_add_1,16,0.0,0.0,1.0
arith,mul_3_add_2->mul_2_add_1,mul_3_add_2,mul_2_add_1,17,0.0,0.0,1.0
arith,mul_3_add_2->mul_2_add_1,mul_3_add_2,mul_2_add_1,18,0.0,0.0,1.0
arith,mul_3_add_2->mul_2_add_1,mul_3_add_2,mul_2_add_1,19,0.0,0.0,1.0
arith,mul_3_add_2->mul_2_add_1,mul_3_add_2,mul_2_add_1,20,0.0,0.0,1.0
arith,mul_3_add_2->mul_2_add_1,mul_3_add_2,mul_2_add_1,21,0.0,0.0,1.0
arith,mul_3_add_2->mul_2_add_1,mul_3_add_2,mul_2_add_1,22,0.0,0.0,1.0
arith,mul_3_add_2->mul_2_add_1,mul_3_add_2,mul_2_add_1,23,0.0,0.0,1.0
arith,mul_3_add_2->mul_2_add_1,mul_3_add_2,mul_2_add_1,24,0.0,0.0,1.0
arith,mul_3_add_2->mul_2_add_1,mul_3_add_2,mul_2_add_1,25,0.0,0.0,1.0
arith,mul_3_add_2->mul_2_add_1,mul_3_add_2,mul_2_add_1,26,0.0,0.0,1.0
arith,mul_3_add_2->mul_2_add_1,mul_3_add_2,mul_2_add_1,27,0.0,0.0,1.0
arith,mul_3_add_2->mul_2_sub_1,mul_3_add_2,mul_2_sub_1,0,0.0,0.0,1.0
arith,mul_3_add_2->mul_2_sub_1,mul_3_add_2,mul_2_sub_1,1,0.0,0.0,1.0
arith,mul_3_add_2->mul_2_sub_1,mul_3_add_2,mul_2_sub_1,2,0.0,0.0,1.0
arith,mul_3_add_2->mul_2_sub_1,mul_3_add_2,mul_2_sub_1,3,0.0,0.0,1.0
arith,mul_3_add_2->mul_2_sub_1,mul_3_add_2,mul_2_sub_1,4,0.0,0.0,1.0
arith,mul_3_add_2->mul_2_sub_1,mul_3_add_2,mul_2_sub_1,5,0.0,0.0,1.0
arith,mul_3_add_2->mul_2_sub_1,mul_3_add_2,mul_2_sub_1,6,0.0,0.0,1.0
arith,mul_3_add_2->mul_2_sub_1,mul_3_add_2,mul_2_sub_1,7,0.0,0.0,1.0
arith,mul_3_add_2->mul_2_sub_1,mul_3_add_2,mul_2_sub_1,8,0.0,0.0,1.0
arith,mul_3_add_2->mul_2_sub_1,mul_3_add_2,mul_2_sub_1,9,0.0,0.0,1.0
arith,mul_3_add_2->mul_2_sub_1,mul_3_add_2,mul_2_sub_1,10,0.0,0.0,1.0
arith,mul_3_add_2->mul_2_sub_1,mul_3_add_2,mul_2_sub_1,11,0.0,0.0,1.0
arith,mul_3_add_2->mul_2_sub_1,mul_3_add_2,mul_2_sub_1,12,0.0,0.0,1.0
arith,mul_3_add_2->mul_2_sub_1,mul_3_add_2,mul_2_sub_1,13,0.0,0.0,1.0
arith,mul_3_add_2->mul_2_sub_1,mul_3_add_2,mul_2_sub_1,14,0.0,0.0,1.0
arith,mul_3_add_2->mul_2_sub_1,mul_3_add_2,mul_2_sub_1,15,0.0,0.0,1.0
arith,mul_3_add_2->mul_2_sub_1,mul_3_add_2,mul_2_sub_1,16,0.0,0.0,1.0
arith,mul_3_add_2->mul_2_sub_1,mul_3_add_2,mul_2_sub_1,17,0.0,0.0,1.0
arith,mul_3_add_2->mul_2_sub_1,mul_3_add_2,mul_2_sub_1,18,0.0,0.0,1.0
arith,mul_3_add_2->mul_2_sub_1,mul_3_add_2,mul_2_sub_1,19,0.0,0.0,1.0
arith,mul_3_add_2->mul_2_sub_1,mul_3_add_2,mul_2_sub_1,20,0.0,0.0,1.0
arith,mul_3_add_2->mul_2_sub_1,mul_3_add_2,mul_2_sub_1,21,0.0,0.0,1.0
arith,mul_3_add_2->mul_2_sub_1,mul_3_add_2,mul_2_sub_1,22,0.0,0.0,1.0
arith,mul_3_add_2->mul_2_sub_1,mul_3_add_2,mul_2_sub_1,23,0.0,0.0,1.0
arith,mul_3_add_2->mul_2_sub_1,mul_3_add_2,mul_2_sub_1,24,0.0,0.0,1.0
arith,mul_3_add_2->mul_2_sub_1,mul_3_add_2,mul_2_sub_1,25,0.0,0.0,1.0
arith,mul_3_add_2->mul_2_sub_1,mul_3_add_2,mul_2_sub_1,26,0.0,0.0,1.0
arith,mul_3_add_2->mul_2_sub_1,mul_3_add_2,mul_2_sub_1,27,0.0,0.0,1.0
arith,mul_2_sub_1->add_3,mul_2_sub_1,add_3,0,0.0,0.0,1.0
arith,mul_2_sub_1->add_3,mul_2_sub_1,add_3,1,0.0,0.0,1.0
arith,mul_2_sub_1->add_3,mul_2_sub_1,add_3,2,0.0,0.0,1.0
arith,mul_2_sub_1->add_3,mul_2_sub_1,add_3,3,0.0,0.0,1.0
arith,mul_2_sub_1->add_3,mul_2_sub_1,add_3,4,0.0,0.0,1.0
arith,mul_2_sub_1->add_3,mul_2_sub_1,add_3,5,0.0,0.0,1.0
arith,mul_2_sub_1->add_3,mul_2_sub_1,add_3,6,0.0,0.0,1.0
arith,mul_2_sub_1->add_3,mul_2_sub_1,add_3,7,0.0,0.0,1.0
arith,mul_2_sub_1->add_3,mul_2_sub_1,add_3,8,0.0,0.0,1.0
arith,mul_2_sub_1->add_3,mul_2_sub_1,add_3,9,0.0,0.0,1.0
arith,mul_2_sub_1->add_3,mul_2_sub_1,add_3,10,0.0,0.0,1.0
arith,mul_2_sub_1->add_3,mul_2_sub_1,add_3,11,0.0,0.0,1.0
arith,mul_2_sub_1->add_3,mul_2_sub_1,add_3,12,0.0,0.0,1.0
arith,mul_2_sub_1->add_3,mul_2_sub_1,add_3,13,0.0,0.0,1.0
arith,mul_2_sub_1->add_3,mul_2_sub_1,add_3,14,0.0,0.0,1.0
arith,mul_2_sub_1->add_3,mul_2_sub_1,add_3,15,0.0,0.0,1.0
arith,mul_2_sub_1->add_3,mul_2_sub_1,add_3,16,0.0,0.0,1.0
arith,mul_2_sub_1->add_3,mul_2_sub_1,add_3,17,0.0,0.0,1.0
arith,mul_2_sub_1->add_3,mul_2_sub_1,add_3,18,0.0,0.0,1.0
arith,mul_2_sub_1->add_3,mul_2_sub_1,add_3,19,0.0,0.0,1.0
arith,mul_2_sub_1->add_3,mul_2_sub_1,add_3,20,0.0,0.0,1.0
arith,mul_2_sub_1->add_3,mul_2_sub_1,add_3,21,0.0,0.0,1.0
arith,mul_2_sub_1->add_3,mul_2_sub_1,add_3,22,0.0,0.0,1.0
arith,mul_2_sub_1->add_3,mul_2_sub_1,add_3,23,0.0,0.0,1.0
arith,mul_2_sub_1->add_3,mul_2_sub_1,add_3,24,0.0,0.0,1.0
arith,mul_2_sub_1->add_3,mul_2_sub_1,add_3,25,0.0,0.0,1.0
arith,mul_2_sub_1->add_3,mul_2_sub_1,add_3,26,0.0,0.0,1.0
arith,mul_2_sub_1->add_3,mul_2_sub_1,add_3,27,0.0,0.0,1.0
arith,mul_2_sub_1->add_7,mul_2_sub_1,add_7,0,0.0,0.0,1.0
arith,mul_2_sub_1->add_7,mul_2_sub_1,add_7,1,0.0,0.0,1.0
arith,mul_2_sub_1->add_7,mul_2_sub_1,add_7,2,0.0,0.0,1.0
arith,mul_2_sub_1->add_7,mul_2_sub_1,add_7,3,0.0,0.0,1.0
arith,mul_2_sub_1->add_7,mul_2_sub_1,add_7,4,0.0,0.0,1.0
arith,mul_2_sub_1->add_7,mul_2_sub_1,add_7,5,0.0,0.0,1.0
arith,mul_2_sub_1->add_7,mul_2_sub_1,add_7,6,0.0,0.0,1.0
arith,mul_2_sub_1->add_7,mul_2_sub_1,add_7,7,0.0,0.0,1.0
arith,mul_2_sub_1->add_7,mul_2_sub_1,add_7,8,0.0,0.0,1.0
arith,mul_2_sub_1->add_7,mul_2_sub_1,add_7,9,0.0,0.0,1.0
arith,mul_2_sub_1->add_7,mul_2_sub_1,add_7,10,0.0,0.0,1.0
arith,mul_2_sub_1->add_7,mul_2_sub_1,add_7,11,0.0,0.0,1.0
arith,mul_2_sub_1->add_7,mul_2_sub_1,add_7,12,0.0,0.0,1.0
arith,mul_2_sub_1->add_7,mul_2_sub_1,add_7,13,0.0,0.0,1.0
arith,mul_2_sub_1->add_7,mul_2_sub_1,add_7,14,0.0,0.0,1.0
arith,mul_2_sub_1->add_7,mul_2_sub_1,add_7,15,0.0,0.0,1.0
arith,mul_2_sub_1->add_7,mul_2_sub_1,add_7,16,0.0,0.0,1.0
arith,mul_2_sub_1->add_7,mul_2_sub_1,add_7,17,0.0,0.0,1.0
arith,mul_2_sub_1->add_7,mul_2_sub_1,add_7,18,0.0,0.0,1.0
arith,mul_2_sub_1->add_7,mul_2_sub_1,add_7,19,0.0,0.0,1.0
arith,mul_2_sub_1->add_7,mul_2_sub_1,add_7,20,0.0,0.0,1.0
arith,mul_2_sub_1->add_7,mul_2_sub_1,add_7,21,0.0,0.0,1.0
arith,mul_2_sub_1->add_7,mul_2_sub_1,add_7,22,0.0,0.0,1.0
arith,mul_2_sub_1->add_7,mul_2_sub_1,add_7,23,0.0,0.0,1.0
arith,mul_2_sub_1->add_7,mul_2_sub_1,add_7,24,0.0,0.0,1.0
arith,mul_2_sub_1->add_7,mul_2_sub_1,add_7,25,0.0,0.0,1.0
arith,mul_2_sub_1->add_7,mul_2_sub_1,add_7,26,0.0,0.0,1.0
arith,mul_2_sub_1->add_7,mul_2_sub_1,add_7,27,0.0,0.0,1.0
arith,mul_2_sub_1->add_13,mul_2_sub_1,add_13,0,0.0,0.0,1.0
arith,mul_2_sub_1->add_13,mul_2_sub_1,add_13,1,0.0,0.0,1.0
arith,mul_2_sub_1->add_13,mul_2_sub_1,add_13,2,0.0,0.0,1.0
arith,mul_2_sub_1->add_13,mul_2_sub_1,add_13,3,0.0,0.0,1.0
arith,mul_2_sub_1->add_13,mul_2_sub_1,add_13,4,0.0,0.0,1.0
arith,mul_2_sub_1->add_13,mul_2_sub_1,add_13,5,0.0,0.0,1.0
arith,mul_2_sub_1->add_13,mul_2_sub_1,add_13,6,0.0,0.0,1.0
arith,mul_2_sub_1->add_13,mul_2_sub_1,add_13,7,0.0,0.0,1.0
arith,mul_2_sub_1->add_13,mul_2_sub_1,add_13,8,0.0,0.0,1.0
arith,mul_2_sub_1->add_13,mul_2_sub_1,add_13,9,0.0,0.0,1.0
arith,mul_2_sub_1->add_13,mul_2_sub_1,add_13,10,0.0,0.0,1.0
arith,mul_2_sub_1->add_13,mul_2_sub_1,add_13,11,0.0,0.0,1.0
arith,mul_2_sub_1->add_13,mul_2_sub_1,add_13,12,0.0,0.0,1.0
arith,mul_2_sub_1->add_13,mul_2_sub_1,add_13,13,0.0,0.0,1.0
arith,mul_2_sub_1->add_13,mul_2_sub_1,add_13,14,0.0,0.0,1.0
arith,mul_2_sub_1->add_13,mul_2_sub_1,add_13,15,0.0,0.0,1.0
arith,mul_2_sub_1->add_13,mul_2_sub_1,add_13,16,0.0,0.0,1.0
arith,mul_2_sub_1->add_13,mul_2_sub_1,add_13,17,0.0,0.0,1.0
arith,mul_2_sub_1->add_13,mul_2_sub_1,add_13,18,0.0,0.0,1.0
arith,mul_2_sub_1->add_13,mul_2_sub_1,add_13,19,0.0,0.0,1.0
arith,mul_2_sub_1->add_13,mul_2_sub_1,add_13,20,0.0,0.0,1.0
arith,mul_2_sub_1->add_13,mul_2_sub_1,add_13,21,0.0,0.0,1.0
arith,mul_2_sub_1->add_13,mul_2_sub_1,add_13,22,0.0,0.0,1.0
arith,mul_2_sub_1->add_13,mul_2_sub_1,add_13,23,0.0,0.0,1.0
arith,mul_2_sub_1->add_13,mul_2_sub_1,add_13,24,0.0,0.0,1.0
arith,mul_2_sub_1->add_13,mul_2_sub_1,add_13,25,0.0,0.0,1.0
arith,mul_2_sub_1->add_13,mul_2_sub_1,add_13,26,0.0,0.0,1.0
arith,mul_2_sub_1->add_13,mul_2_sub_1,add_13,27,0.0,0.0,1.0
arith,mul_2_sub_1->mul_5,mul_2_sub_1,mul_5,0,0.0,0.0,1.0
arith,mul_2_sub_1->mul_5,mul_2_sub_1,mul_5,1,0.0,0.0,1.0
arith,mul_2_sub_1->mul_5,mul_2_sub_1,mul_5,2,0.0,0.0,1.0
arith,mul_2_sub_1->mul_5,mul_2_sub_1,mul_5,3,0.0,0.0,1.0
arith,mul_2_sub_1->mul_5,mul_2_sub_1,mul_5,4,0.0,0.0,1.0
arith,mul_2_sub_1->mul_5,mul_2_sub_1,mul_5,5,0.0,0.0,1.0
arith,mul_2_sub_1->mul_5,mul_2_sub_1,mul_5,6,0.0,0.0,1.0
arith,mul_2_sub_1->mul_5,mul_2_sub_1,mul_5,7,0.0,0.0,1.0
arith,mul_2_sub_1->mul_5,mul_2_sub_1,mul_5,8,0.0,0.0,1.0
arith,mul_2_sub_1->mul_5,mul_2_sub_1,mul_5,9,0.0,0.0,1.0
arith,mul_2_sub_1->mul_5,mul_2_sub_1,mul_5,10,0.0,0.0,1.0
arith,mul_2_sub_1->mul_5,mul_2_sub_1,mul_5,11,0.0,0.0,1.0
arith,mul_2_sub_1->mul_5,mul_2_sub_1,mul_5,12,0.0,0.0,1.0
arith,mul_2_sub_1->mul_5,mul_2_sub_1,mul_5,13,0.0,0.0,1.0
arith,mul_2_sub_1->mul_5,mul_2_sub_1,mul_5,14,0.0,0.0,1.0
arith,mul_2_sub_1->mul_5,mul_2_sub_1,mul_5,15,0.0,0.0,1.0
arith,mul_2_sub_1->mul_5,mul_2_sub_1,mul_5,16,0.0,0.0,1.0
arith,mul_2_sub_1->mul_5,mul_2_sub_1,mul_5,17,0.0,0.0,1.0
arith,mul_2_sub_1->mul_5,mul_2_sub_1,mul_5,18,0.0,0.0,1.0
arith,mul_2_sub_1->mul_5,mul_2_sub_1,mul_5,19,0.0,0.0,1.0
arith,mul_2_sub_1->mul_5,mul_2_sub_1,mul_5,20,0.0,0.0,1.0
arith,mul_2_sub_1->mul_5,mul_2_sub_1,mul_5,21,0.0,0.0,1.0
arith,mul_2_sub_1->mul_5,mul_2_sub_1,mul_5,22,0.0,0.0,1.0
arith,mul_2_sub_1->mul_5,mul_2_sub_1,mul_5,23,0.0,0.0,1.0
arith,mul_2_sub_1->mul_5,mul_2_sub_1,mul_5,24,0.0,0.0,1.0
arith,mul_2_sub_1->mul_5,mul_2_sub_1,mul_5,25,0.0,0.0,1.0
arith,mul_2_sub_1->mul_5,mul_2_sub_1,mul_5,26,0.0,0.0,1.0
arith,mul_2_sub_1->mul_5,mul_2_sub_1,mul_5,27,0.0,0.0,1.0
arith,mul_2_sub_1->mul_7,mul_2_sub_1,mul_7,0,0.0,0.0,1.0
arith,mul_2_sub_1->mul_7,mul_2_sub_1,mul_7,1,0.0,0.0,1.0
arith,mul_2_sub_1->mul_7,mul_2_sub_1,mul_7,2,0.0,0.0,1.0
arith,mul_2_sub_1->mul_7,mul_2_sub_1,mul_7,3,0.0,0.0,1.0
arith,mul_2_sub_1->mul_7,mul_2_sub_1,mul_7,4,0.0,0.0,1.0
arith,mul_2_sub_1->mul_7,mul_2_sub_1,mul_7,5,0.0,0.0,1.0
arith,mul_2_sub_1->mul_7,mul_2_sub_1,mul_7,6,0.0,0.0,1.0
arith,mul_2_sub_1->mul_7,mul_2_sub_1,mul_7,7,0.0,0.0,1.0
arith,mul_2_sub_1->mul_7,mul_2_sub_1,mul_7,8,0.0,0.0,1.0
arith,mul_2_sub_1->mul_7,mul_2_sub_1,mul_7,9,0.0,0.0,1.0
arith,mul_2_sub_1->mul_7,mul_2_sub_1,mul_7,10,0.0,0.0,1.0
arith,mul_2_sub_1->mul_7,mul_2_sub_1,mul_7,11,0.0,0.0,1.0
arith,mul_2_sub_1->mul_7,mul_2_sub_1,mul_7,12,0.0,0.0,1.0
arith,mul_2_sub_1->mul_7,mul_2_sub_1,mul_7,13,0.0,0.0,1.0
arith,mul_2_sub_1->mul_7,mul_2_sub_1,mul_7,14,0.0,0.0,1.0
arith,mul_2_sub_1->mul_7,mul_2_sub_1,mul_7,15,0.0,0.0,1.0
arith,mul_2_sub_1->mul_7,mul_2_sub_1,mul_7,16,0.0,0.0,1.0
arith,mul_2_sub_1->mul_7,mul_2_sub_1,mul_7,17,0.0,0.0,1.0
arith,mul_2_sub_1->mul_7,mul_2_sub_1,mul_7,18,0.0,0.0,1.0
arith,mul_2_sub_1->mul_7,mul_2_sub_1,mul_7,19,0.0,0.0,1.0
arith,mul_2_sub_1->mul_7,mul_2_sub_1,mul_7,20,0.0,0.0,1.0
arith,mul_2_sub_1->mul_7,mul_2_sub_1,mul_7,21,0.0,0.0,1.0
arith,mul_2_sub_1->mul_7,mul_2_sub_1,mul_7,22,0.0,0.0,1.0
arith,mul_2_sub_1->mul_7,mul_2_sub_1,mul_7,23,0.0,0.0,1.0
arith,mul_2_sub_1->mul_7,mul_2_sub_1,mul_7,24,0.0,0.0,1.0
arith,mul_2_sub_1->mul_7,mul_2_sub_1,mul_7,25,0.0,0.0,1.0
arith,mul_2_sub_1->mul_7,mul_2_sub_1,mul_7,26,0.0,0.0,1.0
arith,mul_2_sub_1->mul_7,mul_2_sub_1,mul_7,27,0.0,0.0,1.0
arith,mul_2_sub_1->mul_9,mul_2_sub_1,mul_9,0,0.0,0.0,1.0
arith,mul_2_sub_1->mul_9,mul_2_sub_1,mul_9,1,0.0,0.0,1.0
arith,mul_2_sub_1->mul_9,mul_2_sub_1,mul_9,2,0.0,0.0,1.0
arith,mul_2_sub_1->mul_9,mul_2_sub_1,mul_9,3,0.0,0.0,1.0
arith,mul_2_sub_1->mul_9,mul_2_sub_1,mul_9,4,0.0,0.0,1.0
arith,mul_2_sub_1->mul_9,mul_2_sub_1,mul_9,5,0.0,0.0,1.0
arith,mul_2_sub_1->mul_9,mul_2_sub_1,mul_9,6,0.0,0.0,1.0
arith,mul_2_sub_1->mul_9,mul_2_sub_1,mul_9,7,0.0,0.0,1.0
arith,mul_2_sub_1->mul_9,mul_2_sub_1,mul_9,8,0.0,0.0,1.0
arith,mul_2_sub_1->mul_9,mul_2_sub_1,mul_9,9,0.0,0.0,1.0
arith,mul_2_sub_1->mul_9,mul_2_sub_1,mul_9,10,0.0,0.0,1.0
arith,mul_2_sub_1->mul_9,mul_2_sub_1,mul_9,11,0.0,0.0,1.0
arith,mul_2_sub_1->mul_9,mul_2_sub_1,mul_9,12,0.0,0.0,1.0
arith,mul_2_sub_1->mul_9,mul_2_sub_1,mul_9,13,0.0,0.0,1.0
arith,mul_2_sub_1->mul_9,mul_2_sub_1,mul_9,14,0.0,0.0,1.0
arith,mul_2_sub_1->mul_9,mul_2_sub_1,mul_9,15,0.0,0.0,1.0
arith,mul_2_sub_1->mul_9,mul_2_sub_1,mul_9,16,0.0,0.0,1.0
arith,mul_2_sub_1->mul_9,mul_2_sub_1,mul_9,17,0.0,0.0,1.0
arith,mul_2_sub_1->mul_9,mul_2_sub_1,mul_9,18,0.0,0.0,1.0
arith,mul_2_sub_1->mul_9,mul_2_sub_1,mul_9,19,0.0,0.0,1.0
arith,mul_2_sub_1->mul_9,mul_2_sub_1,mul_9,20,0.0,0.0,1.0
arith,mul_2_sub_1->mul_9,mul_2_sub_1,mul_9,21,0.0,0.0,1.0
arith,mul_2_sub_1->mul_9,mul_2_sub_1,mul_9,22,0.0,0.0,1.0
arith,mul_2_sub_1->mul_9,mul_2_sub_1,mul_9,23,0.0,0.0,1.0
arith,mul_2_sub_1->mul_9,mul_2_sub_1,mul_9,24,0.0,0.0,1.0
arith,mul_2_sub_1->mul_9,mul_2_sub_1,mul_9,25,0.0,0.0,1.0
arith,mul_2_sub_1->mul_9,mul_2_sub_1,mul_9,26,0.0,0.0,1.0
arith,mul_2_sub_1->mul_9,mul_2_sub_1,mul_9,27,0.0,0.0,1.0
arith,mul_2_sub_1->mul_4_add_7,mul_2_sub_1,mul_4_add_7,0,0.0,0.0,1.0
arith,mul_2_sub_1->mul_4_add_7,mul_2_sub_1,mul_4_add_7,1,0.0,0.0,1.0
arith,mul_2_sub_1->mul_4_add_7,mul_2_sub_1,mul_4_add_7,2,0.0,0.0,1.0
arith,mul_2_sub_1->mul_4_add_7,mul_2_sub_1,mul_4_add_7,3,0.0,0.0,1.0
arith,mul_2_sub_1->mul_4_add_7,mul_2_sub_1,mul_4_add_7,4,0.0,0.0,1.0
arith,mul_2_sub_1->mul_4_add_7,mul_2_sub_1,mul_4_add_7,5,0.0,0.0,1.0
arith,mul_2_sub_1->mul_4_add_7,mul_2_sub_1,mul_4_add_7,6,0.0,0.0,1.0
arith,mul_2_sub_1->mul_4_add_7,mul_2_sub_1,mul_4_add_7,7,0.0,0.0,1.0
arith,mul_2_sub_1->mul_4_add_7,mul_2_sub_1,mul_4_add_7,8,0.0,0.0,1.0
arith,mul_2_sub_1->mul_4_add_7,mul_2_sub_1,mul_4_add_7,9,0.0,0.0,1.0
arith,mul_2_sub_1->mul_4_add_7,mul_2_sub_1,mul_4_add_7,10,0.0,0.0,1.0
arith,mul_2_sub_1->mul_4_add_7,mul_2_sub_1,mul_4_add_7,11,0.0,0.0,1.0
arith,mul_2_sub_1->mul_4_add_7,mul_2_sub_1,mul_4_add_7,12,0.0,0.0,1.0
arith,mul_2_sub_1->mul_4_add_7,mul_2_sub_1,mul_4_add_7,13,0.0,0.0,1.0
arith,mul_2_sub_1->mul_4_add_7,mul_2_sub_1,mul_4_add_7,14,0.0,0.0,1.0
arith,mul_2_sub_1->mul_4_add_7,mul_2_sub_1,mul_4_add_7,15,0.0,0.0,1.0
arith,mul_2_sub_1->mul_4_add_7,mul_2_sub_1,mul_4_add_7,16,0.0,0.0,1.0
arith,mul_2_sub_1->mul_4_add_7,mul_2_sub_1,mul_4_add_7,17,0.0,0.0,1.0
arith,mul_2_sub_1->mul_4_add_7,mul_2_sub_1,mul_4_add_7,18,0.0,0.0,1.0
arith,mul_2_sub_1->mul_4_add_7,mul_2_sub_1,mul_4_add_7,19,0.0,0.0,1.0
arith,mul_2_sub_1->mul_4_add_7,mul_2_sub_1,mul_4_add_7,20,0.0,0.0,1.0
arith,mul_2_sub_1->mul_4_add_7,mul_2_sub_1,mul_4_add_7,21,0.0,0.0,1.0
arith,mul_2_sub_1->mul_4_add_7,mul_2_sub_1,mul_4_add_7,22,0.0,0.0,1.0
arith,mul_2_sub_1->mul_4_add_7,mul_2_sub_1,mul_4_add_7,23,0.0,0.0,1.0
arith,mul_2_sub_1->mul_4_add_7,mul_2_sub_1,mul_4_add_7,24,0.0,0.0,1.0
arith,mul_2_sub_1->mul_4_add_7,mul_2_sub_1,mul_4_add_7,25,0.0,0.0,1.0
arith,mul_2_sub_1->mul_4_add_7,mul_2_sub_1,mul_4_add_7,26,0.0,0.0,1.0
arith,mul_2_sub_1->mul_4_add_7,mul_2_sub_1,mul_4_add_7,27,0.0,0.0,1.0
arith,mul_2_sub_1->mul_2_add_1,mul_2_sub_1,mul_2_add_1,0,0.0,0.0,1.0
arith,mul_2_sub_1->mul_2_add_1,mul_2_sub_1,mul_2_add_1,1,0.0,0.0,1.0
arith,mul_2_sub_1->mul_2_add_1,mul_2_sub_1,mul_2_add_1,2,0.0,0.0,1.0
arith,mul_2_sub_1->mul_2_add_1,mul_2_sub_1,mul_2_add_1,3,0.0,0.0,1.0
arith,mul_2_sub_1->mul_2_add_1,mul_2_sub_1,mul_2_add_1,4,0.0,0.0,1.0
arith,mul_2_sub_1->mul_2_add_1,mul_2_sub_1,mul_2_add_1,5,0.0,0.0,1.0
arith,mul_2_sub_1->mul_2_add_1,mul_2_sub_1,mul_2_add_1,6,0.0,0.0,1.0
arith,mul_2_sub_1->mul_2_add_1,mul_2_sub_1,mul_2_add_1,7,0.0,0.0,1.0
arith,mul_2_sub_1->mul_2_add_1,mul_2_sub_1,mul_2_add_1,8,0.0,0.0,1.0
arith,mul_2_sub_1->mul_2_add_1,mul_2_sub_1,mul_2_add_1,9,0.0,0.0,1.0
arith,mul_2_sub_1->mul_2_add_1,mul_2_sub_1,mul_2_add_1,10,0.0,0.0,1.0
arith,mul_2_sub_1->mul_2_add_1,mul_2_sub_1,mul_2_add_1,11,0.0,0.0,1.0
arith,mul_2_sub_1->mul_2_add_1,mul_2_sub_1,mul_2_add_1,12,0.0,0.0,1.0
arith,mul_2_sub_1->mul_2_add_1,mul_2_sub_1,mul_2_add_1,13,0.0,0.0,1.0
arith,mul_2_sub_1->mul_2_add_1,mul_2_sub_1,mul_2_add_1,14,0.0,0.0,1.0
arith,mul_2_sub_1->mul_2_add_1,mul_2_sub_1,mul_2_add_1,15,0.0,0.0,1.0
arith,mul_2_sub_1->mul_2_add_1,mul_2_sub_1,mul_2_add_1,16,0.0,0.0,1.0
arith,mul_2_sub_1->mul_2_add_1,mul_2_sub_1,mul_2_add_1,17,0.0,0.0,1.0
arith,mul_2_sub_1->mul_2_add_1,mul_2_sub_1,mul_2_add_1,18,0.0,0.0,1.0
arith,mul_2_sub_1->mul_2_add_1,mul_2_sub_1,mul_2_add_1,19,0.0,0.0,1.0
arith,mul_2_sub_1->mul_2_add_1,mul_2_sub_1,mul_2_add_1,20,0.0,0.0,1.0
arith,mul_2_sub_1->mul_2_add_1,mul_2_sub_1,mul_2_add_1,21,0.0,0.0,1.0
arith,mul_2_sub_1->mul_2_add_1,mul_2_sub_1,mul_2_add_1,22,0.0,0.0,1.0
arith,mul_2_sub_1->mul_2_add_1,mul_2_sub_1,mul_2_add_1,23,0.0,0.0,1.0
arith,mul_2_sub_1->mul_2_add_1,mul_2_sub_1,mul_2_add_1,24,0.0,0.0,1.0
arith,mul_2_sub_1->mul_2_add_1,mul_2_sub_1,mul_2_add_1,25,0.0,0.0,1.0
arith,mul_2_sub_1->mul_2_add_1,mul_2_sub_1,mul_2_add_1,26,0.0,0.0,1.0
arith,mul_2_sub_1->mul_2_add_1,mul_2_sub_1,mul_2_add_1,27,0.0,0.0,1.0
arith,mul_2_sub_1->mul_3_add_2,mul_2_sub_1,mul_3_add_2,0,0.0,0.0,1.0
arith,mul_2_sub_1->mul_3_add_2,mul_2_sub_1,mul_3_add_2,1,0.0,0.0,1.0
arith,mul_2_sub_1->mul_3_add_2,mul_2_sub_1,mul_3_add_2,2,0.0,0.0,1.0
arith,mul_2_sub_1->mul_3_add_2,mul_2_sub_1,mul_3_add_2,3,0.0,0.0,1.0
arith,mul_2_sub_1->mul_3_add_2,mul_2_sub_1,mul_3_add_2,4,0.0,0.0,1.0
arith,mul_2_sub_1->mul_3_add_2,mul_2_sub_1,mul_3_add_2,5,0.0,0.0,1.0
arith,mul_2_sub_1->mul_3_add_2,mul_2_sub_1,mul_3_add_2,6,0.0,0.0,1.0
arith,mul_2_sub_1->mul_3_add_2,mul_2_sub_1,mul_3_add_2,7,0.0,0.0,1.0
arith,mul_2_sub_1->mul_3_add_2,mul_2_sub_1,mul_3_add_2,8,0.0,0.0,1.0
arith,mul_2_sub_1->mul_3_add_2,mul_2_sub_1,mul_3_add_2,9,0.0,0.0,1.0
arith,mul_2_sub_1->mul_3_add_2,mul_2_sub_1,mul_3_add_2,10,0.0,0.0,1.0
arith,mul_2_sub_1->mul_3_add_2,mul_2_sub_1,mul_3_add_2,11,0.0,0.0,1.0
arith,mul_2_sub_1->mul_3_add_2,mul_2_sub_1,mul_3_add_2,12,0.0,0.0,1.0
arith,mul_2_sub_1->mul_3_add_2,mul_2_sub_1,mul_3_add_2,13,0.0,0.0,1.0
arith,mul_2_sub_1->mul_3_add_2,mul_2_sub_1,mul_3_add_2,14,0.0,0.0,1.0
arith,mul_2_sub_1->mul_3_add_2,mul_2_sub_1,mul_3_add_2,15,0.0,0.0,1.0
arith,mul_2_sub_1->mul_3_add_2,mul_2_sub_1,mul_3_add_2,16,0.0,0.0,1.0
arith,mul_2_sub_1->mul_3_add_2,mul_2_sub_1,mul_3_add_2,17,0.0,0.0,1.0
arith,mul_2_sub_1->mul_3_add_2,mul_2_sub_1,mul_3_add_2,18,0.0,0.0,1.0
arith,mul_2_sub_1->mul_3_add_2,mul_2_sub_1,mul_3_add_2,19,0.0,0.0,1.0
arith,mul_2_sub_1->mul_3_add_2,mul_2_sub_1,mul_3_add_2,20,0.0,0.0,1.0
arith,mul_2_sub_1->mul_3_add_2,mul_2_sub_1,mul_3_add_2,21,0.0,0.0,1.0
arith,mul_2_sub_1->mul_3_add_2,mul_2_sub_1,mul_3_add_2,22,0.0,0.0,1.0
arith,mul_2_sub_1->mul_3_add_2,mul_2_sub_1,mul_3_add_2,23,0.0,0.0,1.0
arith,mul_2_sub_1->mul_3_add_2,mul_2_sub_1,mul_3_add_2,24,0.0,0.0,1.0
arith,mul_2_sub_1->mul_3_add_2,mul_2_sub_1,mul_3_add_2,25,0.0,0.0,1.0
arith,mul_2_sub_1->mul_3_add_2,mul_2_sub_1,mul_3_add_2,26,0.0,0.0,1.0
arith,mul_2_sub_1->mul_3_add_2,mul_2_sub_1,mul_3_add_2,27,0.0,0.0,1.0
